region,ds,yhat,yhat_lower,yhat_upper
Region Metropolitana alta,2018-06-25,0.0,0.0,0.0
Region Metropolitana alta,2018-07-02,6.0,6.0,6.0
Region Metropolitana alta,2018-07-09,37.0,37.0,37.0
Region Metropolitana alta,2018-07-16,35.0,35.0,35.0
Region Metropolitana alta,2018-07-23,46.0,46.0,46.0
Region Metropolitana alta,2018-07-30,35.0,35.0,35.0
Region Metropolitana alta,2018-08-06,77.0,77.0,77.0
Region Metropolitana alta,2018-08-13,88.0,88.0,88.0
Region Metropolitana alta,2018-08-20,96.0,96.0,96.0
Region Metropolitana alta,2018-08-27,152.0,152.0,152.0
Region Metropolitana alta,2018-09-03,148.0,148.0,148.0
Region Metropolitana alta,2018-09-10,112.0,112.0,112.0
Region Metropolitana alta,2018-09-17,256.0,256.0,256.0
Region Metropolitana alta,2018-09-24,164.0,164.0,164.0
Region Metropolitana alta,2018-10-01,175.0,175.0,175.0
Region Metropolitana alta,2018-10-08,173.0,173.0,173.0
Region Metropolitana alta,2018-10-15,384.0,384.0,384.0
Region Metropolitana alta,2018-10-22,167.0,167.0,167.0
Region Metropolitana alta,2018-10-29,341.0,341.0,341.0
Region Metropolitana alta,2018-11-05,96.0,96.0,96.0
Region Metropolitana alta,2018-11-12,318.0,318.0,318.0
Region Metropolitana alta,2018-11-26,358.0,358.0,358.0
Region Metropolitana alta,2018-12-03,115.0,115.0,115.0
Region Metropolitana alta,2018-12-10,54.0,54.0,54.0
Region Metropolitana alta,2019-01-07,0.0,0.0,0.0
Region Metropolitana alta,2019-01-14,11.0,11.0,11.0
Region Metropolitana alta,2019-01-21,26.0,26.0,26.0
Region Metropolitana alta,2019-01-28,13.0,13.0,13.0
Region Metropolitana alta,2019-02-04,7.0,7.0,7.0
Region Metropolitana alta,2019-02-18,30.0,30.0,30.0
Region Metropolitana alta,2019-02-25,10.0,10.0,10.0
Region Metropolitana alta,2019-03-04,12.0,12.0,12.0
Region Metropolitana alta,2019-03-11,11.0,11.0,11.0
Region Metropolitana alta,2019-03-18,10.0,10.0,10.0
Region Metropolitana alta,2019-03-25,8.0,8.0,8.0
Region Metropolitana alta,2019-04-01,12.0,12.0,12.0
Region Metropolitana alta,2019-04-08,5.0,5.0,5.0
Region Metropolitana alta,2019-04-15,13.0,13.0,13.0
Region Metropolitana alta,2019-04-22,11.0,11.0,11.0
Region Metropolitana alta,2019-04-29,3.0,3.0,3.0
Region Metropolitana alta,2019-05-06,19.0,19.0,19.0
Region Metropolitana alta,2019-05-13,14.0,14.0,14.0
Region Metropolitana alta,2019-05-20,9.0,9.0,9.0
Region Metropolitana alta,2019-05-27,24.0,24.0,24.0
Region Metropolitana alta,2019-06-03,28.0,28.0,28.0
Region Metropolitana alta,2019-06-10,39.0,39.0,39.0
Region Metropolitana alta,2019-06-17,43.0,43.0,43.0
Region Metropolitana alta,2019-06-24,72.0,72.0,72.0
Region Metropolitana alta,2019-07-01,80.0,80.0,80.0
Region Metropolitana alta,2019-07-08,86.0,86.0,86.0
Region Metropolitana alta,2019-07-15,143.0,143.0,143.0
Region Metropolitana alta,2019-07-22,99.0,99.0,99.0
Region Metropolitana alta,2019-07-29,127.97830200195312,116.68302917480469,139.4534454345703
Region Metropolitana alta,2019-08-05,304.7843322753906,263.8575744628906,345.59735107421875
Region Metropolitana alta,2019-08-19,424.6004943847656,367.4179992675781,477.3757629394531
Region Metropolitana alta,2019-08-26,499.79815673828125,334.802734375,657.6891479492188
Region Metropolitana alta,2019-09-02,511.0364685058594,151.6096649169922,816.2288208007812
Region Metropolitana alta,2019-09-09,542.1170654296875,146.69119262695312,945.1449584960938
Region Metropolitana alta,2019-09-16,550.0711059570312,309.49432373046875,804.2039184570312
Region Metropolitana alta,2019-09-23,509.6112365722656,405.35418701171875,632.6840209960938
Region Metropolitana alta,2019-09-30,505.323486328125,418.6651306152344,606.1969604492188
Region Metropolitana alta,2019-10-07,502.0066833496094,418.4262390136719,607.2805786132812
Region Metropolitana alta,2019-10-14,509.7435302734375,388.785888671875,636.3849487304688
Region Metropolitana alta,2019-10-21,500.9830017089844,409.80865478515625,602.408935546875
Region Metropolitana alta,2019-10-28,489.350830078125,383.8219299316406,584.6262817382812
Region Metropolitana alta,2019-11-04,482.610595703125,365.2812805175781,593.3115844726562
Region Metropolitana alta,2019-11-11,493.4222412109375,302.37225341796875,678.7573852539062
Region Metropolitana alta,2019-11-18,464.9434814453125,371.2224426269531,588.3331298828125
Region Metropolitana alta,2019-11-25,424.02093505859375,331.2394714355469,508.4634094238281
Region Metropolitana alta,2019-12-02,377.7438049316406,294.3526916503906,477.486572265625
Region Metropolitana alta,2019-12-09,323.4416809082031,213.9902801513672,428.6173095703125
Region Metropolitana alta,2019-12-16,238.42727661132812,142.0113067626953,327.5871276855469
Region Metropolitana alta,2020-01-13,97.92733001708984,57.55654525756836,155.6815948486328
Region Metropolitana alta,2020-01-20,45.81909942626953,38.01606369018555,57.36323928833008
Region Metropolitana alta,2020-01-27,31.41539192199707,24.136760711669922,37.56945037841797
Region Metropolitana alta,2020-02-03,14.741012573242188,7.771544933319092,21.825654983520508
Region Metropolitana alta,2020-02-10,7.927929401397705,1.9533194303512573,15.610372543334961
Region Metropolitana alta,2020-02-17,16.593904495239258,9.631982803344727,24.012624740600586
Region Metropolitana alta,2020-02-24,12.409562110900879,7.938083648681641,18.253175735473633
Region Metropolitana alta,2020-03-02,11.241506576538086,8.564148902893066,14.456027030944824
Region Metropolitana alta,2020-03-09,12.08405876159668,8.984622955322266,14.851887702941895
Region Metropolitana alta,2020-03-16,7.492366790771484,6.181712627410889,9.08202075958252
Region Metropolitana alta,2020-03-23,11.097748756408691,8.170878410339355,13.61877155303955
Region Metropolitana alta,2020-03-30,7.631669998168945,6.562211990356445,8.78756046295166
Region Metropolitana alta,2020-04-06,8.423331260681152,7.08150577545166,9.733878135681152
Region Metropolitana alta,2020-04-13,6.486428737640381,5.169225215911865,7.7458906173706055
Region Metropolitana alta,2020-04-20,12.923521041870117,9.009077072143555,17.419397354125977
Region Metropolitana alta,2020-04-27,11.120784759521484,9.661445617675781,12.67136001586914
Region Metropolitana alta,2020-05-04,9.758602142333984,7.188111782073975,12.309075355529785
Region Metropolitana alta,2020-05-11,22.9912166595459,18.074003219604492,26.69673728942871
Region Metropolitana alta,2020-05-18,37.24944305419922,33.48820114135742,41.404441833496094
Region Metropolitana alta,2020-05-25,29.364892959594727,25.21426010131836,33.146331787109375
Region Metropolitana alta,2020-06-01,42.896820068359375,35.47483825683594,50.57762145996094
Region Metropolitana alta,2020-06-08,56.31300354003906,44.08784103393555,70.08639526367188
Region Metropolitana alta,2020-06-15,101.72527313232422,91.1268081665039,113.6441421508789
Region Metropolitana alta,2020-06-22,77.41459655761719,67.54342651367188,87.9763412475586
Region Metropolitana alta,2020-06-29,130.7545166015625,116.89537048339844,144.76246643066406
Region Metropolitana alta,2020-07-06,104.8260726928711,90.63793182373047,123.49359893798828
Region Metropolitana alta,2020-07-13,96.54918670654297,82.330322265625,112.86328887939453
Region Metropolitana alta,2020-07-20,91.4073486328125,79.44236755371094,105.56474304199219
Region Metropolitana alta,2020-07-27,115.33045959472656,100.739013671875,130.5655975341797
Region Metropolitana alta,2020-08-03,152.28443908691406,131.94580078125,176.08482360839844
Region Metropolitana alta,2020-08-10,96.56974792480469,61.194915771484375,129.93710327148438
Region Metropolitana alta,2020-08-24,119.98858642578125,59.78564453125,172.00558471679688
Region Metropolitana alta,2020-09-21,668.8125,641.1405029296875,696.6475830078125
Region Metropolitana alta,2020-10-26,907.1946411132812,871.8334350585938,943.2039794921875
Region Metropolitana alta,2020-11-02,1110.4764404296875,1059.6514892578125,1165.703369140625
Region Metropolitana alta,2020-11-09,1236.242919921875,1014.9951782226562,1446.0616455078125
Region Metropolitana alta,2020-11-16,1238.4061279296875,662.0877685546875,1855.5845947265625
Region Metropolitana alta,2020-11-23,1203.87109375,238.8739471435547,2448.227294921875
Region Metropolitana alta,2020-11-30,1190.091064453125,0.0,2751.71875
Region Metropolitana alta,2020-12-07,918.09814453125,0.0,2522.60205078125
Region Metropolitana alta,2020-12-14,466.2792663574219,0.0,1224.119140625
Region Metropolitana alta,2020-12-21,211.95663452148438,40.487449645996094,467.8386535644531
Region Metropolitana alta,2021-01-04,137.82376098632812,49.432621002197266,256.37158203125
Region Metropolitana alta,2021-01-11,109.68296813964844,55.848941802978516,196.86058044433594
Region Metropolitana alta,2021-01-18,91.70854949951172,32.08353805541992,167.70091247558594
Region Metropolitana alta,2021-01-25,77.1973876953125,30.244407653808594,146.92083740234375
Region Metropolitana alta,2021-02-01,42.680965423583984,14.592619895935059,74.28717803955078
Region Metropolitana alta,2021-02-08,32.31523895263672,12.246600151062012,66.00166320800781
Region Metropolitana alta,2021-02-15,24.87125587463379,7.382544994354248,53.2727165222168
Region Metropolitana alta,2021-02-22,12.756333351135254,3.441070079803467,29.21746253967285
Region Metropolitana alta,2021-03-01,5.933618068695068,3.3554141521453857,11.045390129089355
Region Metropolitana alta,2021-03-08,4.918085098266602,3.1167376041412354,8.050357818603516
Region Metropolitana alta,2021-03-15,3.712327480316162,2.12450909614563,6.571806907653809
Region Metropolitana alta,2021-03-22,2.9527039527893066,1.2716795206069946,5.123178958892822
Region Metropolitana alta,2021-03-29,2.9589269161224365,1.4396846294403076,4.9173102378845215
Region Metropolitana alta,2021-04-05,2.484431266784668,0.7907094359397888,5.0410990715026855
Region Metropolitana alta,2021-04-12,2.050100326538086,1.1889594793319702,3.2459378242492676
Region Metropolitana alta,2021-04-19,2.2514774799346924,0.8542277216911316,5.393459320068359
Region Metropolitana alta,2021-04-26,1.0580073595046997,0.41064855456352234,1.6003718376159668
Region Metropolitana alta,2021-05-03,0.9391162395477295,0.16337239742279053,1.582798957824707
Region Metropolitana alta,2021-05-10,2.5306341648101807,1.382299542427063,3.7611305713653564
Region Metropolitana alta,2021-05-17,1.9334654808044434,0.8101247549057007,3.8887882232666016
Region Metropolitana alta,2021-05-24,1.6642335653305054,0.877991259098053,2.6680991649627686
Region Metropolitana alta,2021-05-31,1.337864875793457,0.132860004901886,3.0743823051452637
Region Metropolitana alta,2021-06-07,2.869739294052124,1.8395074605941772,4.148731708526611
Region Metropolitana alta,2021-06-14,4.210133075714111,2.4964098930358887,6.3974432945251465
Region Metropolitana alta,2021-06-21,4.150096416473389,2.1375699043273926,6.127367973327637
Region Metropolitana alta,2021-06-28,7.423504829406738,5.450461387634277,9.880332946777344
Region Metropolitana alta,2021-07-05,3.6309213638305664,1.3972185850143433,6.340507984161377
Region Metropolitana alta,2021-07-12,23.155893325805664,14.676437377929688,33.4438591003418
Region Metropolitana alta,2021-07-19,8.706254005432129,5.076755046844482,12.251947402954102
Region Metropolitana alta,2021-07-26,9.726201057434082,7.176958084106445,11.398744583129883
Region Metropolitana alta,2021-08-02,14.35561466217041,10.80075454711914,18.36750030517578
Region Metropolitana alta,2021-08-09,18.439617156982422,13.508939743041992,23.725860595703125
Region Metropolitana alta,2021-08-16,8.600162506103516,6.25930118560791,10.339005470275879
Region Metropolitana alta,2021-08-23,5.208242416381836,3.256831645965576,6.045074462890625
Region Metropolitana alta,2021-08-30,10.775578498840332,8.697354316711426,12.316296577453613
Region Metropolitana alta,2021-09-06,8.553119659423828,6.924956798553467,9.758718490600586
Region Metropolitana alta,2021-09-13,11.668082237243652,9.724690437316895,14.313883781433105
Region Metropolitana alta,2021-09-20,11.317837715148926,6.940698623657227,13.571917533874512
Region Metropolitana alta,2021-09-27,14.898301124572754,12.227070808410645,16.801610946655273
Region Metropolitana alta,2021-10-04,7.176502704620361,5.5658392906188965,9.315282821655273
Region Metropolitana alta,2021-10-11,23.11365509033203,19.00550651550293,28.13308334350586
Region Metropolitana alta,2021-10-18,23.09491729736328,17.072118759155273,27.26947784423828
Region Metropolitana alta,2021-10-25,10.262714385986328,8.62883472442627,12.000762939453125
Region Metropolitana alta,2021-11-01,35.36729431152344,31.905729293823242,38.54584884643555
Region Metropolitana alta,2021-11-08,7.987180233001709,6.528869152069092,9.270833969116211
Region Metropolitana alta,2021-11-15,10.181241989135742,8.645174980163574,11.781279563903809
Region Metropolitana alta,2021-11-22,17.01158332824707,14.864213943481445,19.56329345703125
Region Metropolitana alta,2021-11-29,3.3310697078704834,1.7973690032958984,4.718989849090576
Region Metropolitana alta,2021-12-06,0.22225728631019592,0.0,0.9719984531402588
Region Metropolitana alta,2021-12-13,0.3094581067562103,0.0,0.9706968069076538
Region Metropolitana alta,2021-12-20,10.238025665283203,8.996542930603027,11.403940200805664
Region Metropolitana alta,2021-12-27,4.254033088684082,3.450566053390503,5.150897979736328
Region Metropolitana alta,2022-01-03,1.2299708127975464,0.4660479724407196,1.939803957939148
Region Metropolitana alta,2022-01-10,0.373322069644928,0.0,0.9522444009780884
Region Metropolitana alta,2022-01-17,0.3490242063999176,0.0,0.9054670333862305
Region Metropolitana alta,2022-01-24,0.3471066355705261,0.0,0.9237332940101624
Region Metropolitana alta,2022-01-31,0.266779363155365,0.0,0.7762797474861145
Region Metropolitana alta,2022-02-07,0.3078838288784027,0.0,0.8575004935264587
Region Metropolitana alta,2022-02-14,0.31592100858688354,0.0,0.9412900805473328
Region Metropolitana alta,2022-02-21,0.34426987171173096,0.0,0.8664491176605225
Region Metropolitana alta,2022-02-28,0.3234431743621826,0.0,0.8285682201385498
Region Metropolitana alta,2022-03-07,1.1876747608184814,0.5989571809768677,1.7659393548965454
Region Metropolitana alta,2022-03-14,0.3375595211982727,0.0,0.9089716672897339
Region Metropolitana alta,2022-03-21,0.3479413688182831,0.0,1.0427887439727783
Region Metropolitana alta,2022-03-28,13.61788272857666,11.683148384094238,15.394966125488281
Region Metropolitana alta,2022-04-04,0.37937477231025696,0.0,1.4514566659927368
Region Metropolitana alta,2022-04-11,0.5095424056053162,0.0,1.6757248640060425
Region Metropolitana alta,2022-04-18,13.804086685180664,11.80540657043457,15.638007164001465
Region Metropolitana alta,2022-04-25,21.50233268737793,18.937223434448242,24.299320220947266
Region Metropolitana alta,2022-05-02,18.97267723083496,16.233612060546875,21.669004440307617
Region Metropolitana alta,2022-05-09,0.9340670108795166,0.0,3.2137365341186523
Region Metropolitana alta,2022-05-16,49.08160400390625,41.90643310546875,56.35974884033203
Region Metropolitana alta,2022-05-23,71.38581848144531,63.82007598876953,78.86019897460938
Region Metropolitana alta,2022-05-30,57.64823913574219,52.57180404663086,63.26881408691406
Region Metropolitana alta,2022-06-06,103.89512634277344,89.78719329833984,117.3814468383789
Region Metropolitana alta,2022-06-13,159.81936645507812,109.7742691040039,205.50448608398438
Region Metropolitana alta,2022-06-20,43.42029571533203,0.0,105.33181762695312
Region Metropolitana alta,2022-06-27,74.46882629394531,43.72677993774414,110.52745819091797
Region Metropolitana alta,2022-07-04,117.37635803222656,80.6898422241211,154.6168670654297
Region Metropolitana alta,2022-07-11,55.757598876953125,0.0,118.04139709472656
Region Metropolitana alta,2022-07-18,67.08031463623047,44.5571403503418,91.25969696044922
Region Metropolitana alta,2022-07-25,33.26227569580078,18.14065933227539,51.07946014404297
Region Metropolitana alta,2022-08-01,5.79742431640625,0.6272624731063843,11.8837308883667
Region Metropolitana alta,2022-08-08,18.717121124267578,13.806417465209961,23.798982620239258
Region Metropolitana alta,2022-08-15,5.943630695343018,0.0,16.90837860107422
Region Metropolitana alta,2022-08-22,137.70260620117188,49.722076416015625,209.81422424316406
Region Metropolitana alta,2022-08-29,130.47186279296875,64.66597747802734,200.0160369873047
Region Metropolitana alta,2022-09-05,22.18029022216797,0.0,43.73548889160156
Region Metropolitana alta,2022-09-12,60.1718635559082,38.26578140258789,84.37248229980469
Region Metropolitana alta,2022-09-19,42.05476379394531,25.79939842224121,61.17672348022461
Region Metropolitana alta,2022-09-26,108.15400695800781,59.888710021972656,169.52383422851562
Region Metropolitana alta,2022-10-03,24.62738037109375,0.0,61.53835678100586
Region Metropolitana alta,2022-10-10,113.013427734375,78.46044158935547,157.04920959472656
Region Metropolitana alta,2022-10-17,10.560089111328125,5.769169330596924,17.415008544921875
Region Metropolitana alta,2022-10-24,10.882427215576172,10.086210250854492,11.68801212310791
Region Metropolitana alta,2022-10-31,18.46781349182129,16.953142166137695,20.23949432373047
Region Metropolitana alta,2022-11-07,10.779674530029297,9.588776588439941,11.987083435058594
Region Metropolitana alta,2022-11-14,9.527972221374512,8.239082336425781,10.8373384475708
Region Metropolitana alta,2022-11-21,6.251611232757568,5.5438923835754395,6.949145793914795
Region Metropolitana alta,2022-11-28,0.2901633083820343,0.0,0.7591590881347656
Region Metropolitana alta,2022-12-05,0.09273431450128555,0.0,0.41492027044296265
Region Metropolitana alta,2022-12-12,0.22999949753284454,0.0,0.7717120051383972
Region Metropolitana alta,2022-12-19,4.2998785972595215,3.4997317790985107,5.114119052886963
Region Metropolitana alta,2022-12-26,2.7680792808532715,2.198028326034546,3.3435556888580322
Region Metropolitana alta,2023-01-02,1.1917921304702759,0.6362807750701904,1.7487338781356812
Region Metropolitana alta,2023-01-09,2.907177209854126,2.4848592281341553,3.327697277069092
Region Metropolitana alta,2023-01-16,1.008637547492981,0.712464451789856,1.3219358921051025
Region Metropolitana alta,2023-01-23,0.1870449036359787,0.0,0.4309881925582886
Region Metropolitana alta,2023-01-30,1.0976442098617554,0.8728157877922058,1.3320560455322266
Region Metropolitana alta,2023-02-06,1.1389191150665283,0.9083834290504456,1.3894801139831543
Region Metropolitana alta,2023-02-13,2.014439344406128,1.687741756439209,2.3065569400787354
Region Metropolitana alta,2023-02-20,1.0166234970092773,0.7512842416763306,1.3053152561187744
Region Metropolitana alta,2023-02-27,2.0616257190704346,1.7261520624160767,2.4384090900421143
Region Metropolitana alta,2023-03-06,0.12098377197980881,0.0,0.3379836976528168
Region Metropolitana alta,2023-03-13,0.0798463448882103,0.0,0.2610718607902527
Region Metropolitana alta,2023-03-20,1.0928095579147339,0.8604574799537659,1.3699058294296265
Region Metropolitana alta,2023-03-27,0.08255530893802643,0.0,0.2548806965351105
Region Metropolitana alta,2023-04-03,0.08780664205551147,0.0,0.22880232334136963
Region Metropolitana alta,2023-04-10,0.11440308392047882,0.0,0.25878840684890747
Region Metropolitana alta,2023-04-17,0.08089347183704376,0.0,0.22108712792396545
Region Metropolitana alta,2023-04-24,0.10287968069314957,0.0,0.26560312509536743
Region Metropolitana alta,2023-05-01,1.0522783994674683,0.8200147151947021,1.2450670003890991
Region Metropolitana alta,2023-05-08,0.060266632586717606,0.0,0.2023840993642807
Region Metropolitana alta,2023-05-15,0.07211662828922272,0.0,0.2369834929704666
Region Metropolitana alta,2023-05-22,3.040411949157715,2.523233652114868,3.5313467979431152
Region Metropolitana alta,2023-05-29,0.11776705831289291,0.0,0.37666770815849304
Region Metropolitana alta,2023-06-05,4.908494472503662,4.274679183959961,5.353211879730225
Region Metropolitana alta,2023-06-12,1.1983891725540161,0.7206761837005615,1.6242672204971313
Region Metropolitana alta,2023-06-19,2.0335800647735596,1.5407376289367676,2.603278160095215
Region Metropolitana alta,2023-06-26,6.952225685119629,5.764975547790527,8.094110488891602
Region Metropolitana alta,2023-07-03,10.637636184692383,9.499991416931152,11.943321228027344
Region Metropolitana alta,2023-07-10,5.18032693862915,4.412473678588867,5.938823699951172
Region Metropolitana alta,2023-07-17,6.024771213531494,5.369422435760498,6.640130043029785
Region Metropolitana alta,2023-07-24,10.032218933105469,8.877307891845703,11.215753555297852
Region Metropolitana alta,2023-07-31,18.003860473632812,16.237897872924805,19.60078239440918
Region Metropolitana alta,2023-08-07,13.966733932495117,12.646958351135254,15.153364181518555
Region Metropolitana alta,2023-08-14,12.563490867614746,11.230072975158691,13.781245231628418
Region Metropolitana alta,2023-08-21,21.85151481628418,19.6478328704834,24.549312591552734
Region Metropolitana alta,2023-08-28,14.710592269897461,12.752237319946289,16.60525894165039
Region Metropolitana alta,2023-09-04,26.633743286132812,22.88814926147461,29.697452545166016
Region Metropolitana alta,2023-09-11,53.16749954223633,46.450828552246094,59.79762649536133
Region Metropolitana alta,2023-09-18,59.761573791503906,52.957069396972656,65.92613220214844
Region Metropolitana alta,2023-09-25,63.12554931640625,55.581520080566406,69.41427612304688
Region Metropolitana alta,2023-10-02,77.31584167480469,67.53346252441406,86.81979370117188
Region Metropolitana alta,2023-10-09,99.3534164428711,88.77108764648438,108.8655014038086
Region Metropolitana alta,2023-10-16,84.60440063476562,75.34471893310547,93.1485595703125
Region Metropolitana alta,2023-10-23,81.23834228515625,78.58016967773438,84.02279663085938
Region Metropolitana alta,2023-10-30,77.2983169555664,74.68316650390625,80.27131652832031
Region Metropolitana alta,2023-11-06,73.943603515625,59.393310546875,88.26313781738281
Region Metropolitana alta,2023-11-13,74.23199462890625,50.2243766784668,99.88092803955078
Region Metropolitana alta,2023-11-20,71.56533813476562,64.79083251953125,77.13481140136719
Region Metropolitana alta,2023-11-27,58.38536071777344,49.9931755065918,66.6681137084961
Region Metropolitana alta,2023-12-04,30.569625854492188,23.73764991760254,41.8269157409668
Region Metropolitana alta,2023-12-11,22.64069938659668,20.558008193969727,25.820232391357422
Region Metropolitana alta,2023-12-18,22.06018829345703,18.846040725708008,26.31707763671875
Region Metropolitana alta,2023-12-25,21.98516082763672,19.607627868652344,23.761837005615234
Region Metropolitana alta,2024-01-01,7.922266483306885,7.119508743286133,8.7241849899292
Region Metropolitana alta,2024-01-08,15.182671546936035,14.212719917297363,16.0282039642334
Region Metropolitana alta,2024-01-15,15.18730354309082,14.41898250579834,16.026016235351562
Region Metropolitana alta,2024-01-22,15.62722396850586,14.152819633483887,17.440338134765625
Region Metropolitana alta,2024-01-29,9.641046524047852,7.924419403076172,11.959447860717773
Region Metropolitana alta,2024-02-05,12.53429889678955,11.748702049255371,13.28075885772705
Region Metropolitana alta,2024-02-12,6.929708957672119,5.819655418395996,8.073610305786133
Region Metropolitana alta,2024-02-19,8.053967475891113,6.857390403747559,9.550954818725586
Region Metropolitana alta,2024-02-26,17.762493133544922,16.12059783935547,19.7761173248291
Region Metropolitana alta,2024-03-04,9.84634780883789,8.739121437072754,11.153284072875977
Region Metropolitana alta,2024-03-11,3.456939935684204,2.8116559982299805,4.272219181060791
Region Metropolitana alta,2024-03-18,10.370933532714844,8.539397239685059,12.623881340026855
Region Metropolitana alta,2024-03-25,25.175931930541992,22.525955200195312,27.852495193481445
Region Metropolitana alta,2024-04-01,20.197246551513672,18.631893157958984,21.920610427856445
Region Metropolitana alta,2024-04-08,19.386571884155273,18.147714614868164,20.718114852905273
Region Metropolitana alta,2024-04-15,21.639081954956055,20.164772033691406,22.877613067626953
Region Metropolitana alta,2024-04-22,26.38653564453125,24.666030883789062,28.279077529907227
Region Metropolitana alta,2024-04-29,33.01819610595703,28.366357803344727,37.2429084777832
Region Metropolitana alta,2024-05-06,37.10580062866211,12.642435073852539,62.23844909667969
Region Metropolitana alta,2024-05-13,47.47623062133789,28.35393714904785,66.28282165527344
Region Metropolitana alta,2024-05-20,64.23309326171875,45.594913482666016,80.4293212890625
Region Metropolitana alta,2024-05-27,91.49909210205078,62.09259033203125,123.45851135253906
Region Metropolitana alta,2024-06-03,126.42237091064453,0.0,257.60089111328125
Region Metropolitana alta,2024-06-10,130.8862762451172,0.0,331.5144958496094
Region Metropolitana alta,2024-06-17,142.30230712890625,0.0,389.1377868652344
Region Metropolitana alta,2024-06-24,138.9238739013672,0.0,441.3844909667969
Region Metropolitana alta,2024-07-01,174.11965942382812,0.0,573.5934448242188
Region Metropolitana alta,2024-07-15,138.65219116210938,0.0,579.7218017578125
Region Metropolitana alta,2024-07-22,117.50894165039062,0.0,453.4761962890625
Region Metropolitana alta,2024-07-29,96.7679214477539,0.0,428.65863037109375
Region Metropolitana alta,2024-08-05,76.72054290771484,0.0,390.6972351074219
Region Metropolitana alta,2024-08-12,60.82720184326172,0.0,267.53228759765625
Region Metropolitana alta,2024-08-19,71.62495422363281,0.0,315.9837951660156
Region Metropolitana alta,2024-08-26,47.55490493774414,0.0,222.92930603027344
Region Metropolitana alta,2024-09-02,39.97489929199219,0.0,181.24769592285156
Region Metropolitana alta,2024-09-09,30.801982879638672,0.0,146.95416259765625
Region Metropolitana alta,2024-09-16,32.5608024597168,0.0,135.72474670410156
Region Metropolitana alta,2024-09-23,29.057392120361328,0.45265546441078186,115.98419952392578
Region Metropolitana alta,2024-09-30,25.711997985839844,0.7821924090385437,106.5154037475586
Region Metropolitana alta,2024-10-07,26.27745246887207,0.8293395042419434,96.85881042480469
Region Metropolitana alta,2024-10-14,28.334970474243164,1.1866260766983032,119.21485137939453
Region Metropolitana alta,2024-10-21,29.76609230041504,1.7117072343826294,130.96804809570312
Region Metropolitana alta,2024-10-28,1677.2867431640625,1322.9683837890625,2003.2454833984375
Region Metropolitana alta,2024-11-04,1614.727783203125,1150.180419921875,2120.74267578125
Region Metropolitana alta,2024-11-11,1498.1331787109375,1115.4144287109375,1888.8455810546875
Region Metropolitana alta,2024-11-18,1236.261474609375,1026.8741455078125,1449.8944091796875
Region Metropolitana alta,2024-11-25,1135.0517578125,939.5557861328125,1327.512451171875
Region Metropolitana alta,2024-12-02,657.4013061523438,562.1282958984375,772.566162109375
Region Metropolitana alta,2024-12-09,420.93524169921875,312.9550476074219,537.8570556640625
Region Metropolitana alta,2024-12-16,292.9706115722656,212.5963592529297,393.8416442871094
Region Metropolitana alta,2024-12-23,276.17681884765625,79.11620330810547,488.94622802734375
Region Metropolitana alta,2024-12-30,83.93492126464844,22.639965057373047,148.19436645507812
Region Metropolitana alta,2025-01-06,117.73992919921875,91.30975341796875,146.89451599121094
Region Metropolitana alta,2025-01-13,71.88069915771484,57.76203155517578,87.57186889648438
Region Metropolitana alta,2025-01-20,60.850685119628906,50.77460861206055,71.05751037597656
Region Metropolitana alta,2025-01-27,44.14149856567383,33.81084442138672,53.5283088684082
Region Metropolitana alta,2025-02-03,51.65950393676758,43.29159927368164,60.194705963134766
Region Metropolitana alta,2025-02-10,42.18156051635742,37.087406158447266,47.76457977294922
Region Metropolitana alta,2025-02-17,31.9520206451416,22.635494232177734,42.31214904785156
Region Metropolitana alta,2025-02-24,20.112226486206055,17.256898880004883,23.645421981811523
Region Metropolitana alta,2025-03-03,20.77851104736328,19.089885711669922,22.662275314331055
Region Metropolitana alta,2025-03-10,17.351633071899414,14.550932884216309,19.770008087158203
Region Metropolitana alta,2025-03-17,28.696224212646484,23.34335708618164,34.510841369628906
Region Metropolitana alta,2025-03-24,30.49789047241211,25.345632553100586,34.79637908935547
Region Metropolitana alta,2025-03-31,28.46214485168457,25.187515258789062,31.440542221069336
Region Metropolitana alta,2025-04-07,22.949960708618164,19.49069595336914,25.82897186279297
Region Metropolitana alta,2025-04-21,30.924945831298828,26.050689697265625,36.23105239868164
Region Metropolitana alta,2025-04-28,38.73535919189453,33.19011688232422,44.92290496826172
Region Metropolitana alta,2025-05-05,33.19826126098633,29.1461124420166,36.90024185180664
Region Metropolitana alta,2025-05-12,37.203269958496094,32.518089294433594,42.05210494995117
Region Metropolitana alta,2025-05-19,42.67332458496094,36.805789947509766,49.3434944152832
Region Metropolitana alta,2025-05-26,64.03315734863281,57.60213851928711,70.38046264648438
Region Metropolitana alta,2025-06-02,41.70921325683594,38.181724548339844,45.415748596191406
Region Metropolitana alta,2025-06-09,63.01613998413086,57.76185607910156,67.8957748413086
Region Metropolitana alta,2025-06-16,52.29719161987305,47.71940994262695,57.531856536865234
Region Metropolitana alta,2025-06-23,39.38936996459961,35.35337829589844,43.6500244140625
Region Metropolitana alta,2025-06-30,26.403629302978516,22.807157516479492,29.84957504272461
Region Metropolitana alta,2025-07-07,36.64277267456055,32.57563781738281,40.903263092041016
Region Metropolitana alta,2025-07-14,30.050758361816406,26.18313980102539,34.728702545166016
Region Metropolitana alta,2025-07-21,57.93198013305664,52.164058685302734,63.11262893676758
Region Metropolitana alta,2025-07-28,54.62593460083008,49.60675811767578,60.0799446105957
Region Metropolitana alta,2025-08-04,72.11160278320312,64.77452850341797,80.84886169433594
Region Metropolitana alta,2025-08-11,37.55076217651367,33.05889892578125,42.2745246887207
Region Metropolitana alta,2025-08-18,62.76726531982422,57.27513122558594,68.93218231201172
Region Metropolitana alta,2025-08-25,83.07833862304688,77.3780288696289,88.58197021484375
Region Metropolitana alta,2025-09-01,69.5921630859375,65.74604797363281,74.08041381835938
Region Metropolitana alta,2025-09-08,55.741546630859375,51.90864944458008,59.594966888427734
Region Metropolitana alta,2025-09-15,51.08301544189453,46.97539138793945,54.716453552246094
Region Metropolitana alta,2025-09-22,87.85954284667969,79.22265625,95.78935241699219
Region Metropolitana alta,2025-09-29,108.10585021972656,100.15138244628906,116.25176239013672
Region Metropolitana alta,2025-10-06,95.5399169921875,88.40621185302734,102.51300811767578
Region Metropolitana alta,2025-10-13,95.85317993164062,89.47025299072266,102.16934204101562
Region Metropolitana alta,2025-10-20,91.99076843261719,83.8260269165039,101.22470092773438
Region Metropolitana alta,2025-10-27,85.01931762695312,76.69608306884766,93.08081817626953
Region Metropolitana alta,2025-11-03,85.2200927734375,78.8546371459961,91.02493286132812
Region Metropolitana alta,2025-11-10,54.75795364379883,49.75159454345703,59.79801940917969
Region Metropolitana alta,2025-11-17,45.815216064453125,40.38568878173828,51.01005172729492
Region Metropolitana alta,2025-11-24,29.937442779541016,25.77503204345703,33.99966812133789
Region Metropolitana alta,2025-12-01,24.944961547851562,21.35613441467285,28.776735305786133
Region Metropolitana alta,2025-12-08,14.690606117248535,12.256839752197266,17.5585880279541
Region Metropolitana alta,2025-12-15,9.588903427124023,6.655211448669434,12.400071144104004
Region Metropolitana alta,2025-12-22,2.139237403869629,0.0,4.626054286956787
Region Metropolitana alta,2025-12-29,6.124636650085449,4.3431901931762695,7.9953508377075195
Region Metropolitana alta,2026-01-05,2.563802719116211,0.8537270426750183,4.121702671051025
Region Metropolitana alta,2026-01-12,2.1724815368652344,0.8008732199668884,3.561189651489258
Region Metropolitana alta,2026-01-19,2.102106809616089,0.7613495588302612,3.525269031524658
Region Metropolitana alta,2026-01-26,1.802977204322815,0.5275013446807861,3.0645084381103516
Region Metropolitana alta,2026-02-02,1.9351178407669067,0.5525881052017212,3.2337934970855713
Region Metropolitana alta,2026-02-09,1.3669993877410889,0.0,2.7501823902130127
Region Metropolitana alta,2026-02-16,1.9356467723846436,0.738345205783844,3.4051222801208496
Region Metropolitana alta,2026-02-23,2.24090313911438,1.0859721899032593,3.6204423904418945
Region Metropolitana alta,2026-03-02,1.222499966621399,0.1190127283334732,2.2537291049957275
Region Metropolitana alta,2026-03-09,0.6893719434738159,0.0,1.8607615232467651
Region Metropolitana alta,2026-03-16,0.9074010252952576,0.0,2.2634685039520264
Region Metropolitana alta,2026-03-23,2.43756103515625,0.7098695039749146,4.133556365966797
Region Metropolitana alta,2026-03-30,3.4751806259155273,1.8353933095932007,5.080987930297852
Region Metropolitana alta,2026-04-06,4.259324073791504,2.4856603145599365,6.070054531097412
Region Metropolitana alta,2026-04-13,4.018745422363281,1.9770854711532593,6.48198127746582
Region Metropolitana alta,2026-04-20,5.175119876861572,2.81439471244812,7.500429153442383
Region Metropolitana alta,2026-04-27,7.885241985321045,5.182115077972412,10.153996467590332
Region Metropolitana alta,2026-05-04,7.248038291931152,4.47663688659668,10.045236587524414
Region Metropolitana alta,2026-05-11,0.8600449876769563,0.0,3.3164127718894276
Region Metropolitana alta,2026-05-18,22.133018223226255,17.902955698541923,26.850834834786504
Region Metropolitana alta,2026-05-25,48.85000347234383,43.64704277997315,54.607150944835695
Region Metropolitana alta,2026-06-01,33.07228089923076,27.080413192145528,40.01321412794329
Region Metropolitana alta,2026-06-08,33.56123105106242,23.84722272505816,44.95974811040573
Region Metropolitana alta,2026-06-15,128.26265206350536,109.89394326185882,143.4778003758654
Region Metropolitana alta,2026-06-22,80.44305554534421,66.06586192644909,95.788202294527
Region Metropolitana alta,2026-06-29,89.35365532034263,71.79247067512125,104.42754175001532
Region Metropolitana alta,2026-07-06,139.30863047973813,110.08609500374347,173.46885867412539
Region Metropolitana alta,2026-07-13,118.84695225458444,58.65397962400764,172.17085773019642
Region Metropolitana alta,2026-07-20,62.350860132410375,27.11280912235379,97.13196624636053
Region Metropolitana alta,2026-07-27,56.32292716016472,37.844243491544944,75.89168579727932
Region Metropolitana alta,2026-08-03,39.16579910161234,24.464682242894547,57.26740375921056
Region Metropolitana alta,2026-08-10,18.071911894293688,7.97365718309842,30.74413745769225
Region Metropolitana alta,2026-08-17,21.912975328441522,9.942766266948915,36.543375597948206
Region Metropolitana alta,2026-08-24,23.14405523602143,12.927920509948208,35.28864035042077
Region Metropolitana alta,2026-08-31,28.81631815891564,19.446680374138243,38.98991744935177
Region Metropolitana alta,2026-09-07,18.328802905799076,12.633045420533046,24.90555839699507
Region Metropolitana alta,2026-09-14,14.077701057609357,7.721076362956781,21.979298332312702
Region Metropolitana alta,2026-09-21,23.098571710631624,15.382094037118367,31.898418274879084
Region Metropolitana alta,2026-09-28,36.39427017371692,24.067992875418998,55.068988287545
Region Metropolitana alta,2026-10-05,6.7481954751033335,2.723796019039862,10.421837613439466
Region Metropolitana alta,2026-10-12,9.997142144610175,6.900176864567399,13.884025685240887
Region Metropolitana alta,2026-10-19,16.067329567383975,12.565155210947246,19.28116211383715
Region Metropolitana alta,2026-10-26,10.523551217690763,8.209223378206977,13.405664314493537
Region Metropolitana alta,2026-11-02,4.537274287846824,2.3633379533800296,6.860507627301011
Region Metropolitana alta,2026-11-09,4.658944972155802,2.6420836335498605,6.778322488121688
Region Metropolitana alta,2026-11-16,14.373268842934817,11.611720145486668,17.66387042789776
Region Metropolitana alta,2026-11-23,8.461628394831251,5.5760202639995144,11.003627048380952
Region Metropolitana alta,2026-11-30,5.539389647784317,3.076730971361557,7.705462906983029
Region Metropolitana alta,2026-12-07,5.120652340469789,2.8046524893283378,7.70220903931763
Region Metropolitana alta,2026-12-14,6.812763448989205,4.88431794409412,8.857160013502277
Region Metropolitana alta,2026-12-21,3.3735213048649255,1.2896702742694883,5.575637853784394
Region Metropolitana alta,2027-01-04,2.9130877607547445,1.38355086100552,4.529328569899639
Region Metropolitana alta,2027-01-11,1.8136621487679658,0.4666229173021624,2.9292834719676293
Region Metropolitana alta,2027-01-18,1.5358899617931108,0.41468138305722385,2.6857820770710474
Region Metropolitana alta,2027-01-25,0.9697423442902509,0.0,1.921439659598423
Region Metropolitana alta,2027-02-01,1.278951149010833,0.02756589995833783,2.4945459785060025
Region Metropolitana alta,2027-02-08,2.935587042316189,1.8298400166751352,4.26861232929742
Region Metropolitana alta,2027-02-15,3.320289464836428,2.2765984512850643,4.684043178150756
Region Metropolitana alta,2027-02-22,2.6481935570753414,1.5423004980638273,3.8683129793392492
Region Metropolitana alta,2027-03-01,0.8038789568917709,0.0,1.859058523696172
Region Metropolitana alta,2027-03-08,0.5763157661329605,0.0,1.4725223728212062
Region Metropolitana alta,2027-03-15,1.992711833002232,0.9641010423201369,3.249823433202412
Region Metropolitana alta,2027-03-22,0.7947226176078664,0.0,1.7741929443498607
Region Metropolitana alta,2027-03-29,0.32028151503831614,0.0,1.2777339538246393
Region Metropolitana alta,2027-04-05,0.8689599727730267,0.0,2.026673466330953
Region Metropolitana alta,2027-04-12,0.6756718940507155,0.0,1.6128203413513955
Region Metropolitana alta,2027-04-19,0.7200864176039002,0.0,1.5801015412218171
Region Metropolitana alta,2027-04-26,0.5576883879996137,0.0,1.6910294285445242
Region Metropolitana alta,2027-05-03,1.7588317363716428,0.5940946481234743,2.952008893950982
Region Rural - dispersa,2018-06-25,0.0,0.0,0.0
Region Rural - dispersa,2018-07-02,20.0,20.0,20.0
Region Rural - dispersa,2018-07-09,39.0,39.0,39.0
Region Rural - dispersa,2018-07-16,37.0,37.0,37.0
Region Rural - dispersa,2018-07-23,70.0,70.0,70.0
Region Rural - dispersa,2018-07-30,39.0,39.0,39.0
Region Rural - dispersa,2018-08-06,78.0,78.0,78.0
Region Rural - dispersa,2018-08-13,128.0,128.0,128.0
Region Rural - dispersa,2018-08-20,94.0,94.0,94.0
Region Rural - dispersa,2018-08-27,87.0,87.0,87.0
Region Rural - dispersa,2018-09-03,243.0,243.0,243.0
Region Rural - dispersa,2018-09-10,152.0,152.0,152.0
Region Rural - dispersa,2018-09-17,235.0,235.0,235.0
Region Rural - dispersa,2018-09-24,234.0,234.0,234.0
Region Rural - dispersa,2018-10-01,183.0,183.0,183.0
Region Rural - dispersa,2018-10-08,235.0,235.0,235.0
Region Rural - dispersa,2018-10-15,141.0,141.0,141.0
Region Rural - dispersa,2018-10-22,146.0,146.0,146.0
Region Rural - dispersa,2018-10-29,305.0,305.0,305.0
Region Rural - dispersa,2018-11-05,206.0,206.0,206.0
Region Rural - dispersa,2018-11-12,148.0,148.0,148.0
Region Rural - dispersa,2018-11-26,190.0,190.0,190.0
Region Rural - dispersa,2018-12-03,138.0,138.0,138.0
Region Rural - dispersa,2018-12-10,39.0,39.0,39.0
Region Rural - dispersa,2019-01-07,0.0,0.0,0.0
Region Rural - dispersa,2019-01-14,54.0,54.0,54.0
Region Rural - dispersa,2019-01-21,30.0,30.0,30.0
Region Rural - dispersa,2019-01-28,58.0,58.0,58.0
Region Rural - dispersa,2019-02-04,30.0,30.0,30.0
Region Rural - dispersa,2019-02-18,57.0,57.0,57.0
Region Rural - dispersa,2019-02-25,26.0,26.0,26.0
Region Rural - dispersa,2019-03-04,43.0,43.0,43.0
Region Rural - dispersa,2019-03-11,18.0,18.0,18.0
Region Rural - dispersa,2019-03-18,39.0,39.0,39.0
Region Rural - dispersa,2019-03-25,34.0,34.0,34.0
Region Rural - dispersa,2019-04-01,28.0,28.0,28.0
Region Rural - dispersa,2019-04-08,22.0,22.0,22.0
Region Rural - dispersa,2019-04-15,42.0,42.0,42.0
Region Rural - dispersa,2019-04-22,18.0,18.0,18.0
Region Rural - dispersa,2019-04-29,40.0,40.0,40.0
Region Rural - dispersa,2019-05-06,54.0,54.0,54.0
Region Rural - dispersa,2019-05-13,67.0,67.0,67.0
Region Rural - dispersa,2019-05-20,60.0,60.0,60.0
Region Rural - dispersa,2019-05-27,72.0,72.0,72.0
Region Rural - dispersa,2019-06-03,82.0,82.0,82.0
Region Rural - dispersa,2019-06-10,103.0,103.0,103.0
Region Rural - dispersa,2019-06-17,224.0,224.0,224.0
Region Rural - dispersa,2019-06-24,192.0,192.0,192.0
Region Rural - dispersa,2019-07-01,213.0,213.0,213.0
Region Rural - dispersa,2019-07-08,173.0,173.0,173.0
Region Rural - dispersa,2019-07-15,222.0,222.0,222.0
Region Rural - dispersa,2019-07-22,576.0,576.0,576.0
Region Rural - dispersa,2019-07-29,460.0686950683594,0.0,943.0781860351562
Region Rural - dispersa,2019-08-05,654.9661865234375,209.97378540039062,1097.789306640625
Region Rural - dispersa,2019-08-19,748.8325805664062,337.0271301269531,1169.8055419921875
Region Rural - dispersa,2019-08-26,818.5460815429688,436.1813659667969,1155.2403564453125
Region Rural - dispersa,2019-09-02,890.6951293945312,513.4312133789062,1326.3809814453125
Region Rural - dispersa,2019-09-09,858.6815185546875,357.7725524902344,1353.6888427734375
Region Rural - dispersa,2019-09-16,840.2857055664062,270.736328125,1356.803955078125
Region Rural - dispersa,2019-09-23,806.0531005859375,311.03631591796875,1349.2528076171875
Region Rural - dispersa,2019-09-30,782.7568969726562,532.4556274414062,1132.6224365234375
Region Rural - dispersa,2019-10-07,687.9036865234375,507.2308349609375,836.1128540039062
Region Rural - dispersa,2019-10-14,517.987548828125,341.3063659667969,663.7355346679688
Region Rural - dispersa,2019-10-21,507.5455627441406,326.55035400390625,672.8163452148438
Region Rural - dispersa,2019-10-28,536.33837890625,375.8822021484375,703.8928833007812
Region Rural - dispersa,2019-11-04,563.0554809570312,372.08856201171875,722.7565307617188
Region Rural - dispersa,2019-11-11,508.7888488769531,287.6703186035156,688.1194458007812
Region Rural - dispersa,2019-11-18,451.72296142578125,249.6563262939453,639.0392456054688
Region Rural - dispersa,2019-11-25,474.6416931152344,274.4029541015625,653.9743041992188
Region Rural - dispersa,2019-12-02,455.1294250488281,190.62814331054688,643.6415405273438
Region Rural - dispersa,2019-12-09,342.2493896484375,22.71166229248047,601.0465698242188
Region Rural - dispersa,2019-12-16,172.9674835205078,0.0,548.123779296875
Region Rural - dispersa,2020-01-13,49.26984405517578,12.157429695129395,145.74684143066406
Region Rural - dispersa,2020-01-20,22.62067985534668,11.998970031738281,40.446895599365234
Region Rural - dispersa,2020-01-27,16.532041549682617,9.525524139404297,36.64723205566406
Region Rural - dispersa,2020-02-03,15.339498519897461,3.424184799194336,50.284645080566406
Region Rural - dispersa,2020-02-10,39.227210998535156,2.834232807159424,84.02735900878906
Region Rural - dispersa,2020-02-17,92.31098937988281,40.03358840942383,135.55047607421875
Region Rural - dispersa,2020-02-24,131.4951629638672,84.9192886352539,169.23634338378906
Region Rural - dispersa,2020-03-02,80.99729919433594,43.76004409790039,128.2549591064453
Region Rural - dispersa,2020-03-09,72.80525207519531,50.43986511230469,99.70213317871094
Region Rural - dispersa,2020-03-16,79.7958984375,62.51747512817383,98.47614288330078
Region Rural - dispersa,2020-03-23,85.12380981445312,55.370201110839844,107.41639709472656
Region Rural - dispersa,2020-03-30,51.3084602355957,34.812984466552734,66.67546844482422
Region Rural - dispersa,2020-04-06,57.614139556884766,37.504417419433594,86.98615264892578
Region Rural - dispersa,2020-04-13,57.806129455566406,38.414119720458984,83.53581237792969
Region Rural - dispersa,2020-04-20,46.68083572387695,37.72453689575195,57.660335540771484
Region Rural - dispersa,2020-04-27,54.9246711730957,43.86616897583008,68.12808990478516
Region Rural - dispersa,2020-05-04,38.81510925292969,32.700286865234375,47.471580505371094
Region Rural - dispersa,2020-05-11,29.57147789001465,24.32323455810547,38.792236328125
Region Rural - dispersa,2020-05-18,42.9780158996582,31.941774368286133,53.84036636352539
Region Rural - dispersa,2020-05-25,59.644981384277344,48.955806732177734,66.46845245361328
Region Rural - dispersa,2020-06-01,56.72007369995117,47.82838821411133,68.12346649169922
Region Rural - dispersa,2020-06-08,39.83053970336914,20.30722427368164,60.97901916503906
Region Rural - dispersa,2020-06-15,87.62374114990234,63.709266662597656,122.88223266601562
Region Rural - dispersa,2020-06-22,62.07731628417969,43.829383850097656,81.61614227294922
Region Rural - dispersa,2020-06-29,132.92477416992188,66.77645874023438,217.2045135498047
Region Rural - dispersa,2020-07-06,85.03386688232422,6.774343013763428,173.33877563476562
Region Rural - dispersa,2020-07-13,124.75566101074219,87.63440704345703,158.60409545898438
Region Rural - dispersa,2020-07-20,67.2385025024414,40.009239196777344,100.83283233642578
Region Rural - dispersa,2020-07-27,102.56456756591797,72.75110626220703,140.56442260742188
Region Rural - dispersa,2020-08-03,121.01342010498047,0.0,276.1232604980469
Region Rural - dispersa,2020-08-10,140.8841094970703,50.276885986328125,247.58990478515625
Region Rural - dispersa,2020-08-24,152.26234436035156,108.49336242675781,207.27586364746094
Region Rural - dispersa,2020-09-21,614.5755004882812,601.3651733398438,629.5680541992188
Region Rural - dispersa,2020-10-26,733.3327026367188,717.8676147460938,750.1293334960938
Region Rural - dispersa,2020-11-02,852.1702270507812,834.51513671875,870.1941528320312
Region Rural - dispersa,2020-11-09,970.9036865234375,953.6516723632812,987.9066162109375
Region Rural - dispersa,2020-11-16,1083.2572021484375,1061.2772216796875,1102.9197998046875
Region Rural - dispersa,2020-11-23,1204.2296142578125,1183.0755615234375,1224.7265625
Region Rural - dispersa,2020-11-30,1313.25634765625,1280.8514404296875,1346.9495849609375
Region Rural - dispersa,2020-12-07,1429.9608154296875,1395.17822265625,1461.1663818359375
Region Rural - dispersa,2020-12-14,1477.9658203125,1326.7918701171875,1622.29443359375
Region Rural - dispersa,2020-12-21,365.67919921875,0.0,736.2210693359375
Region Rural - dispersa,2021-01-04,214.11253356933594,200.88206481933594,226.39964294433594
Region Rural - dispersa,2021-01-11,181.16636657714844,163.67149353027344,196.71434020996094
Region Rural - dispersa,2021-01-18,106.54541015625,95.94510650634766,119.88053131103516
Region Rural - dispersa,2021-01-25,133.3865203857422,116.69658660888672,150.17529296875
Region Rural - dispersa,2021-02-01,88.24910736083984,73.1096420288086,99.54662322998047
Region Rural - dispersa,2021-02-08,57.01347351074219,52.61569595336914,62.84695053100586
Region Rural - dispersa,2021-02-15,88.68366241455078,80.72212219238281,95.42053985595703
Region Rural - dispersa,2021-02-22,59.06855010986328,37.14616394042969,79.8174819946289
Region Rural - dispersa,2021-03-01,10.254873275756836,5.38484001159668,17.5479679107666
Region Rural - dispersa,2021-03-08,4.841263294219971,2.316815137863159,8.308349609375
Region Rural - dispersa,2021-03-15,22.393728256225586,18.0202579498291,25.650127410888672
Region Rural - dispersa,2021-03-22,3.787386894226074,0.0,9.09524154663086
Region Rural - dispersa,2021-03-29,5.291311264038086,3.139254093170166,7.535736083984375
Region Rural - dispersa,2021-04-05,6.6665802001953125,5.23082971572876,8.415766716003418
Region Rural - dispersa,2021-04-12,4.751225471496582,3.200209140777588,6.828312397003174
Region Rural - dispersa,2021-04-19,10.079386711120605,7.368422031402588,13.271360397338867
Region Rural - dispersa,2021-04-26,19.609609603881836,17.39238166809082,21.409221649169922
Region Rural - dispersa,2021-05-03,9.10567569732666,7.4297404289245605,10.878644943237305
Region Rural - dispersa,2021-05-10,8.322364807128906,7.420831203460693,9.206579208374023
Region Rural - dispersa,2021-05-17,9.48246955871582,8.622918128967285,10.275028228759766
Region Rural - dispersa,2021-05-24,9.58366584777832,8.756789207458496,10.559528350830078
Region Rural - dispersa,2021-05-31,13.35457706451416,12.26468276977539,14.404714584350586
Region Rural - dispersa,2021-06-07,13.617828369140625,11.079424858093262,17.159387588500977
Region Rural - dispersa,2021-06-14,25.057092666625977,20.991409301757812,29.505495071411133
Region Rural - dispersa,2021-06-21,9.822665214538574,6.716060638427734,13.31999397277832
Region Rural - dispersa,2021-06-28,17.786840438842773,15.14517593383789,21.171241760253906
Region Rural - dispersa,2021-07-05,29.25871467590332,26.448223114013672,31.44669532775879
Region Rural - dispersa,2021-07-12,21.575986862182617,19.442081451416016,23.59626007080078
Region Rural - dispersa,2021-07-19,23.755395889282227,21.248619079589844,26.419139862060547
Region Rural - dispersa,2021-07-26,27.173429489135742,25.425540924072266,28.92694091796875
Region Rural - dispersa,2021-08-02,44.15449905395508,42.1411018371582,46.16197967529297
Region Rural - dispersa,2021-08-09,27.560922622680664,25.53005027770996,29.45909309387207
Region Rural - dispersa,2021-08-16,31.54717445373535,29.524635314941406,33.67948913574219
Region Rural - dispersa,2021-08-23,39.71036911010742,37.18228530883789,42.45922088623047
Region Rural - dispersa,2021-08-30,32.367156982421875,29.896512985229492,34.97258377075195
Region Rural - dispersa,2021-09-06,61.70842361450195,57.4482536315918,66.4261703491211
Region Rural - dispersa,2021-09-13,58.971256256103516,56.02535629272461,62.191986083984375
Region Rural - dispersa,2021-09-20,44.56214141845703,42.510135650634766,46.604583740234375
Region Rural - dispersa,2021-09-27,47.10673141479492,44.65293884277344,49.69306182861328
Region Rural - dispersa,2021-10-04,42.89988327026367,40.41788864135742,45.43584442138672
Region Rural - dispersa,2021-10-11,51.372318267822266,48.60079574584961,54.6965446472168
Region Rural - dispersa,2021-10-18,68.60008239746094,64.06343078613281,73.23211669921875
Region Rural - dispersa,2021-10-25,84.39766693115234,81.57835388183594,87.8642578125
Region Rural - dispersa,2021-11-01,85.7924575805664,81.40731048583984,90.21070861816406
Region Rural - dispersa,2021-11-08,72.69182586669922,68.22791290283203,76.24436950683594
Region Rural - dispersa,2021-11-15,43.89067077636719,41.27549362182617,46.57450485229492
Region Rural - dispersa,2021-11-22,24.745132446289062,22.316965103149414,27.29881477355957
Region Rural - dispersa,2021-11-29,46.392539978027344,41.85618591308594,51.03583526611328
Region Rural - dispersa,2021-12-06,0.7093490362167358,0.0,4.3209686279296875
Region Rural - dispersa,2021-12-13,2.213310956954956,0.0,7.545064449310303
Region Rural - dispersa,2021-12-20,79.04753875732422,29.943647384643555,131.9811248779297
Region Rural - dispersa,2021-12-27,35.49555587768555,31.501367568969727,39.83763122558594
Region Rural - dispersa,2022-01-03,6.939271926879883,5.129336357116699,8.856620788574219
Region Rural - dispersa,2022-01-10,17.73493194580078,15.716525077819824,19.536212921142578
Region Rural - dispersa,2022-01-17,7.291846752166748,5.733513832092285,8.737412452697754
Region Rural - dispersa,2022-01-24,14.150373458862305,12.751749038696289,15.439560890197754
Region Rural - dispersa,2022-01-31,15.146282196044922,13.782958984375,16.634803771972656
Region Rural - dispersa,2022-02-07,11.331089973449707,10.328174591064453,12.383050918579102
Region Rural - dispersa,2022-02-14,12.013033866882324,10.451807975769043,13.538908958435059
Region Rural - dispersa,2022-02-21,5.9931817054748535,3.580376625061035,8.183616638183594
Region Rural - dispersa,2022-02-28,10.00071907043457,8.146575927734375,11.996665954589844
Region Rural - dispersa,2022-03-07,9.74022388458252,6.979593753814697,13.005232810974121
Region Rural - dispersa,2022-03-14,13.039536476135254,0.6431714296340942,24.074092864990234
Region Rural - dispersa,2022-03-21,13.91163158416748,2.984276056289673,23.10014533996582
Region Rural - dispersa,2022-03-28,5.3498854637146,2.99259090423584,7.875738620758057
Region Rural - dispersa,2022-04-04,9.867554664611816,8.15264892578125,11.905208587646484
Region Rural - dispersa,2022-04-11,9.9251127243042,8.071514129638672,11.858260154724121
Region Rural - dispersa,2022-04-18,9.480172157287598,7.859206676483154,11.09827995300293
Region Rural - dispersa,2022-04-25,11.606465339660645,10.356316566467285,13.021767616271973
Region Rural - dispersa,2022-05-02,6.619476318359375,5.3196611404418945,7.982582092285156
Region Rural - dispersa,2022-05-09,6.583210468292236,4.992758274078369,8.206948280334473
Region Rural - dispersa,2022-05-16,16.836563110351562,14.877284049987793,18.91012191772461
Region Rural - dispersa,2022-05-23,19.399723052978516,17.018863677978516,21.696308135986328
Region Rural - dispersa,2022-05-30,13.6288423538208,12.213357925415039,14.930463790893555
Region Rural - dispersa,2022-06-06,22.019914627075195,20.375158309936523,23.875749588012695
Region Rural - dispersa,2022-06-13,22.932405471801758,21.213687896728516,24.68277931213379
Region Rural - dispersa,2022-06-20,26.271289825439453,23.778385162353516,28.662185668945312
Region Rural - dispersa,2022-06-27,39.9614372253418,36.48363494873047,43.54923629760742
Region Rural - dispersa,2022-07-04,47.503116607666016,43.78657531738281,51.86248016357422
Region Rural - dispersa,2022-07-11,59.80337142944336,56.11183166503906,63.24364471435547
Region Rural - dispersa,2022-07-18,54.389915466308594,50.93324661254883,57.60618591308594
Region Rural - dispersa,2022-07-25,60.75564956665039,57.42008972167969,63.827430725097656
Region Rural - dispersa,2022-08-01,67.4345474243164,62.53097152709961,73.44530487060547
Region Rural - dispersa,2022-08-08,105.33441925048828,99.34036254882812,112.9178695678711
Region Rural - dispersa,2022-08-15,97.82882690429688,92.0627212524414,103.83558654785156
Region Rural - dispersa,2022-08-22,124.66381072998047,118.21434783935547,131.03863525390625
Region Rural - dispersa,2022-08-29,171.2205047607422,161.34951782226562,179.77804565429688
Region Rural - dispersa,2022-09-05,182.35415649414062,146.60052490234375,221.832275390625
Region Rural - dispersa,2022-09-12,175.81700134277344,110.47345733642578,235.9658966064453
Region Rural - dispersa,2022-09-19,153.45248413085938,131.5700225830078,174.4845733642578
Region Rural - dispersa,2022-09-26,145.83999633789062,135.23291015625,160.24664306640625
Region Rural - dispersa,2022-10-03,155.61380004882812,140.67027282714844,169.75076293945312
Region Rural - dispersa,2022-10-10,181.49600219726562,165.03074645996094,198.03619384765625
Region Rural - dispersa,2022-10-17,147.58535766601562,127.15444946289062,167.2820281982422
Region Rural - dispersa,2022-10-24,96.737548828125,87.0359115600586,106.77218627929688
Region Rural - dispersa,2022-10-31,125.70831298828125,117.63523864746094,134.49363708496094
Region Rural - dispersa,2022-11-07,167.03448486328125,155.74732971191406,177.53643798828125
Region Rural - dispersa,2022-11-14,127.422119140625,113.25849914550781,141.17962646484375
Region Rural - dispersa,2022-11-21,124.53929138183594,113.505126953125,135.07003784179688
Region Rural - dispersa,2022-11-28,80.08863067626953,71.03048706054688,90.2055892944336
Region Rural - dispersa,2022-12-05,6.715163230895996,0.0,17.371543884277344
Region Rural - dispersa,2022-12-12,13.247044563293457,0.0,35.839962005615234
Region Rural - dispersa,2022-12-19,63.20875549316406,0.0,176.31649780273438
Region Rural - dispersa,2022-12-26,46.66007614135742,36.142093658447266,57.185890197753906
Region Rural - dispersa,2023-01-02,16.44940185546875,13.551787376403809,19.757556915283203
Region Rural - dispersa,2023-01-09,34.85846710205078,27.538747787475586,40.55082321166992
Region Rural - dispersa,2023-01-16,29.38928985595703,24.319948196411133,33.98419952392578
Region Rural - dispersa,2023-01-23,22.149789810180664,18.077194213867188,26.422544479370117
Region Rural - dispersa,2023-01-30,27.017784118652344,20.38557243347168,33.121337890625
Region Rural - dispersa,2023-02-06,23.834177017211914,18.008623123168945,30.87187957763672
Region Rural - dispersa,2023-02-13,20.774782180786133,15.40075969696045,25.06562042236328
Region Rural - dispersa,2023-02-20,21.439712524414062,13.366886138916016,27.919235229492188
Region Rural - dispersa,2023-02-27,20.536605834960938,13.516195297241211,26.003660202026367
Region Rural - dispersa,2023-03-06,18.699264526367188,13.868921279907227,22.677534103393555
Region Rural - dispersa,2023-03-13,18.172618865966797,12.337450981140137,21.85439682006836
Region Rural - dispersa,2023-03-20,16.674226760864258,12.127490043640137,20.848012924194336
Region Rural - dispersa,2023-03-27,19.379608154296875,12.777219772338867,24.783872604370117
Region Rural - dispersa,2023-04-03,20.097299575805664,12.193775177001953,26.990995407104492
Region Rural - dispersa,2023-04-10,17.800498962402344,10.327786445617676,25.665098190307617
Region Rural - dispersa,2023-04-17,30.12941551208496,19.83340072631836,40.41335678100586
Region Rural - dispersa,2023-04-24,28.598575592041016,20.519508361816406,36.93098068237305
Region Rural - dispersa,2023-05-01,27.86179542541504,19.61614418029785,35.35905838012695
Region Rural - dispersa,2023-05-08,23.599105834960938,18.320098876953125,27.956079483032227
Region Rural - dispersa,2023-05-15,53.00904846191406,28.030736923217773,80.54732513427734
Region Rural - dispersa,2023-05-22,46.233211517333984,29.97528839111328,64.8154525756836
Region Rural - dispersa,2023-05-29,71.99888610839844,35.38932418823242,104.54911041259766
Region Rural - dispersa,2023-06-05,81.2196273803711,45.03599548339844,117.26756286621094
Region Rural - dispersa,2023-06-12,103.53878784179688,59.63463592529297,161.87086486816406
Region Rural - dispersa,2023-06-19,150.20120239257812,68.65520477294922,239.83230590820312
Region Rural - dispersa,2023-06-26,159.75027465820312,77.11111450195312,264.4483642578125
Region Rural - dispersa,2023-07-03,199.9349822998047,94.09005737304688,310.3531188964844
Region Rural - dispersa,2023-07-10,236.3262939453125,107.61267852783203,352.5059509277344
Region Rural - dispersa,2023-07-17,278.6137390136719,142.01263427734375,407.0655517578125
Region Rural - dispersa,2023-07-24,322.4448547363281,156.67759704589844,453.80755615234375
Region Rural - dispersa,2023-07-31,371.94195556640625,188.46209716796875,505.0162353515625
Region Rural - dispersa,2023-08-07,416.76953125,234.89854431152344,601.7456665039062
Region Rural - dispersa,2023-08-14,458.2702331542969,137.29644775390625,763.8828735351562
Region Rural - dispersa,2023-08-21,510.3989562988281,51.33043670654297,1051.4130859375
Region Rural - dispersa,2023-08-28,488.2969665527344,0.0,982.4839477539062
Region Rural - dispersa,2023-09-04,533.8413696289062,0.0,1105.966552734375
Region Rural - dispersa,2023-09-11,457.08575439453125,0.0,1129.373779296875
Region Rural - dispersa,2023-09-18,477.8639221191406,13.47008228302002,1089.8046875
Region Rural - dispersa,2023-09-25,393.526123046875,0.0,894.7284545898438
Region Rural - dispersa,2023-10-02,327.17022705078125,57.17887878417969,740.2183227539062
Region Rural - dispersa,2023-10-09,317.2005310058594,94.97953796386719,599.7930908203125
Region Rural - dispersa,2023-10-16,287.3222961425781,89.43934631347656,545.2894897460938
Region Rural - dispersa,2023-10-23,581.2000122070312,520.9522094726562,646.6088256835938
Region Rural - dispersa,2023-10-30,627.6276245117188,578.464599609375,672.6647338867188
Region Rural - dispersa,2023-11-06,531.5431518554688,483.1014709472656,579.8089599609375
Region Rural - dispersa,2023-11-13,510.9906311035156,471.1611328125,554.642578125
Region Rural - dispersa,2023-11-20,619.0346069335938,568.7317504882812,677.399169921875
Region Rural - dispersa,2023-11-27,670.8817749023438,593.9017333984375,745.8541870117188
Region Rural - dispersa,2023-12-04,751.6912231445312,673.3226318359375,813.6598510742188
Region Rural - dispersa,2023-12-11,503.5965270996094,402.6768493652344,612.8814697265625
Region Rural - dispersa,2023-12-18,626.87841796875,562.5278930664062,695.5350341796875
Region Rural - dispersa,2023-12-25,644.0900268554688,575.9085083007812,706.0159301757812
Region Rural - dispersa,2024-01-01,335.7784118652344,136.48577880859375,552.4370727539062
Region Rural - dispersa,2024-01-08,535.6585693359375,471.03973388671875,596.0672607421875
Region Rural - dispersa,2024-01-15,562.9417724609375,509.0986328125,614.2000122070312
Region Rural - dispersa,2024-01-22,542.1947631835938,476.5196838378906,592.3030395507812
Region Rural - dispersa,2024-01-29,472.1108093261719,396.0394287109375,540.7459716796875
Region Rural - dispersa,2024-02-05,321.0759582519531,279.4860534667969,376.2853698730469
Region Rural - dispersa,2024-02-12,272.05267333984375,237.40545654296875,305.0057678222656
Region Rural - dispersa,2024-02-19,234.78677368164062,209.40919494628906,265.4956970214844
Region Rural - dispersa,2024-02-26,265.4457702636719,246.167724609375,284.4275817871094
Region Rural - dispersa,2024-03-04,223.5400390625,196.4954833984375,254.3395538330078
Region Rural - dispersa,2024-03-11,166.93252563476562,147.3987274169922,190.60174560546875
Region Rural - dispersa,2024-03-18,204.58456420898438,187.7271270751953,221.31687927246094
Region Rural - dispersa,2024-03-25,205.7337188720703,184.2686004638672,228.4720458984375
Region Rural - dispersa,2024-04-01,214.44227600097656,185.55271911621094,244.17344665527344
Region Rural - dispersa,2024-04-08,326.7596130371094,243.34625244140625,407.2347717285156
Region Rural - dispersa,2024-04-15,283.5197448730469,195.96009826660156,357.4015197753906
Region Rural - dispersa,2024-04-22,327.9051513671875,265.2781677246094,395.82122802734375
Region Rural - dispersa,2024-04-29,272.8799133300781,248.57266235351562,300.4560852050781
Region Rural - dispersa,2024-05-06,272.43414306640625,247.46539306640625,298.2763977050781
Region Rural - dispersa,2024-05-13,298.8118896484375,263.1239013671875,334.7259826660156
Region Rural - dispersa,2024-05-20,298.2149658203125,258.0606689453125,340.36968994140625
Region Rural - dispersa,2024-05-27,342.3591613769531,290.8698425292969,400.3507995605469
Region Rural - dispersa,2024-06-03,444.7896423339844,366.33050537109375,542.4109497070312
Region Rural - dispersa,2024-06-10,588.7723999023438,478.8506774902344,691.477783203125
Region Rural - dispersa,2024-06-17,595.3395385742188,523.3705444335938,662.5841064453125
Region Rural - dispersa,2024-06-24,634.3868408203125,575.8543090820312,700.7807006835938
Region Rural - dispersa,2024-07-01,605.4985961914062,493.4039306640625,768.6771850585938
Region Rural - dispersa,2024-07-15,734.8240966796875,372.35595703125,1012.9125366210938
Region Rural - dispersa,2024-07-22,792.92578125,331.750732421875,1246.995849609375
Region Rural - dispersa,2024-07-29,840.9161376953125,509.53350830078125,1190.1031494140625
Region Rural - dispersa,2024-08-05,892.4716796875,665.3150634765625,1114.4422607421875
Region Rural - dispersa,2024-08-12,948.2787475585938,739.8064575195312,1185.0394287109375
Region Rural - dispersa,2024-08-19,1166.4986572265625,936.819091796875,1435.270751953125
Region Rural - dispersa,2024-08-26,1253.2305908203125,979.6826171875,1554.18701171875
Region Rural - dispersa,2024-09-02,1328.0672607421875,847.6761474609375,1791.3897705078125
Region Rural - dispersa,2024-09-09,1321.810302734375,716.46142578125,1893.82177734375
Region Rural - dispersa,2024-09-16,1280.333251953125,255.5673370361328,2152.686279296875
Region Rural - dispersa,2024-09-23,1309.9420166015625,0.0,2808.02587890625
Region Rural - dispersa,2024-09-30,1366.9775390625,0.0,3373.587890625
Region Rural - dispersa,2024-10-07,1523.1951904296875,0.0,4563.28857421875
Region Rural - dispersa,2024-10-14,1296.1728515625,0.0,3166.122802734375
Region Rural - dispersa,2024-10-21,1154.9327392578125,0.0,2602.360107421875
Region Rural - dispersa,2024-10-28,818.2072143554688,768.5311279296875,862.350830078125
Region Rural - dispersa,2024-11-04,710.9185791015625,675.579833984375,739.7747802734375
Region Rural - dispersa,2024-11-11,762.5051879882812,723.1019897460938,800.3466186523438
Region Rural - dispersa,2024-11-18,742.3634643554688,704.5416259765625,780.6779174804688
Region Rural - dispersa,2024-11-25,689.046630859375,634.6357421875,734.9132080078125
Region Rural - dispersa,2024-12-02,459.4068298339844,418.1767272949219,490.0244140625
Region Rural - dispersa,2024-12-09,306.99102783203125,288.40447998046875,323.8752746582031
Region Rural - dispersa,2024-12-16,238.00367736816406,226.54222106933594,249.3856201171875
Region Rural - dispersa,2024-12-23,334.4651184082031,299.9727783203125,368.0823059082031
Region Rural - dispersa,2024-12-30,32.53282928466797,1.9692778587341309,61.231353759765625
Region Rural - dispersa,2025-01-06,148.10888671875,134.4353790283203,162.3325958251953
Region Rural - dispersa,2025-01-13,88.58289337158203,77.56726837158203,99.33444213867188
Region Rural - dispersa,2025-01-20,110.88511657714844,96.45680236816406,125.56360626220703
Region Rural - dispersa,2025-01-27,76.1102523803711,67.08389282226562,83.8186264038086
Region Rural - dispersa,2025-02-03,48.70591354370117,40.306060791015625,56.35647964477539
Region Rural - dispersa,2025-02-10,91.8826675415039,85.97441864013672,98.18492889404297
Region Rural - dispersa,2025-02-17,69.7071533203125,65.1666259765625,74.4610824584961
Region Rural - dispersa,2025-02-24,70.1363525390625,66.07594299316406,73.52662658691406
Region Rural - dispersa,2025-03-03,59.90400314331055,56.08047866821289,63.551456451416016
Region Rural - dispersa,2025-03-10,67.36900329589844,63.146141052246094,71.29985809326172
Region Rural - dispersa,2025-03-17,45.3176155090332,41.70281982421875,49.24214172363281
Region Rural - dispersa,2025-03-24,62.933013916015625,58.7109260559082,67.35012817382812
Region Rural - dispersa,2025-03-31,76.75680541992188,71.17041778564453,82.02513122558594
Region Rural - dispersa,2025-04-07,58.49689865112305,54.27727127075195,62.5882682800293
Region Rural - dispersa,2025-04-21,74.03491973876953,67.91004180908203,80.3240966796875
Region Rural - dispersa,2025-04-28,88.02224731445312,78.45750427246094,97.70211791992188
Region Rural - dispersa,2025-05-05,45.12565994262695,40.09333419799805,49.81929016113281
Region Rural - dispersa,2025-05-12,67.67323303222656,63.332706451416016,71.2763671875
Region Rural - dispersa,2025-05-19,84.74327087402344,78.06319427490234,90.61549377441406
Region Rural - dispersa,2025-05-26,44.622859954833984,35.19608688354492,52.5571403503418
Region Rural - dispersa,2025-06-02,63.456993103027344,53.05025100708008,73.47059631347656
Region Rural - dispersa,2025-06-09,64.8194351196289,55.93133544921875,73.96637725830078
Region Rural - dispersa,2025-06-16,117.2974624633789,105.9885482788086,128.51963806152344
Region Rural - dispersa,2025-06-23,80.8659439086914,71.8110122680664,91.09258270263672
Region Rural - dispersa,2025-06-30,101.33393096923828,88.99217987060547,114.8308334350586
Region Rural - dispersa,2025-07-07,51.9972038269043,44.95663070678711,59.13028335571289
Region Rural - dispersa,2025-07-14,94.78701782226562,88.5318603515625,102.20530700683594
Region Rural - dispersa,2025-07-21,112.82904052734375,104.94792175292969,122.8128662109375
Region Rural - dispersa,2025-07-28,129.98077392578125,121.51387786865234,138.83668518066406
Region Rural - dispersa,2025-08-04,126.65775299072266,117.78105926513672,135.6616668701172
Region Rural - dispersa,2025-08-11,196.42681884765625,184.53814697265625,209.30072021484375
Region Rural - dispersa,2025-08-18,173.06991577148438,157.3154296875,187.40977478027344
Region Rural - dispersa,2025-08-25,260.7276916503906,243.95127868652344,278.5591125488281
Region Rural - dispersa,2025-09-01,204.14683532714844,190.54042053222656,217.85067749023438
Region Rural - dispersa,2025-09-08,278.0746765136719,256.8880615234375,300.63043212890625
Region Rural - dispersa,2025-09-15,180.6329345703125,160.25558471679688,201.96058654785156
Region Rural - dispersa,2025-09-22,215.5967254638672,200.5516815185547,232.45889282226562
Region Rural - dispersa,2025-09-29,208.85345458984375,197.4104766845703,221.5158233642578
Region Rural - dispersa,2025-10-06,225.88885498046875,211.88641357421875,237.28494262695312
Region Rural - dispersa,2025-10-13,206.946533203125,194.0295867919922,218.2947998046875
Region Rural - dispersa,2025-10-20,168.61907958984375,158.03236389160156,180.80484008789062
Region Rural - dispersa,2025-10-27,217.59359741210938,205.76182556152344,229.68228149414062
Region Rural - dispersa,2025-11-03,168.8490753173828,159.3830108642578,177.80026245117188
Region Rural - dispersa,2025-11-10,110.97103881835938,100.34574127197266,122.10508728027344
Region Rural - dispersa,2025-11-17,135.62217712402344,120.62670135498047,148.89901733398438
Region Rural - dispersa,2025-11-24,117.75995635986328,104.70889282226562,131.15777587890625
Region Rural - dispersa,2025-12-01,82.8463363647461,71.33744049072266,93.61335754394531
Region Rural - dispersa,2025-12-08,75.05998229980469,51.524845123291016,95.50711822509766
Region Rural - dispersa,2025-12-15,27.659326553344727,9.077717781066895,45.66189956665039
Region Rural - dispersa,2025-12-22,14.506698608398438,0.5852170586585999,25.3289794921875
Region Rural - dispersa,2025-12-29,30.715105056762695,22.140804290771484,38.7771110534668
Region Rural - dispersa,2026-01-05,42.06605529785156,34.55070877075195,49.621910095214844
Region Rural - dispersa,2026-01-12,41.498260498046875,32.71658706665039,49.18059539794922
Region Rural - dispersa,2026-01-19,24.693307876586914,15.544175148010254,32.73249816894531
Region Rural - dispersa,2026-01-26,27.288002014160156,16.89031410217285,35.807228088378906
Region Rural - dispersa,2026-02-02,20.221872329711914,12.273244857788086,29.935836791992188
Region Rural - dispersa,2026-02-09,14.53500747680664,5.2312235832214355,25.05620574951172
Region Rural - dispersa,2026-02-16,12.434332847595215,0.0,25.67243194580078
Region Rural - dispersa,2026-02-23,22.074220657348633,5.253602504730225,37.97294616699219
Region Rural - dispersa,2026-03-02,15.247587203979492,3.608896255493164,27.297569274902344
Region Rural - dispersa,2026-03-09,18.880582809448242,3.1794850826263428,33.839698791503906
Region Rural - dispersa,2026-03-16,15.435946464538574,5.262391090393066,25.422454833984375
Region Rural - dispersa,2026-03-23,16.715850830078125,9.695382118225098,23.854629516601562
Region Rural - dispersa,2026-03-30,19.47376823425293,14.113020896911621,24.913711547851562
Region Rural - dispersa,2026-04-06,8.697578430175781,4.984401226043701,12.395312309265137
Region Rural - dispersa,2026-04-13,12.7860746383667,8.758145332336426,17.202592849731445
Region Rural - dispersa,2026-04-20,15.809897422790527,10.730875968933105,20.07737922668457
Region Rural - dispersa,2026-04-27,19.420135498046875,15.584687232971191,23.17433738708496
Region Rural - dispersa,2026-05-04,6.288126468658447,3.0713717937469482,9.624467849731445
Region Rural - dispersa,2026-05-11,10.734547710163667,7.801850403164588,13.899155791240856
Region Rural - dispersa,2026-05-18,15.510147529093102,11.483575827453732,19.1595360412018
Region Rural - dispersa,2026-05-25,20.86746234602511,16.447204758168013,26.31165202010855
Region Rural - dispersa,2026-06-01,7.916423818524778,4.397931647624392,11.790757583938985
Region Rural - dispersa,2026-06-08,17.895873282567262,12.207154785802663,22.590271013040542
Region Rural - dispersa,2026-06-15,19.839401123373808,11.256716214458942,27.164342128653377
Region Rural - dispersa,2026-06-22,25.48771672332391,17.54089645237051,33.8185924900715
Region Rural - dispersa,2026-06-29,22.289059246370943,15.670407239642293,29.977217244449704
Region Rural - dispersa,2026-07-06,20.01380493720323,15.377984269542843,25.161395631180554
Region Rural - dispersa,2026-07-13,29.82668486741349,25.438213959806113,35.278653425443025
Region Rural - dispersa,2026-07-20,38.78075555604875,32.21582919642627,45.21856076208055
Region Rural - dispersa,2026-07-27,46.89565916446179,41.387173850597144,52.558878432777526
Region Rural - dispersa,2026-08-03,45.325078845893444,40.40092812406361,50.94074699618429
Region Rural - dispersa,2026-08-10,64.62248926645309,59.10163358825237,70.26767072828085
Region Rural - dispersa,2026-08-17,59.69429037165761,51.82116069769174,67.9800268792209
Region Rural - dispersa,2026-08-24,61.97050558925033,54.89659605080515,70.24122976696313
Region Rural - dispersa,2026-08-31,42.66769618432492,38.04625931439668,48.101128371406496
Region Rural - dispersa,2026-09-07,44.06648482593536,39.72767860876441,49.017766829104424
Region Rural - dispersa,2026-09-14,55.87201824119896,52.19219492554933,60.021928185323475
Region Rural - dispersa,2026-09-21,44.16408840675443,40.327860732651054,48.08598394328028
Region Rural - dispersa,2026-09-28,47.64467769397378,43.23025586703926,51.83075273700297
Region Rural - dispersa,2026-10-05,46.3954924802348,42.667845327539446,49.81026273626745
Region Rural - dispersa,2026-10-12,58.03685330618531,53.669543690101506,62.28508697979331
Region Rural - dispersa,2026-10-19,55.01718047036499,50.36624733383864,61.31106247438133
Region Rural - dispersa,2026-10-26,53.311310211284756,47.357483258852064,59.89934950792372
Region Rural - dispersa,2026-11-02,49.35330071067065,43.790799985740186,54.25835683980674
Region Rural - dispersa,2026-11-09,58.38057728084624,52.926218170149625,63.374024201378525
Region Rural - dispersa,2026-11-16,53.026625643401744,46.941186196003855,59.93574471350223
Region Rural - dispersa,2026-11-23,56.815404469113055,50.31689371353537,64.60215465446144
Region Rural - dispersa,2026-11-30,46.651631036857964,42.10515780778408,52.56717931797445
Region Rural - dispersa,2026-12-07,40.61541737272233,36.0304183207196,44.815328644824625
Region Rural - dispersa,2026-12-14,51.840323470140696,47.451439222767355,56.16356765818477
Region Rural - dispersa,2026-12-21,47.33401024750337,42.48049162145466,52.335713310268225
Region Rural - dispersa,2027-01-04,58.127003987512886,53.76692142548144,62.95506812807709
Region Rural - dispersa,2027-01-11,54.53601463166833,49.85879819950819,58.9395063915956
Region Rural - dispersa,2027-01-18,47.454234592731,40.65370882774263,54.049317710330186
Region Rural - dispersa,2027-01-25,36.66112793000192,30.73511405646056,42.760795640065375
Region Rural - dispersa,2027-02-01,24.30477453362435,18.92401972991258,29.260771592989713
Region Rural - dispersa,2027-02-08,4.647397909687795,0.3464677104447293,8.46408942065157
Region Rural - dispersa,2027-02-15,6.90198096932251,0.6202223111931886,12.752207185749263
Region Rural - dispersa,2027-02-22,12.481185201625303,4.987623410659469,19.333317714764924
Region Rural - dispersa,2027-03-01,5.643915875121653,0.0,11.602918097098321
Region Rural - dispersa,2027-03-08,5.972560938139893,0.0,10.833704511031137
Region Rural - dispersa,2027-03-15,9.021045579734519,2.043705207384825,16.19420673151925
Region Rural - dispersa,2027-03-22,14.974136403872668,8.747805090294518,22.079585470954925
Region Rural - dispersa,2027-03-29,18.144627119454146,12.476051479119658,23.55987235683322
Region Rural - dispersa,2027-04-05,6.350754040294625,3.2851557474877313,9.343358980641886
Region Rural - dispersa,2027-04-12,11.807373203345612,7.961216852389649,15.434073836599216
Region Rural - dispersa,2027-04-19,15.98184490428485,11.55642483058788,19.951846584655346
Region Rural - dispersa,2027-04-26,19.29444886244267,15.821485054720194,23.75306608507529
Region Rural - dispersa,2027-05-03,8.508180948753841,5.754443780787885,11.247685592819527
Region Sur-Sureste vulnerable,2018-06-25,0.0,0.0,0.0
Region Sur-Sureste vulnerable,2018-07-02,99.0,99.0,99.0
Region Sur-Sureste vulnerable,2018-07-09,100.0,100.0,100.0
Region Sur-Sureste vulnerable,2018-07-16,105.0,105.0,105.0
Region Sur-Sureste vulnerable,2018-07-23,102.0,102.0,102.0
Region Sur-Sureste vulnerable,2018-07-30,126.0,126.0,126.0
Region Sur-Sureste vulnerable,2018-08-06,70.0,70.0,70.0
Region Sur-Sureste vulnerable,2018-08-13,117.0,117.0,117.0
Region Sur-Sureste vulnerable,2018-08-20,71.0,71.0,71.0
Region Sur-Sureste vulnerable,2018-08-27,133.0,133.0,133.0
Region Sur-Sureste vulnerable,2018-09-03,207.0,207.0,207.0
Region Sur-Sureste vulnerable,2018-09-10,171.0,171.0,171.0
Region Sur-Sureste vulnerable,2018-09-17,200.0,200.0,200.0
Region Sur-Sureste vulnerable,2018-09-24,229.0,229.0,229.0
Region Sur-Sureste vulnerable,2018-10-01,196.0,196.0,196.0
Region Sur-Sureste vulnerable,2018-10-08,91.0,91.0,91.0
Region Sur-Sureste vulnerable,2018-10-15,165.0,165.0,165.0
Region Sur-Sureste vulnerable,2018-10-22,135.0,135.0,135.0
Region Sur-Sureste vulnerable,2018-10-29,114.0,114.0,114.0
Region Sur-Sureste vulnerable,2018-11-05,127.0,127.0,127.0
Region Sur-Sureste vulnerable,2018-11-12,112.0,112.0,112.0
Region Sur-Sureste vulnerable,2018-11-26,125.0,125.0,125.0
Region Sur-Sureste vulnerable,2018-12-03,73.0,73.0,73.0
Region Sur-Sureste vulnerable,2018-12-10,45.0,45.0,45.0
Region Sur-Sureste vulnerable,2019-01-07,0.0,0.0,0.0
Region Sur-Sureste vulnerable,2019-01-14,53.0,53.0,53.0
Region Sur-Sureste vulnerable,2019-01-21,44.0,44.0,44.0
Region Sur-Sureste vulnerable,2019-01-28,61.0,61.0,61.0
Region Sur-Sureste vulnerable,2019-02-04,47.0,47.0,47.0
Region Sur-Sureste vulnerable,2019-02-18,75.0,75.0,75.0
Region Sur-Sureste vulnerable,2019-02-25,54.0,54.0,54.0
Region Sur-Sureste vulnerable,2019-03-04,37.0,37.0,37.0
Region Sur-Sureste vulnerable,2019-03-11,34.0,34.0,34.0
Region Sur-Sureste vulnerable,2019-03-18,55.0,55.0,55.0
Region Sur-Sureste vulnerable,2019-03-25,45.0,45.0,45.0
Region Sur-Sureste vulnerable,2019-04-01,54.0,54.0,54.0
Region Sur-Sureste vulnerable,2019-04-08,74.0,74.0,74.0
Region Sur-Sureste vulnerable,2019-04-15,59.0,59.0,59.0
Region Sur-Sureste vulnerable,2019-04-22,55.0,55.0,55.0
Region Sur-Sureste vulnerable,2019-04-29,77.0,77.0,77.0
Region Sur-Sureste vulnerable,2019-05-06,100.0,100.0,100.0
Region Sur-Sureste vulnerable,2019-05-13,50.0,50.0,50.0
Region Sur-Sureste vulnerable,2019-05-20,134.0,134.0,134.0
Region Sur-Sureste vulnerable,2019-05-27,109.0,109.0,109.0
Region Sur-Sureste vulnerable,2019-06-03,135.0,135.0,135.0
Region Sur-Sureste vulnerable,2019-06-10,150.0,150.0,150.0
Region Sur-Sureste vulnerable,2019-06-17,79.0,79.0,79.0
Region Sur-Sureste vulnerable,2019-06-24,164.0,164.0,164.0
Region Sur-Sureste vulnerable,2019-07-01,146.0,146.0,146.0
Region Sur-Sureste vulnerable,2019-07-08,279.0,279.0,279.0
Region Sur-Sureste vulnerable,2019-07-15,184.0,184.0,184.0
Region Sur-Sureste vulnerable,2019-07-22,356.0,356.0,356.0
Region Sur-Sureste vulnerable,2019-07-29,243.49853515625,226.7602996826172,257.9097595214844
Region Sur-Sureste vulnerable,2019-08-05,174.59913635253906,156.98855590820312,192.0395965576172
Region Sur-Sureste vulnerable,2019-08-19,262.83355712890625,215.7986602783203,311.07025146484375
Region Sur-Sureste vulnerable,2019-08-26,341.1299743652344,196.2991943359375,483.19952392578125
Region Sur-Sureste vulnerable,2019-09-02,266.33087158203125,253.4005584716797,283.7074279785156
Region Sur-Sureste vulnerable,2019-09-09,199.93455505371094,191.63607788085938,208.39991760253906
Region Sur-Sureste vulnerable,2019-09-16,226.77247619628906,200.0556640625,256.1048583984375
Region Sur-Sureste vulnerable,2019-09-23,254.7183074951172,109.54609680175781,407.7546691894531
Region Sur-Sureste vulnerable,2019-09-30,255.42083740234375,210.12916564941406,307.142333984375
Region Sur-Sureste vulnerable,2019-10-07,250.13604736328125,238.88922119140625,262.5763854980469
Region Sur-Sureste vulnerable,2019-10-14,209.62840270996094,191.8058624267578,231.93460083007812
Region Sur-Sureste vulnerable,2019-10-21,207.07118225097656,161.37890625,272.0638732910156
Region Sur-Sureste vulnerable,2019-10-28,240.03091430664062,169.94091796875,307.27178955078125
Region Sur-Sureste vulnerable,2019-11-04,267.6935119628906,209.3102264404297,321.3164978027344
Region Sur-Sureste vulnerable,2019-11-11,234.40887451171875,204.89181518554688,267.589599609375
Region Sur-Sureste vulnerable,2019-11-18,217.05792236328125,149.2050018310547,297.9247131347656
Region Sur-Sureste vulnerable,2019-11-25,201.2964324951172,114.07218933105469,303.3994140625
Region Sur-Sureste vulnerable,2019-12-02,177.42947387695312,69.50752258300781,274.14654541015625
Region Sur-Sureste vulnerable,2019-12-09,126.5135726928711,38.85169219970703,291.47918701171875
Region Sur-Sureste vulnerable,2019-12-16,69.3346176147461,26.976160049438477,238.54348754882812
Region Sur-Sureste vulnerable,2020-01-13,44.4822998046875,25.20553970336914,76.16634368896484
Region Sur-Sureste vulnerable,2020-01-20,44.63597869873047,17.611989974975586,85.44499206542969
Region Sur-Sureste vulnerable,2020-01-27,51.0440559387207,16.13947868347168,86.77252960205078
Region Sur-Sureste vulnerable,2020-02-03,54.17820358276367,5.936333179473877,77.80364990234375
Region Sur-Sureste vulnerable,2020-02-10,69.45391845703125,4.524159908294678,95.29524993896484
Region Sur-Sureste vulnerable,2020-02-17,95.39325714111328,76.29411315917969,110.1169662475586
Region Sur-Sureste vulnerable,2020-02-24,95.59371948242188,81.70781707763672,111.66963195800781
Region Sur-Sureste vulnerable,2020-03-02,93.6341323852539,75.72555541992188,111.07356262207031
Region Sur-Sureste vulnerable,2020-03-09,81.53591918945312,43.642608642578125,112.63311004638672
Region Sur-Sureste vulnerable,2020-03-16,67.31490325927734,35.164669036865234,105.52366638183594
Region Sur-Sureste vulnerable,2020-03-23,48.17690658569336,26.998659133911133,89.95482635498047
Region Sur-Sureste vulnerable,2020-03-30,25.6756649017334,9.195143699645996,42.08903884887695
Region Sur-Sureste vulnerable,2020-04-06,17.493974685668945,7.86983585357666,29.499370574951172
Region Sur-Sureste vulnerable,2020-04-13,12.78521728515625,6.42855978012085,23.369417190551758
Region Sur-Sureste vulnerable,2020-04-20,10.67575454711914,1.162821650505066,17.76761817932129
Region Sur-Sureste vulnerable,2020-04-27,13.151744842529297,6.4417548179626465,25.355609893798828
Region Sur-Sureste vulnerable,2020-05-04,4.796413898468018,2.5108206272125244,7.024106025695801
Region Sur-Sureste vulnerable,2020-05-11,7.383120536804199,6.250859260559082,8.516392707824707
Region Sur-Sureste vulnerable,2020-05-18,7.180027008056641,5.76192569732666,9.24185562133789
Region Sur-Sureste vulnerable,2020-05-25,5.394545078277588,3.237809419631958,7.467499256134033
Region Sur-Sureste vulnerable,2020-06-01,5.781771659851074,2.0541698932647705,7.859013080596924
Region Sur-Sureste vulnerable,2020-06-08,6.698979377746582,2.2422783374786377,11.094531059265137
Region Sur-Sureste vulnerable,2020-06-15,5.499486923217773,4.223768711090088,7.134289264678955
Region Sur-Sureste vulnerable,2020-06-22,6.6742448806762695,5.8380842208862305,7.566770553588867
Region Sur-Sureste vulnerable,2020-06-29,3.8945541381835938,1.620479702949524,6.734299182891846
Region Sur-Sureste vulnerable,2020-07-06,6.922125816345215,5.640218257904053,8.015972137451172
Region Sur-Sureste vulnerable,2020-07-13,7.259546279907227,6.248331069946289,8.259472846984863
Region Sur-Sureste vulnerable,2020-07-20,7.018620491027832,5.736137390136719,8.248475074768066
Region Sur-Sureste vulnerable,2020-07-27,6.253068923950195,4.420352458953857,8.50202465057373
Region Sur-Sureste vulnerable,2020-08-03,19.07574462890625,16.18596839904785,22.007932662963867
Region Sur-Sureste vulnerable,2020-08-10,8.69943904876709,6.9073100090026855,10.640206336975098
Region Sur-Sureste vulnerable,2020-08-24,8.7559814453125,5.049251079559326,11.762194633483887
Region Sur-Sureste vulnerable,2020-09-21,48.53910827636719,46.530269622802734,50.97697830200195
Region Sur-Sureste vulnerable,2020-10-26,62.357139587402344,60.29594421386719,64.78275299072266
Region Sur-Sureste vulnerable,2020-11-02,76.39335632324219,74.0897216796875,79.00497436523438
Region Sur-Sureste vulnerable,2020-11-09,90.42176055908203,88.01567077636719,92.63722229003906
Region Sur-Sureste vulnerable,2020-11-16,97.56517791748047,94.6960220336914,100.3851318359375
Region Sur-Sureste vulnerable,2020-11-23,103.0167007446289,100.31748962402344,105.64988708496094
Region Sur-Sureste vulnerable,2020-11-30,109.94602966308594,106.66615295410156,113.33688354492188
Region Sur-Sureste vulnerable,2020-12-07,116.4408187866211,112.71611785888672,119.74333190917969
Region Sur-Sureste vulnerable,2020-12-14,122.23597717285156,114.5696792602539,131.37257385253906
Region Sur-Sureste vulnerable,2020-12-21,11.662721633911133,3.3230669498443604,19.450645446777344
Region Sur-Sureste vulnerable,2021-01-04,9.93937873840332,8.873550415039062,11.147106170654297
Region Sur-Sureste vulnerable,2021-01-11,15.177230834960938,14.416704177856445,16.00354766845703
Region Sur-Sureste vulnerable,2021-01-18,12.905099868774414,12.233802795410156,13.547783851623535
Region Sur-Sureste vulnerable,2021-01-25,23.620214462280273,22.17251968383789,25.17754554748535
Region Sur-Sureste vulnerable,2021-02-01,36.41647720336914,26.234466552734375,48.80514907836914
Region Sur-Sureste vulnerable,2021-02-08,22.039884567260742,5.889094352722168,36.382774353027344
Region Sur-Sureste vulnerable,2021-02-15,23.10279655456543,18.481090545654297,28.023757934570312
Region Sur-Sureste vulnerable,2021-02-22,12.712637901306152,10.963312149047852,14.354869842529297
Region Sur-Sureste vulnerable,2021-03-01,1.9784270524978638,1.0005797147750854,2.829416036605835
Region Sur-Sureste vulnerable,2021-03-08,0.11626367270946503,0.0,0.556428849697113
Region Sur-Sureste vulnerable,2021-03-15,1.8076328039169312,1.3359867334365845,2.3253591060638428
Region Sur-Sureste vulnerable,2021-03-22,0.1369502693414688,0.0,0.5808469653129578
Region Sur-Sureste vulnerable,2021-03-29,5.995153903961182,5.157040119171143,6.693741321563721
Region Sur-Sureste vulnerable,2021-04-05,1.9065998792648315,1.2767870426177979,2.4623403549194336
Region Sur-Sureste vulnerable,2021-04-12,1.0273425579071045,0.4960927665233612,1.7193245887756348
Region Sur-Sureste vulnerable,2021-04-19,3.8485546112060547,3.208669424057007,4.490230083465576
Region Sur-Sureste vulnerable,2021-04-26,4.064571380615234,3.2880630493164062,4.7602458000183105
Region Sur-Sureste vulnerable,2021-05-03,0.2571730613708496,0.0,0.7718479037284851
Region Sur-Sureste vulnerable,2021-05-10,1.8337165117263794,1.2327420711517334,2.342456579208374
Region Sur-Sureste vulnerable,2021-05-17,3.012799024581909,2.453134298324585,3.521343469619751
Region Sur-Sureste vulnerable,2021-05-24,5.8680243492126465,5.340559482574463,6.381163597106934
Region Sur-Sureste vulnerable,2021-05-31,4.999935626983643,4.494277000427246,5.56421422958374
Region Sur-Sureste vulnerable,2021-06-07,5.045405864715576,4.543281078338623,5.6277174949646
Region Sur-Sureste vulnerable,2021-06-14,6.980364799499512,6.368000507354736,7.504195690155029
Region Sur-Sureste vulnerable,2021-06-21,7.9512457847595215,7.37827205657959,8.55031967163086
Region Sur-Sureste vulnerable,2021-06-28,5.249553203582764,4.486102104187012,6.15207576751709
Region Sur-Sureste vulnerable,2021-07-05,9.150761604309082,8.412378311157227,10.037056922912598
Region Sur-Sureste vulnerable,2021-07-12,14.812813758850098,13.930097579956055,15.71471881866455
Region Sur-Sureste vulnerable,2021-07-19,12.174307823181152,11.228292465209961,13.172660827636719
Region Sur-Sureste vulnerable,2021-07-26,8.961277961730957,8.260574340820312,9.729147911071777
Region Sur-Sureste vulnerable,2021-08-02,10.302379608154297,9.218505859375,11.476147651672363
Region Sur-Sureste vulnerable,2021-08-09,5.1535820960998535,3.170424461364746,7.059008598327637
Region Sur-Sureste vulnerable,2021-08-16,21.865829467773438,19.62571144104004,23.89873695373535
Region Sur-Sureste vulnerable,2021-08-23,12.229369163513184,10.953292846679688,13.466360092163086
Region Sur-Sureste vulnerable,2021-08-30,14.379576683044434,13.483358383178711,15.347100257873535
Region Sur-Sureste vulnerable,2021-09-06,18.42064666748047,17.472457885742188,19.3400821685791
Region Sur-Sureste vulnerable,2021-09-13,20.001422882080078,18.609100341796875,21.694604873657227
Region Sur-Sureste vulnerable,2021-09-20,24.5801944732666,22.75254249572754,26.27693748474121
Region Sur-Sureste vulnerable,2021-09-27,18.8747501373291,17.628347396850586,20.066892623901367
Region Sur-Sureste vulnerable,2021-10-04,15.645421028137207,14.428383827209473,16.943674087524414
Region Sur-Sureste vulnerable,2021-10-11,19.314395904541016,16.669189453125,21.758750915527344
Region Sur-Sureste vulnerable,2021-10-18,19.920839309692383,15.939042091369629,23.641292572021484
Region Sur-Sureste vulnerable,2021-10-25,45.08563995361328,40.799076080322266,49.05076599121094
Region Sur-Sureste vulnerable,2021-11-01,36.446380615234375,35.092247009277344,37.85808563232422
Region Sur-Sureste vulnerable,2021-11-08,33.098670959472656,31.979137420654297,34.27275085449219
Region Sur-Sureste vulnerable,2021-11-15,26.034122467041016,24.985599517822266,27.005767822265625
Region Sur-Sureste vulnerable,2021-11-22,23.960054397583008,22.525108337402344,25.393978118896484
Region Sur-Sureste vulnerable,2021-11-29,34.4644660949707,11.529661178588867,56.51038360595703
Region Sur-Sureste vulnerable,2021-12-06,1.364855170249939,0.0,4.967120170593262
Region Sur-Sureste vulnerable,2021-12-13,0.4485801160335541,0.0,2.379537343978882
Region Sur-Sureste vulnerable,2021-12-20,17.790475845336914,0.0,39.45909881591797
Region Sur-Sureste vulnerable,2021-12-27,13.158950805664062,11.772058486938477,14.886658668518066
Region Sur-Sureste vulnerable,2022-01-03,12.730208396911621,11.879162788391113,13.622823715209961
Region Sur-Sureste vulnerable,2022-01-10,12.72684097290039,11.585769653320312,14.099241256713867
Region Sur-Sureste vulnerable,2022-01-17,10.383318901062012,8.835515975952148,12.119332313537598
Region Sur-Sureste vulnerable,2022-01-24,6.027428150177002,5.175596237182617,6.795993328094482
Region Sur-Sureste vulnerable,2022-01-31,4.723556995391846,3.0083253383636475,6.896808624267578
Region Sur-Sureste vulnerable,2022-02-07,13.961459159851074,11.796089172363281,16.611690521240234
Region Sur-Sureste vulnerable,2022-02-14,7.455668926239014,5.53189754486084,9.141674041748047
Region Sur-Sureste vulnerable,2022-02-21,9.009634971618652,6.672367572784424,12.910643577575684
Region Sur-Sureste vulnerable,2022-02-28,9.622247695922852,7.225726127624512,12.562338829040527
Region Sur-Sureste vulnerable,2022-03-07,7.70871114730835,2.8950610160827637,13.044854164123535
Region Sur-Sureste vulnerable,2022-03-14,12.40479850769043,0.0,23.507957458496094
Region Sur-Sureste vulnerable,2022-03-21,25.188674926757812,14.155430793762207,34.85525894165039
Region Sur-Sureste vulnerable,2022-03-28,22.551856994628906,18.547252655029297,28.363300323486328
Region Sur-Sureste vulnerable,2022-04-04,23.07709312438965,19.450986862182617,27.429115295410156
Region Sur-Sureste vulnerable,2022-04-11,27.10942268371582,20.763751983642578,33.80229568481445
Region Sur-Sureste vulnerable,2022-04-18,30.85371971130371,25.32674217224121,38.034423828125
Region Sur-Sureste vulnerable,2022-04-25,30.91189956665039,25.301755905151367,36.76162338256836
Region Sur-Sureste vulnerable,2022-05-02,29.475317001342773,22.750818252563477,39.35603713989258
Region Sur-Sureste vulnerable,2022-05-09,26.893844604492188,18.369901657104492,34.19715118408203
Region Sur-Sureste vulnerable,2022-05-16,36.1915397644043,31.642850875854492,41.4173583984375
Region Sur-Sureste vulnerable,2022-05-23,34.89073944091797,29.9563045501709,41.63983154296875
Region Sur-Sureste vulnerable,2022-05-30,36.390655517578125,32.340702056884766,41.143104553222656
Region Sur-Sureste vulnerable,2022-06-06,36.70038604736328,31.5710391998291,44.603233337402344
Region Sur-Sureste vulnerable,2022-06-13,40.86609649658203,33.9724006652832,49.7110481262207
Region Sur-Sureste vulnerable,2022-06-20,31.339632034301758,26.007038116455078,37.57805633544922
Region Sur-Sureste vulnerable,2022-06-27,38.24093246459961,35.02827072143555,41.73914337158203
Region Sur-Sureste vulnerable,2022-07-04,38.16822814941406,34.98587417602539,42.02727508544922
Region Sur-Sureste vulnerable,2022-07-11,48.50123977661133,38.76487350463867,59.10014343261719
Region Sur-Sureste vulnerable,2022-07-18,50.86381530761719,38.497901916503906,65.31228637695312
Region Sur-Sureste vulnerable,2022-07-25,64.08753204345703,47.499019622802734,82.22807312011719
Region Sur-Sureste vulnerable,2022-08-01,62.47241973876953,46.335914611816406,77.50727844238281
Region Sur-Sureste vulnerable,2022-08-08,70.34313201904297,51.67631149291992,88.14842987060547
Region Sur-Sureste vulnerable,2022-08-15,86.39353942871094,54.558128356933594,120.86769104003906
Region Sur-Sureste vulnerable,2022-08-22,107.76603698730469,68.1843490600586,135.94671630859375
Region Sur-Sureste vulnerable,2022-08-29,113.87513732910156,81.46147155761719,138.73548889160156
Region Sur-Sureste vulnerable,2022-09-05,112.35916900634766,84.32762145996094,137.2623748779297
Region Sur-Sureste vulnerable,2022-09-12,107.67371368408203,82.65873718261719,135.1342010498047
Region Sur-Sureste vulnerable,2022-09-19,116.93711853027344,90.52918243408203,141.5151824951172
Region Sur-Sureste vulnerable,2022-09-26,128.3257293701172,98.04496765136719,156.16940307617188
Region Sur-Sureste vulnerable,2022-10-03,118.67603302001953,92.54144287109375,141.99765014648438
Region Sur-Sureste vulnerable,2022-10-10,129.30311584472656,99.05753326416016,165.02450561523438
Region Sur-Sureste vulnerable,2022-10-17,139.1337890625,67.41925811767578,217.67054748535156
Region Sur-Sureste vulnerable,2022-10-24,161.6570281982422,97.30426788330078,231.95262145996094
Region Sur-Sureste vulnerable,2022-10-31,151.17030334472656,122.30329132080078,185.6315155029297
Region Sur-Sureste vulnerable,2022-11-07,137.16554260253906,125.35340118408203,150.0399932861328
Region Sur-Sureste vulnerable,2022-11-14,120.85301971435547,98.37832641601562,142.32203674316406
Region Sur-Sureste vulnerable,2022-11-21,115.95596313476562,76.07559967041016,156.39414978027344
Region Sur-Sureste vulnerable,2022-11-28,113.58477020263672,69.40519714355469,153.1802520751953
Region Sur-Sureste vulnerable,2022-12-05,79.92247009277344,0.0,169.51449584960938
Region Sur-Sureste vulnerable,2022-12-12,78.0510482788086,0.0,187.7000732421875
Region Sur-Sureste vulnerable,2022-12-19,90.30438995361328,0.0,196.56927490234375
Region Sur-Sureste vulnerable,2022-12-26,101.87870025634766,43.72108840942383,148.8561553955078
Region Sur-Sureste vulnerable,2023-01-02,88.54409790039062,67.2560043334961,116.69013977050781
Region Sur-Sureste vulnerable,2023-01-09,90.31661224365234,63.116519927978516,124.42388916015625
Region Sur-Sureste vulnerable,2023-01-16,104.14762878417969,75.60021209716797,137.86752319335938
Region Sur-Sureste vulnerable,2023-01-23,115.39520263671875,80.53865814208984,154.66282653808594
Region Sur-Sureste vulnerable,2023-01-30,118.03919982910156,75.9854736328125,153.482666015625
Region Sur-Sureste vulnerable,2023-02-06,103.99506378173828,72.98372650146484,124.5285873413086
Region Sur-Sureste vulnerable,2023-02-13,102.19268035888672,63.734336853027344,134.2989959716797
Region Sur-Sureste vulnerable,2023-02-20,105.73371887207031,56.06597900390625,157.81982421875
Region Sur-Sureste vulnerable,2023-02-27,109.85981750488281,39.277923583984375,203.18783569335938
Region Sur-Sureste vulnerable,2023-03-06,100.22209930419922,52.26606369018555,134.53201293945312
Region Sur-Sureste vulnerable,2023-03-13,101.60533905029297,63.192909240722656,152.36166381835938
Region Sur-Sureste vulnerable,2023-03-20,94.8194580078125,56.123504638671875,151.40391540527344
Region Sur-Sureste vulnerable,2023-03-27,75.36211395263672,43.47835159301758,133.09202575683594
Region Sur-Sureste vulnerable,2023-04-03,74.51636505126953,47.440006256103516,110.99295806884766
Region Sur-Sureste vulnerable,2023-04-10,72.155517578125,46.45970153808594,101.77239990234375
Region Sur-Sureste vulnerable,2023-04-17,71.54002380371094,48.687339782714844,98.34390258789062
Region Sur-Sureste vulnerable,2023-04-24,66.41136932373047,46.767906188964844,85.54926300048828
Region Sur-Sureste vulnerable,2023-05-01,67.09329223632812,55.44025421142578,90.85597229003906
Region Sur-Sureste vulnerable,2023-05-08,69.92245483398438,51.4002685546875,101.30729675292969
Region Sur-Sureste vulnerable,2023-05-15,79.73773193359375,55.654056549072266,124.24809265136719
Region Sur-Sureste vulnerable,2023-05-22,88.43730926513672,59.51010513305664,154.56008911132812
Region Sur-Sureste vulnerable,2023-05-29,107.68242645263672,62.97034454345703,179.61480712890625
Region Sur-Sureste vulnerable,2023-06-05,125.82524108886719,68.34799194335938,205.90505981445312
Region Sur-Sureste vulnerable,2023-06-12,149.0878143310547,67.61587524414062,230.74954223632812
Region Sur-Sureste vulnerable,2023-06-19,175.35787963867188,82.84693908691406,254.1391143798828
Region Sur-Sureste vulnerable,2023-06-26,198.89544677734375,92.18682861328125,283.899169921875
Region Sur-Sureste vulnerable,2023-07-03,217.28269958496094,66.87531280517578,345.5959167480469
Region Sur-Sureste vulnerable,2023-07-10,236.38966369628906,108.632080078125,405.63970947265625
Region Sur-Sureste vulnerable,2023-07-17,258.4458923339844,6.520979881286621,538.6474609375
Region Sur-Sureste vulnerable,2023-07-24,272.4269104003906,0.0,658.3333740234375
Region Sur-Sureste vulnerable,2023-07-31,268.0552673339844,0.0,603.7984619140625
Region Sur-Sureste vulnerable,2023-08-07,288.2383117675781,0.0,761.5841674804688
Region Sur-Sureste vulnerable,2023-08-14,298.21026611328125,0.0,741.4608154296875
Region Sur-Sureste vulnerable,2023-08-21,258.31951904296875,0.0,678.2896118164062
Region Sur-Sureste vulnerable,2023-08-28,249.629638671875,0.0,678.5807495117188
Region Sur-Sureste vulnerable,2023-09-04,241.44703674316406,0.0,619.1583251953125
Region Sur-Sureste vulnerable,2023-09-11,213.1403350830078,5.6510114669799805,458.3416442871094
Region Sur-Sureste vulnerable,2023-09-18,215.716552734375,44.39690399169922,423.0325622558594
Region Sur-Sureste vulnerable,2023-09-25,202.0311737060547,50.71422576904297,379.2493591308594
Region Sur-Sureste vulnerable,2023-10-02,198.90621948242188,56.91170883178711,323.0975646972656
Region Sur-Sureste vulnerable,2023-10-09,183.5802764892578,51.99602127075195,306.75970458984375
Region Sur-Sureste vulnerable,2023-10-16,180.09202575683594,37.50287628173828,312.5401611328125
Region Sur-Sureste vulnerable,2023-10-23,956.3469848632812,899.1680908203125,1015.7109375
Region Sur-Sureste vulnerable,2023-10-30,895.08056640625,840.5308837890625,955.2386474609375
Region Sur-Sureste vulnerable,2023-11-06,663.8975830078125,608.9199829101562,720.156005859375
Region Sur-Sureste vulnerable,2023-11-13,514.1759033203125,490.15771484375,540.8741455078125
Region Sur-Sureste vulnerable,2023-11-20,515.123291015625,439.14117431640625,599.8267211914062
Region Sur-Sureste vulnerable,2023-11-27,563.3833618164062,246.3298797607422,830.01416015625
Region Sur-Sureste vulnerable,2023-12-04,388.10797119140625,270.0660095214844,508.388671875
Region Sur-Sureste vulnerable,2023-12-11,218.18882751464844,152.7424774169922,286.2685852050781
Region Sur-Sureste vulnerable,2023-12-18,262.5025939941406,204.9881591796875,315.787841796875
Region Sur-Sureste vulnerable,2023-12-25,283.7217712402344,253.593017578125,310.15411376953125
Region Sur-Sureste vulnerable,2024-01-01,252.9221954345703,234.86135864257812,272.2429504394531
Region Sur-Sureste vulnerable,2024-01-08,255.0888214111328,216.90036010742188,300.4973449707031
Region Sur-Sureste vulnerable,2024-01-15,343.6924743652344,173.9257354736328,514.8814086914062
Region Sur-Sureste vulnerable,2024-01-22,324.8042297363281,253.7012176513672,396.1418151855469
Region Sur-Sureste vulnerable,2024-01-29,248.69442749023438,205.3679962158203,280.5525817871094
Region Sur-Sureste vulnerable,2024-02-05,361.4939880371094,328.49957275390625,400.1747131347656
Region Sur-Sureste vulnerable,2024-02-12,316.52276611328125,298.5752258300781,334.6603088378906
Region Sur-Sureste vulnerable,2024-02-19,324.2376708984375,299.58038330078125,350.6623229980469
Region Sur-Sureste vulnerable,2024-02-26,262.61328125,244.4783935546875,280.90155029296875
Region Sur-Sureste vulnerable,2024-03-04,294.4794616699219,270.841796875,319.5682678222656
Region Sur-Sureste vulnerable,2024-03-11,257.2189636230469,240.43673706054688,273.9802551269531
Region Sur-Sureste vulnerable,2024-03-18,236.6890411376953,214.83154296875,258.5078125
Region Sur-Sureste vulnerable,2024-03-25,166.92117309570312,150.09523010253906,183.36216735839844
Region Sur-Sureste vulnerable,2024-04-01,207.70901489257812,184.2661590576172,228.80810546875
Region Sur-Sureste vulnerable,2024-04-08,186.4371337890625,163.48182678222656,208.3501434326172
Region Sur-Sureste vulnerable,2024-04-15,166.0070343017578,152.25071716308594,181.081787109375
Region Sur-Sureste vulnerable,2024-04-22,156.4412384033203,144.16831970214844,169.44717407226562
Region Sur-Sureste vulnerable,2024-04-29,149.42079162597656,136.0111541748047,161.86419677734375
Region Sur-Sureste vulnerable,2024-05-06,131.1388397216797,118.99713134765625,142.99969482421875
Region Sur-Sureste vulnerable,2024-05-13,131.13360595703125,116.62081909179688,151.2762908935547
Region Sur-Sureste vulnerable,2024-05-20,167.87649536132812,139.88230895996094,196.23211669921875
Region Sur-Sureste vulnerable,2024-05-27,209.3444061279297,160.8218231201172,257.9991149902344
Region Sur-Sureste vulnerable,2024-06-03,293.9443054199219,244.74876403808594,341.72332763671875
Region Sur-Sureste vulnerable,2024-06-10,331.2845153808594,270.4183654785156,380.2749938964844
Region Sur-Sureste vulnerable,2024-06-17,377.5753479003906,302.0665283203125,437.026123046875
Region Sur-Sureste vulnerable,2024-06-24,423.244873046875,335.45147705078125,502.2038879394531
Region Sur-Sureste vulnerable,2024-07-01,361.2957458496094,143.3615264892578,618.0112915039062
Region Sur-Sureste vulnerable,2024-07-15,451.0388488769531,0.0,1020.8125610351562
Region Sur-Sureste vulnerable,2024-07-22,421.0566101074219,0.0,989.0406494140625
Region Sur-Sureste vulnerable,2024-07-29,358.636962890625,243.54400634765625,495.5895080566406
Region Sur-Sureste vulnerable,2024-08-05,364.8550109863281,263.3631591796875,473.3822326660156
Region Sur-Sureste vulnerable,2024-08-12,340.4337158203125,207.15672302246094,457.6954650878906
Region Sur-Sureste vulnerable,2024-08-19,353.864990234375,226.74270629882812,493.7209167480469
Region Sur-Sureste vulnerable,2024-08-26,338.56298828125,203.8313446044922,463.1642150878906
Region Sur-Sureste vulnerable,2024-09-02,316.0334777832031,170.90463256835938,465.41461181640625
Region Sur-Sureste vulnerable,2024-09-09,282.8938293457031,110.90310668945312,424.6966247558594
Region Sur-Sureste vulnerable,2024-09-16,299.122314453125,0.0,573.6295776367188
Region Sur-Sureste vulnerable,2024-09-23,365.36480712890625,0.0,1068.7349853515625
Region Sur-Sureste vulnerable,2024-09-30,376.9363098144531,0.0,1291.65869140625
Region Sur-Sureste vulnerable,2024-10-07,432.05279541015625,0.0,1758.985595703125
Region Sur-Sureste vulnerable,2024-10-14,379.2889099121094,0.0,1377.772216796875
Region Sur-Sureste vulnerable,2024-10-21,344.3310852050781,0.0,949.8226928710938
Region Sur-Sureste vulnerable,2024-10-28,219.25714111328125,206.827880859375,230.1663818359375
Region Sur-Sureste vulnerable,2024-11-04,163.79513549804688,155.44102478027344,170.6990966796875
Region Sur-Sureste vulnerable,2024-11-11,98.5885009765625,93.27393341064453,104.21333312988281
Region Sur-Sureste vulnerable,2024-11-18,111.68705749511719,108.00425720214844,115.97164154052734
Region Sur-Sureste vulnerable,2024-11-25,123.81461334228516,118.08422088623047,129.15350341796875
Region Sur-Sureste vulnerable,2024-12-02,82.7562255859375,76.81964874267578,88.26422119140625
Region Sur-Sureste vulnerable,2024-12-09,57.87376403808594,53.766483306884766,61.32207107543945
Region Sur-Sureste vulnerable,2024-12-16,42.70994186401367,40.08616638183594,45.202091217041016
Region Sur-Sureste vulnerable,2024-12-23,62.840518951416016,59.020530700683594,66.30841064453125
Region Sur-Sureste vulnerable,2024-12-30,10.037549018859863,4.400676727294922,15.349248886108398
Region Sur-Sureste vulnerable,2025-01-06,49.20629119873047,43.841590881347656,54.7281494140625
Region Sur-Sureste vulnerable,2025-01-13,23.099767684936523,20.996505737304688,24.989036560058594
Region Sur-Sureste vulnerable,2025-01-20,53.10242462158203,49.32211685180664,56.88933181762695
Region Sur-Sureste vulnerable,2025-01-27,29.228107452392578,25.38249969482422,32.56193923950195
Region Sur-Sureste vulnerable,2025-02-03,42.427791595458984,39.23457336425781,45.380924224853516
Region Sur-Sureste vulnerable,2025-02-10,39.055484771728516,36.734371185302734,41.65635681152344
Region Sur-Sureste vulnerable,2025-02-17,50.97568130493164,47.737430572509766,54.19095993041992
Region Sur-Sureste vulnerable,2025-02-24,36.31319046020508,32.36600875854492,40.673954010009766
Region Sur-Sureste vulnerable,2025-03-03,36.08492660522461,32.150611877441406,39.91697311401367
Region Sur-Sureste vulnerable,2025-03-10,25.310062408447266,21.823972702026367,28.58343505859375
Region Sur-Sureste vulnerable,2025-03-17,38.275184631347656,33.66259765625,41.98799514770508
Region Sur-Sureste vulnerable,2025-03-24,52.856590270996094,47.13164520263672,59.02118682861328
Region Sur-Sureste vulnerable,2025-03-31,35.83197021484375,29.4188232421875,41.56523895263672
Region Sur-Sureste vulnerable,2025-04-07,25.06064796447754,18.525684356689453,32.19761657714844
Region Sur-Sureste vulnerable,2025-04-21,42.223079681396484,32.66212844848633,52.29404830932617
Region Sur-Sureste vulnerable,2025-04-28,46.19810104370117,35.37715148925781,56.44054412841797
Region Sur-Sureste vulnerable,2025-05-05,20.38426399230957,10.797746658325195,31.71805763244629
Region Sur-Sureste vulnerable,2025-05-12,26.772024154663086,17.380098342895508,35.472198486328125
Region Sur-Sureste vulnerable,2025-05-19,29.96158790588379,23.796194076538086,36.13682556152344
Region Sur-Sureste vulnerable,2025-05-26,22.184932708740234,16.356189727783203,27.53858184814453
Region Sur-Sureste vulnerable,2025-06-02,29.16595458984375,22.879587173461914,35.46957778930664
Region Sur-Sureste vulnerable,2025-06-09,24.445411682128906,20.954898834228516,28.2405948638916
Region Sur-Sureste vulnerable,2025-06-16,19.86103057861328,17.148563385009766,22.43001937866211
Region Sur-Sureste vulnerable,2025-06-23,25.31085777282715,22.451324462890625,27.9365234375
Region Sur-Sureste vulnerable,2025-06-30,30.829240798950195,27.018728256225586,34.424476623535156
Region Sur-Sureste vulnerable,2025-07-07,36.23141098022461,32.462764739990234,40.60932159423828
Region Sur-Sureste vulnerable,2025-07-14,38.63140869140625,34.02035903930664,43.12208938598633
Region Sur-Sureste vulnerable,2025-07-21,51.20574951171875,45.084808349609375,57.980899810791016
Region Sur-Sureste vulnerable,2025-07-28,45.933834075927734,38.69318389892578,53.25453186035156
Region Sur-Sureste vulnerable,2025-08-04,31.26551055908203,24.963924407958984,37.767574310302734
Region Sur-Sureste vulnerable,2025-08-11,87.26168060302734,78.23638153076172,96.63436889648438
Region Sur-Sureste vulnerable,2025-08-18,52.616085052490234,42.892799377441406,62.03337097167969
Region Sur-Sureste vulnerable,2025-08-25,82.48399353027344,72.26952362060547,93.26335906982422
Region Sur-Sureste vulnerable,2025-09-01,62.69778823852539,53.63264465332031,71.92471313476562
Region Sur-Sureste vulnerable,2025-09-08,90.7673568725586,81.30046844482422,99.76042938232422
Region Sur-Sureste vulnerable,2025-09-15,79.8924331665039,74.31217193603516,85.95687103271484
Region Sur-Sureste vulnerable,2025-09-22,92.12188720703125,86.66618347167969,97.0311279296875
Region Sur-Sureste vulnerable,2025-09-29,86.67304229736328,82.01582336425781,91.47486877441406
Region Sur-Sureste vulnerable,2025-10-06,75.72544860839844,69.5614013671875,81.2113037109375
Region Sur-Sureste vulnerable,2025-10-13,64.61446380615234,57.545509338378906,71.33238220214844
Region Sur-Sureste vulnerable,2025-10-20,91.36784362792969,84.22451782226562,98.90685272216797
Region Sur-Sureste vulnerable,2025-10-27,92.31405639648438,82.9666748046875,100.43380737304688
Region Sur-Sureste vulnerable,2025-11-03,37.96950149536133,35.40630340576172,40.18229675292969
Region Sur-Sureste vulnerable,2025-11-10,30.62627410888672,28.71506690979004,32.36616134643555
Region Sur-Sureste vulnerable,2025-11-17,34.512386322021484,32.6812629699707,36.725746154785156
Region Sur-Sureste vulnerable,2025-11-24,36.63661575317383,33.99897003173828,39.21034622192383
Region Sur-Sureste vulnerable,2025-12-01,37.595096588134766,33.7840690612793,41.23762893676758
Region Sur-Sureste vulnerable,2025-12-08,29.331361770629883,25.195772171020508,33.045623779296875
Region Sur-Sureste vulnerable,2025-12-15,19.17987060546875,15.055352210998535,23.96816062927246
Region Sur-Sureste vulnerable,2025-12-22,12.774642944335938,6.800076961517334,19.545284271240234
Region Sur-Sureste vulnerable,2025-12-29,29.243837356567383,18.25948143005371,41.77745819091797
Region Sur-Sureste vulnerable,2026-01-05,11.157703399658203,6.821805477142334,15.000455856323242
Region Sur-Sureste vulnerable,2026-01-12,20.93981170654297,18.42805290222168,22.921676635742188
Region Sur-Sureste vulnerable,2026-01-19,17.827922821044922,15.711573600769043,20.04047203063965
Region Sur-Sureste vulnerable,2026-01-26,18.415292739868164,15.260885238647461,21.398244857788086
Region Sur-Sureste vulnerable,2026-02-02,21.38944435119629,18.81065559387207,24.060842514038086
Region Sur-Sureste vulnerable,2026-02-09,15.763467788696289,13.546412467956543,17.937170028686523
Region Sur-Sureste vulnerable,2026-02-16,20.64821434020996,18.15019416809082,22.990652084350586
Region Sur-Sureste vulnerable,2026-02-23,17.85759925842285,15.227243423461914,20.634122848510742
Region Sur-Sureste vulnerable,2026-03-02,13.015186309814453,10.866680145263672,14.80907917022705
Region Sur-Sureste vulnerable,2026-03-09,12.758307456970215,10.969135284423828,14.331136703491211
Region Sur-Sureste vulnerable,2026-03-16,14.015597343444824,12.245621681213379,15.773204803466797
Region Sur-Sureste vulnerable,2026-03-23,15.881916046142578,13.60920524597168,18.360305786132812
Region Sur-Sureste vulnerable,2026-03-30,9.747182846069336,7.295870780944824,12.706707954406738
Region Sur-Sureste vulnerable,2026-04-06,12.396122932434082,9.524282455444336,15.546036720275879
Region Sur-Sureste vulnerable,2026-04-13,11.914629936218262,9.259563446044922,14.565567970275879
Region Sur-Sureste vulnerable,2026-04-20,14.382148742675781,10.712949752807617,17.58059310913086
Region Sur-Sureste vulnerable,2026-04-27,9.00774097442627,5.950811386108398,12.07598876953125
Region Sur-Sureste vulnerable,2026-05-04,19.17061424255371,15.418777465820312,22.815759658813477
Region Sur-Sureste vulnerable,2026-05-11,14.279796407145263,12.29863680460006,16.197707228969037
Region Sur-Sureste vulnerable,2026-05-18,21.24647239024788,18.42312292839736,24.36898592158854
Region Sur-Sureste vulnerable,2026-05-25,19.643574965952336,17.17311953829825,22.304014898237586
Region Sur-Sureste vulnerable,2026-06-01,21.561457618021965,19.921230147707462,23.382035537049173
Region Sur-Sureste vulnerable,2026-06-08,17.692074273194372,15.78120717035085,19.270466572268308
Region Sur-Sureste vulnerable,2026-06-15,24.603721922013165,21.866943236431478,27.132226249861716
Region Sur-Sureste vulnerable,2026-06-22,23.961208243209125,20.899778262850642,26.715421445721386
Region Sur-Sureste vulnerable,2026-06-29,23.010228073829413,20.18482478081286,25.919979293423893
Region Sur-Sureste vulnerable,2026-07-06,25.211156574243308,21.81145650342107,28.628997966736556
Region Sur-Sureste vulnerable,2026-07-13,21.25159416372925,17.53104315405339,25.17360885285139
Region Sur-Sureste vulnerable,2026-07-20,25.308116868019106,18.830825060617922,31.058372929739953
Region Sur-Sureste vulnerable,2026-07-27,31.10217433655262,26.689935500878097,35.6481938955605
Region Sur-Sureste vulnerable,2026-08-03,33.64421295082569,29.40044717116058,37.54731165003776
Region Sur-Sureste vulnerable,2026-08-10,28.0278067563802,23.923770639947058,31.97413066288829
Region Sur-Sureste vulnerable,2026-08-17,38.81563178254962,33.15867138567865,44.649449578619006
Region Sur-Sureste vulnerable,2026-08-24,47.23411159180403,42.41272500334382,51.76679917443991
Region Sur-Sureste vulnerable,2026-08-31,57.067107435822486,53.44042572962642,60.51788695357442
Region Sur-Sureste vulnerable,2026-09-07,51.00486366425753,46.70436656062603,55.36497308943868
Region Sur-Sureste vulnerable,2026-09-14,41.392214198067784,37.01345895652771,46.08340786551833
Region Sur-Sureste vulnerable,2026-09-21,50.02886875319481,46.310507301682236,53.931235038799045
Region Sur-Sureste vulnerable,2026-09-28,56.40115908245444,52.48974774488211,60.120493670928475
Region Sur-Sureste vulnerable,2026-10-05,34.73672052592933,30.038909527140856,39.938716345337035
Region Sur-Sureste vulnerable,2026-10-12,36.55749051146209,28.913763450527192,44.78588338061571
Region Sur-Sureste vulnerable,2026-10-19,37.915180469450355,24.6810018011868,49.854585045170786
Region Sur-Sureste vulnerable,2026-10-26,36.59153750067949,26.33464575713575,47.0586191452384
Region Sur-Sureste vulnerable,2026-11-02,26.289802069419622,22.34375473867953,30.210514547634126
Region Sur-Sureste vulnerable,2026-11-09,18.53461625442654,13.770593528957665,23.21699150838554
Region Sur-Sureste vulnerable,2026-11-16,16.751552765263618,10.779621225495637,23.150382844260335
Region Sur-Sureste vulnerable,2026-11-23,14.974279441021382,9.211291930869221,21.19771566759199
Region Sur-Sureste vulnerable,2026-11-30,21.503812057489156,13.866190150544048,29.4467633687526
Region Sur-Sureste vulnerable,2026-12-07,19.951690615044534,15.58880134730637,24.199339979451896
Region Sur-Sureste vulnerable,2026-12-14,15.189961163651944,10.667129793859273,19.903918553340436
Region Sur-Sureste vulnerable,2026-12-21,21.999547232307492,15.216283238016068,29.69432044864446
Region Sur-Sureste vulnerable,2027-01-04,7.307789298070222,4.794942871975898,9.523448019016534
Region Sur-Sureste vulnerable,2027-01-11,15.534135378496348,13.322292378793657,17.523697250437735
Region Sur-Sureste vulnerable,2027-01-18,17.94340353925526,14.18281946760565,21.788469984036684
Region Sur-Sureste vulnerable,2027-01-25,15.06637276954651,12.289746686279774,17.847366445149483
Region Sur-Sureste vulnerable,2027-02-01,11.62996622862667,10.263062200145423,13.165005276067555
Region Sur-Sureste vulnerable,2027-02-08,12.06627346574068,10.113966733881085,14.08131744119525
Region Sur-Sureste vulnerable,2027-02-15,15.228843107035756,12.939598586039246,17.767025025877356
Region Sur-Sureste vulnerable,2027-02-22,13.517014523895085,11.44201250718087,15.5168161014691
Region Sur-Sureste vulnerable,2027-03-01,6.371596328952909,5.080856913469732,7.485641601767391
Region Sur-Sureste vulnerable,2027-03-08,9.032367896071076,8.267551388305426,9.714123963067681
Region Sur-Sureste vulnerable,2027-03-15,12.322871756270528,11.041995596069098,13.263461127699912
Region Sur-Sureste vulnerable,2027-03-22,11.776975212419034,10.613403670483082,13.094003410738706
Region Sur-Sureste vulnerable,2027-03-29,6.834952932265401,5.716454277408868,8.041275917450339
Region Sur-Sureste vulnerable,2027-04-05,9.233797643768042,8.059067678081243,10.37584621309191
Region Sur-Sureste vulnerable,2027-04-12,10.292991283483802,8.967747760500014,11.544246947199106
Region Sur-Sureste vulnerable,2027-04-19,13.347038227368891,11.59263746305108,15.189720440298318
Region Sur-Sureste vulnerable,2027-04-26,9.115220264792443,7.352818650075048,10.91959033163786
Region Sur-Sureste vulnerable,2027-05-03,17.171191190582515,15.241629614531995,19.402418822468817
Region Urbana media,2018-06-25,0.0,0.0,0.0
Region Urbana media,2018-07-02,7.0,7.0,7.0
Region Urbana media,2018-07-09,16.0,16.0,16.0
Region Urbana media,2018-07-16,19.0,19.0,19.0
Region Urbana media,2018-07-23,32.0,32.0,32.0
Region Urbana media,2018-07-30,7.0,7.0,7.0
Region Urbana media,2018-08-06,30.0,30.0,30.0
Region Urbana media,2018-08-13,38.0,38.0,38.0
Region Urbana media,2018-08-20,33.0,33.0,33.0
Region Urbana media,2018-08-27,43.0,43.0,43.0
Region Urbana media,2018-09-03,75.0,75.0,75.0
Region Urbana media,2018-09-10,97.0,97.0,97.0
Region Urbana media,2018-09-17,84.0,84.0,84.0
Region Urbana media,2018-09-24,166.0,166.0,166.0
Region Urbana media,2018-10-01,90.0,90.0,90.0
Region Urbana media,2018-10-08,92.0,92.0,92.0
Region Urbana media,2018-10-15,82.0,82.0,82.0
Region Urbana media,2018-10-22,87.0,87.0,87.0
Region Urbana media,2018-10-29,58.0,58.0,58.0
Region Urbana media,2018-11-05,104.0,104.0,104.0
Region Urbana media,2018-11-12,55.0,55.0,55.0
Region Urbana media,2018-11-26,69.0,69.0,69.0
Region Urbana media,2018-12-03,33.0,33.0,33.0
Region Urbana media,2018-12-10,15.0,15.0,15.0
Region Urbana media,2019-01-07,0.0,0.0,0.0
Region Urbana media,2019-01-14,14.0,14.0,14.0
Region Urbana media,2019-01-21,7.0,7.0,7.0
Region Urbana media,2019-01-28,9.0,9.0,9.0
Region Urbana media,2019-02-04,13.0,13.0,13.0
Region Urbana media,2019-02-18,17.0,17.0,17.0
Region Urbana media,2019-02-25,15.0,15.0,15.0
Region Urbana media,2019-03-04,8.0,8.0,8.0
Region Urbana media,2019-03-11,11.0,11.0,11.0
Region Urbana media,2019-03-18,7.0,7.0,7.0
Region Urbana media,2019-03-25,10.0,10.0,10.0
Region Urbana media,2019-04-01,4.0,4.0,4.0
Region Urbana media,2019-04-08,3.0,3.0,3.0
Region Urbana media,2019-04-15,4.0,4.0,4.0
Region Urbana media,2019-04-22,8.0,8.0,8.0
Region Urbana media,2019-04-29,13.0,13.0,13.0
Region Urbana media,2019-05-06,17.0,17.0,17.0
Region Urbana media,2019-05-13,18.0,18.0,18.0
Region Urbana media,2019-05-20,23.0,23.0,23.0
Region Urbana media,2019-05-27,22.0,22.0,22.0
Region Urbana media,2019-06-03,22.0,22.0,22.0
Region Urbana media,2019-06-10,22.0,22.0,22.0
Region Urbana media,2019-06-17,57.0,57.0,57.0
Region Urbana media,2019-06-24,20.0,20.0,20.0
Region Urbana media,2019-07-01,59.0,59.0,59.0
Region Urbana media,2019-07-08,82.0,82.0,82.0
Region Urbana media,2019-07-15,37.0,37.0,37.0
Region Urbana media,2019-07-22,129.0,129.0,129.0
Region Urbana media,2019-07-29,75.7806625366211,44.65605545043945,103.43704986572266
Region Urbana media,2019-08-05,109.93643951416016,81.34788513183594,140.47230529785156
Region Urbana media,2019-08-19,168.0360870361328,55.126953125,261.4737548828125
Region Urbana media,2019-08-26,196.57447814941406,0.0,397.0132141113281
Region Urbana media,2019-09-02,213.91921997070312,33.20232391357422,379.63641357421875
Region Urbana media,2019-09-09,194.89300537109375,92.62117004394531,312.93902587890625
Region Urbana media,2019-09-16,197.8253173828125,135.96197509765625,264.5397033691406
Region Urbana media,2019-09-23,217.0207977294922,167.01756286621094,267.9366149902344
Region Urbana media,2019-09-30,234.78990173339844,173.1028594970703,287.6640319824219
Region Urbana media,2019-10-07,249.77252197265625,162.40487670898438,337.3257751464844
Region Urbana media,2019-10-14,250.13446044921875,146.23199462890625,341.2689514160156
Region Urbana media,2019-10-21,245.31507873535156,151.6500701904297,374.4638366699219
Region Urbana media,2019-10-28,235.0857391357422,134.73651123046875,366.97589111328125
Region Urbana media,2019-11-04,211.74374389648438,59.27978515625,352.968994140625
Region Urbana media,2019-11-11,191.4410400390625,145.25746154785156,265.865234375
Region Urbana media,2019-11-18,160.68142700195312,130.48573303222656,190.75718688964844
Region Urbana media,2019-11-25,143.54263305664062,104.96186065673828,179.7593536376953
Region Urbana media,2019-12-02,121.84837341308594,62.4691162109375,164.42874145507812
Region Urbana media,2019-12-09,68.90277862548828,15.74450397491455,119.52188873291016
Region Urbana media,2019-12-16,34.709564208984375,6.2527289390563965,82.26739501953125
Region Urbana media,2020-01-13,14.26455020904541,7.257565498352051,29.870309829711914
Region Urbana media,2020-01-20,8.1860990524292,5.409948348999023,11.161206245422363
Region Urbana media,2020-01-27,5.288695812225342,3.240204334259033,9.341501235961914
Region Urbana media,2020-02-03,6.870945453643799,2.0187771320343018,18.259254455566406
Region Urbana media,2020-02-10,13.980534553527832,0.831089973449707,23.700115203857422
Region Urbana media,2020-02-17,22.639989852905273,14.7843599319458,28.35976219177246
Region Urbana media,2020-02-24,20.91065216064453,10.11024284362793,27.018842697143555
Region Urbana media,2020-03-02,25.77463722229004,13.503947257995605,36.18019104003906
Region Urbana media,2020-03-09,15.909927368164062,10.89774227142334,22.484045028686523
Region Urbana media,2020-03-16,11.941429138183594,7.858741283416748,15.786572456359863
Region Urbana media,2020-03-23,18.510183334350586,12.746556282043457,22.80580711364746
Region Urbana media,2020-03-30,19.277603149414062,9.728522300720215,24.19988250732422
Region Urbana media,2020-04-06,18.655790328979492,9.418476104736328,29.4554443359375
Region Urbana media,2020-04-13,9.624689102172852,7.001753807067871,13.082079887390137
Region Urbana media,2020-04-20,8.822831153869629,6.982147693634033,11.364129066467285
Region Urbana media,2020-04-27,9.278766632080078,7.420598030090332,12.197051048278809
Region Urbana media,2020-05-04,19.370315551757812,16.17565155029297,22.83860969543457
Region Urbana media,2020-05-11,23.733795166015625,15.007657051086426,32.0477294921875
Region Urbana media,2020-05-18,28.360422134399414,7.160397529602051,47.38115310668945
Region Urbana media,2020-05-25,42.8623046875,33.087921142578125,52.66890335083008
Region Urbana media,2020-06-01,41.979461669921875,35.095542907714844,47.20159912109375
Region Urbana media,2020-06-08,52.5527458190918,37.40699005126953,61.56429672241211
Region Urbana media,2020-06-15,44.5272216796875,29.947162628173828,57.39434814453125
Region Urbana media,2020-06-22,32.898799896240234,23.614652633666992,42.10622024536133
Region Urbana media,2020-06-29,24.675655364990234,14.836947441101074,36.56622314453125
Region Urbana media,2020-07-06,28.908767700195312,6.686107635498047,69.60124969482422
Region Urbana media,2020-07-13,37.14827346801758,0.0,87.91295623779297
Region Urbana media,2020-07-20,30.50615692138672,23.24404525756836,43.72663497924805
Region Urbana media,2020-07-27,28.02103042602539,17.938703536987305,61.388248443603516
Region Urbana media,2020-08-03,45.219120025634766,19.071651458740234,90.64508056640625
Region Urbana media,2020-08-10,56.53117370605469,28.769142150878906,116.23551177978516
Region Urbana media,2020-08-24,74.61353302001953,29.49924087524414,148.78216552734375
Region Urbana media,2020-09-21,637.3488159179688,0.0,1278.4833984375
Region Urbana media,2020-10-26,750.109619140625,0.0,1714.567626953125
Region Urbana media,2020-11-02,814.6768188476562,0.0,2181.163330078125
Region Urbana media,2020-11-09,769.3241577148438,0.0,1874.7305908203125
Region Urbana media,2020-11-16,798.9371948242188,0.0,1970.6741943359375
Region Urbana media,2020-11-23,696.3141479492188,0.0,1682.478759765625
Region Urbana media,2020-11-30,668.1984252929688,0.0,1567.962890625
Region Urbana media,2020-12-07,613.0126342773438,0.0,1466.2606201171875
Region Urbana media,2020-12-14,483.51763916015625,0.0,902.267333984375
Region Urbana media,2020-12-21,422.6611633300781,90.2994384765625,900.776611328125
Region Urbana media,2021-01-04,303.5613098144531,76.23817443847656,527.4376831054688
Region Urbana media,2021-01-11,214.7159423828125,69.5584716796875,377.6283874511719
Region Urbana media,2021-01-18,154.50411987304688,51.61014938354492,343.2044677734375
Region Urbana media,2021-01-25,107.39205169677734,28.610471725463867,258.17877197265625
Region Urbana media,2021-02-01,68.78546142578125,24.334367752075195,154.3213348388672
Region Urbana media,2021-02-08,45.06513977050781,19.94306755065918,95.03240966796875
Region Urbana media,2021-02-15,35.883914947509766,12.4791898727417,86.51748657226562
Region Urbana media,2021-02-22,27.160411834716797,10.75550365447998,77.64950561523438
Region Urbana media,2021-03-01,21.46221160888672,9.14323616027832,58.59445571899414
Region Urbana media,2021-03-08,17.84069061279297,8.175741195678711,41.404701232910156
Region Urbana media,2021-03-15,14.840665817260742,5.97140645980835,43.675636291503906
Region Urbana media,2021-03-22,13.176702499389648,5.7919697761535645,31.904529571533203
Region Urbana media,2021-03-29,14.475141525268555,5.684913158416748,35.147029876708984
Region Urbana media,2021-04-05,11.740792274475098,3.7424962520599365,27.44989776611328
Region Urbana media,2021-04-12,12.646519660949707,5.904890060424805,23.22417449951172
Region Urbana media,2021-04-19,10.409041404724121,4.745303630828857,22.75254249572754
Region Urbana media,2021-04-26,9.389909744262695,3.688824415206909,23.132408142089844
Region Urbana media,2021-05-03,10.127006530761719,3.784026622772217,24.165302276611328
Region Urbana media,2021-05-10,13.809637069702148,6.35911750793457,21.699687957763672
Region Urbana media,2021-05-17,9.683486938476562,4.560268878936768,19.487834930419922
Region Urbana media,2021-05-24,9.398780822753906,3.4996209144592285,23.11106300354004
Region Urbana media,2021-05-31,15.767322540283203,7.164895057678223,28.039894104003906
Region Urbana media,2021-06-07,19.166122436523438,12.817315101623535,29.627180099487305
Region Urbana media,2021-06-14,17.360124588012695,7.631076812744141,30.674800872802734
Region Urbana media,2021-06-21,25.024208068847656,13.380825996398926,40.006591796875
Region Urbana media,2021-06-28,29.612735748291016,21.126785278320312,40.46263885498047
Region Urbana media,2021-07-05,30.624542236328125,16.890872955322266,46.85710906982422
Region Urbana media,2021-07-12,32.14248275756836,20.136241912841797,46.86467361450195
Region Urbana media,2021-07-19,33.44007110595703,22.944385528564453,47.87454605102539
Region Urbana media,2021-07-26,33.94141387939453,19.949153900146484,39.96733856201172
Region Urbana media,2021-08-02,41.61661911010742,21.271442413330078,51.013545989990234
Region Urbana media,2021-08-09,45.743289947509766,26.515737533569336,50.23942565917969
Region Urbana media,2021-08-16,44.62532043457031,26.190532684326172,51.5744743347168
Region Urbana media,2021-08-23,46.796424865722656,20.72804069519043,62.16944885253906
Region Urbana media,2021-08-30,44.08953094482422,18.623029708862305,53.86794662475586
Region Urbana media,2021-09-06,58.913490295410156,30.95574951171875,80.105712890625
Region Urbana media,2021-09-13,53.637481689453125,19.01988410949707,94.62789916992188
Region Urbana media,2021-09-20,62.31193161010742,20.954517364501953,105.4674301147461
Region Urbana media,2021-09-27,45.206539154052734,11.122010231018066,83.179443359375
Region Urbana media,2021-10-04,76.63009643554688,35.210304260253906,116.1065673828125
Region Urbana media,2021-10-11,74.1462631225586,30.9705753326416,108.77005004882812
Region Urbana media,2021-10-18,47.28533935546875,12.227323532104492,110.7082290649414
Region Urbana media,2021-10-25,254.98480224609375,248.2126007080078,261.9295959472656
Region Urbana media,2021-11-01,323.25909423828125,315.8608093261719,330.9811706542969
Region Urbana media,2021-11-08,315.04913330078125,307.16534423828125,322.238525390625
Region Urbana media,2021-11-15,255.0437774658203,249.44337463378906,260.59027099609375
Region Urbana media,2021-11-22,238.7847442626953,232.2401580810547,246.02911376953125
Region Urbana media,2021-11-29,170.1339874267578,161.53428649902344,177.43531799316406
Region Urbana media,2021-12-06,0.8377676606178284,0.0,3.8046252727508545
Region Urbana media,2021-12-13,1.3147499561309814,0.0,6.024136066436768
Region Urbana media,2021-12-20,182.74461364746094,0.0,356.5072937011719
Region Urbana media,2021-12-27,92.14704132080078,85.51661682128906,99.71569061279297
Region Urbana media,2022-01-03,23.313982009887695,19.45295524597168,27.22315216064453
Region Urbana media,2022-01-10,19.226640701293945,17.059894561767578,21.408004760742188
Region Urbana media,2022-01-17,11.079235076904297,8.925274848937988,14.141465187072754
Region Urbana media,2022-01-24,14.346393585205078,12.464569091796875,16.457134246826172
Region Urbana media,2022-01-31,6.512263298034668,4.102570533752441,9.67314338684082
Region Urbana media,2022-02-07,10.715503692626953,9.52134895324707,12.848417282104492
Region Urbana media,2022-02-14,9.497836112976074,7.049604415893555,12.859437942504883
Region Urbana media,2022-02-21,8.767118453979492,6.141359329223633,13.123929023742676
Region Urbana media,2022-02-28,10.617170333862305,8.605135917663574,12.926276206970215
Region Urbana media,2022-03-07,5.6217732429504395,4.2465434074401855,8.965863227844238
Region Urbana media,2022-03-14,2.005584478378296,0.0,5.732595443725586
Region Urbana media,2022-03-21,13.592541694641113,10.653189659118652,17.431180953979492
Region Urbana media,2022-03-28,6.297252655029297,3.9685659408569336,9.985079765319824
Region Urbana media,2022-04-04,3.7265512943267822,1.6340068578720093,6.710764408111572
Region Urbana media,2022-04-11,1.6094207763671875,0.0,4.010481357574463
Region Urbana media,2022-04-18,14.178492546081543,11.823978424072266,16.458927154541016
Region Urbana media,2022-04-25,3.91459321975708,2.1689295768737793,6.280775547027588
Region Urbana media,2022-05-02,8.911154747009277,4.589634895324707,17.836624145507812
Region Urbana media,2022-05-09,9.117051124572754,5.1740875244140625,18.48594093322754
Region Urbana media,2022-05-16,16.89324378967285,11.851944923400879,27.652034759521484
Region Urbana media,2022-05-23,16.896648406982422,2.8195629119873047,27.08926773071289
Region Urbana media,2022-05-30,29.628507614135742,18.976394653320312,36.60663986206055
Region Urbana media,2022-06-06,22.76346206665039,14.77978229522705,31.885183334350586
Region Urbana media,2022-06-13,21.025081634521484,17.498268127441406,25.616243362426758
Region Urbana media,2022-06-20,21.9105167388916,19.166284561157227,24.976762771606445
Region Urbana media,2022-06-27,11.7173490524292,9.81385326385498,14.002228736877441
Region Urbana media,2022-07-04,16.166221618652344,13.614744186401367,21.129812240600586
Region Urbana media,2022-07-11,24.335054397583008,19.244340896606445,34.674564361572266
Region Urbana media,2022-07-18,29.619415283203125,26.143604278564453,39.81618118286133
Region Urbana media,2022-07-25,23.32563018798828,17.149288177490234,45.863895416259766
Region Urbana media,2022-08-01,40.23837661743164,29.86333656311035,65.50749206542969
Region Urbana media,2022-08-08,60.3277587890625,47.755531311035156,103.63641357421875
Region Urbana media,2022-08-15,91.82209014892578,60.08769989013672,159.37364196777344
Region Urbana media,2022-08-22,162.9193572998047,131.37130737304688,198.47579956054688
Region Urbana media,2022-08-29,193.0078125,161.10391235351562,215.04432678222656
Region Urbana media,2022-09-05,136.07785034179688,121.1783218383789,165.97784423828125
Region Urbana media,2022-09-12,187.5816192626953,170.53033447265625,221.64874267578125
Region Urbana media,2022-09-19,254.63980102539062,229.62759399414062,291.7429504394531
Region Urbana media,2022-09-26,384.8797302246094,314.25946044921875,422.75555419921875
Region Urbana media,2022-10-03,369.2076110839844,303.3925476074219,408.6684265136719
Region Urbana media,2022-10-10,349.87384033203125,312.7582702636719,370.38568115234375
Region Urbana media,2022-10-17,364.25909423828125,339.1880798339844,378.0948486328125
Region Urbana media,2022-10-24,389.2879943847656,372.37200927734375,404.34515380859375
Region Urbana media,2022-10-31,356.9183349609375,339.9411926269531,375.2152099609375
Region Urbana media,2022-11-07,293.4880676269531,270.5460205078125,318.21746826171875
Region Urbana media,2022-11-14,166.1082763671875,147.468505859375,184.42172241210938
Region Urbana media,2022-11-21,163.64736938476562,150.98727416992188,176.91299438476562
Region Urbana media,2022-11-28,110.3297119140625,98.14720153808594,122.6683578491211
Region Urbana media,2022-12-05,0.8340049982070923,0.0,3.8029160499572754
Region Urbana media,2022-12-12,0.1817273646593094,0.0,1.1390150785446167
Region Urbana media,2022-12-19,100.62203216552734,42.177703857421875,160.8310546875
Region Urbana media,2022-12-26,47.60177993774414,43.274803161621094,52.264163970947266
Region Urbana media,2023-01-02,17.65610694885254,15.921991348266602,19.211153030395508
Region Urbana media,2023-01-09,22.033388137817383,21.003751754760742,23.069095611572266
Region Urbana media,2023-01-16,19.107324600219727,17.64238929748535,20.350414276123047
Region Urbana media,2023-01-23,9.432265281677246,8.308082580566406,10.706246376037598
Region Urbana media,2023-01-30,19.107425689697266,16.855161666870117,21.035669326782227
Region Urbana media,2023-02-06,11.414923667907715,10.625273704528809,12.19237995147705
Region Urbana media,2023-02-13,10.183923721313477,9.275917053222656,10.978119850158691
Region Urbana media,2023-02-20,5.386398792266846,4.297512054443359,6.673815727233887
Region Urbana media,2023-02-27,7.388425827026367,6.4925618171691895,8.507909774780273
Region Urbana media,2023-03-06,7.728370189666748,6.986546993255615,8.430072784423828
Region Urbana media,2023-03-13,6.423530578613281,4.6942524909973145,8.035569190979004
Region Urbana media,2023-03-20,12.406253814697266,9.216395378112793,15.43554973602295
Region Urbana media,2023-03-27,2.387282609939575,1.1659177541732788,4.177776336669922
Region Urbana media,2023-04-03,9.46973705291748,8.572654724121094,10.480683326721191
Region Urbana media,2023-04-10,8.982954025268555,8.153841972351074,9.976943969726562
Region Urbana media,2023-04-17,11.228079795837402,9.800809860229492,12.579649925231934
Region Urbana media,2023-04-24,14.23978328704834,10.823697090148926,18.358930587768555
Region Urbana media,2023-05-01,17.40826988220215,13.753973960876465,21.607044219970703
Region Urbana media,2023-05-08,10.901961326599121,6.9357805252075195,18.220094680786133
Region Urbana media,2023-05-15,29.142581939697266,22.16733169555664,36.051231384277344
Region Urbana media,2023-05-22,23.92920684814453,18.57307243347168,30.85263442993164
Region Urbana media,2023-05-29,18.687978744506836,16.40420150756836,21.230945587158203
Region Urbana media,2023-06-05,40.92485809326172,35.449493408203125,44.97566604614258
Region Urbana media,2023-06-12,53.53593826293945,48.0333366394043,58.5246696472168
Region Urbana media,2023-06-19,77.16741943359375,66.22627258300781,85.72911834716797
Region Urbana media,2023-06-26,90.48554992675781,79.09294891357422,96.52861785888672
Region Urbana media,2023-07-03,114.21109771728516,104.09126281738281,120.34839630126953
Region Urbana media,2023-07-10,105.4402084350586,100.26799011230469,111.7039794921875
Region Urbana media,2023-07-17,115.86283111572266,109.36656951904297,121.42048645019531
Region Urbana media,2023-07-24,119.58541870117188,107.48432922363281,127.09126281738281
Region Urbana media,2023-07-31,97.58573150634766,91.4028091430664,102.87605285644531
Region Urbana media,2023-08-07,110.99574279785156,103.73433685302734,118.72651672363281
Region Urbana media,2023-08-14,179.58273315429688,168.7000274658203,188.74826049804688
Region Urbana media,2023-08-21,235.6228790283203,226.4725341796875,244.32705688476562
Region Urbana media,2023-08-28,298.52679443359375,288.2015075683594,307.9590148925781
Region Urbana media,2023-09-04,277.7613525390625,264.73419189453125,294.6035461425781
Region Urbana media,2023-09-11,306.3440246582031,272.365478515625,342.1676330566406
Region Urbana media,2023-09-18,414.8908386230469,335.9682922363281,499.1031188964844
Region Urbana media,2023-09-25,526.8383178710938,406.41815185546875,640.9555053710938
Region Urbana media,2023-10-02,618.3140258789062,567.84716796875,678.0718994140625
Region Urbana media,2023-10-09,596.4363403320312,556.94384765625,640.9581298828125
Region Urbana media,2023-10-16,529.553466796875,472.9307861328125,595.1494140625
Region Urbana media,2023-10-23,463.888916015625,384.4808044433594,550.9532470703125
Region Urbana media,2023-10-30,451.11767578125,398.72930908203125,499.8864440917969
Region Urbana media,2023-11-06,456.32037353515625,425.7697448730469,488.6992492675781
Region Urbana media,2023-11-13,444.9418029785156,410.4356689453125,478.3035888671875
Region Urbana media,2023-11-20,417.5042724609375,383.3436279296875,450.9027099609375
Region Urbana media,2023-11-27,359.2586669921875,305.8321228027344,412.6907653808594
Region Urbana media,2023-12-04,254.91207885742188,186.5477752685547,316.8583068847656
Region Urbana media,2023-12-11,132.44989013671875,99.86978149414062,172.71043395996094
Region Urbana media,2023-12-18,174.4549560546875,157.716064453125,194.6795654296875
Region Urbana media,2023-12-25,193.6294403076172,174.80865478515625,211.76040649414062
Region Urbana media,2024-01-01,84.32910919189453,75.38251495361328,94.25981903076172
Region Urbana media,2024-01-08,125.86473846435547,115.4222183227539,137.23379516601562
Region Urbana media,2024-01-15,143.25140380859375,131.0625,156.75486755371094
Region Urbana media,2024-01-22,109.3395767211914,102.2564926147461,117.8427734375
Region Urbana media,2024-01-29,109.65267181396484,103.01441955566406,116.50071716308594
Region Urbana media,2024-02-05,129.2947235107422,119.88214874267578,136.96905517578125
Region Urbana media,2024-02-12,107.97046661376953,94.23249816894531,121.93733978271484
Region Urbana media,2024-02-19,75.28479766845703,68.7112808227539,85.36573028564453
Region Urbana media,2024-02-26,85.03479766845703,77.8066635131836,92.29100799560547
Region Urbana media,2024-03-04,97.00218200683594,85.6972427368164,105.06591796875
Region Urbana media,2024-03-11,86.35865783691406,76.13107299804688,96.23808288574219
Region Urbana media,2024-03-18,70.04761505126953,60.967559814453125,80.69377136230469
Region Urbana media,2024-03-25,100.07034301757812,85.28057861328125,114.40885162353516
Region Urbana media,2024-04-01,94.54192352294922,84.64666748046875,102.5057373046875
Region Urbana media,2024-04-08,125.61540985107422,116.28643035888672,134.2929229736328
Region Urbana media,2024-04-15,129.9388885498047,120.59436798095703,137.94810485839844
Region Urbana media,2024-04-22,121.14576721191406,107.42755889892578,136.8905029296875
Region Urbana media,2024-04-29,135.83502197265625,88.27262878417969,184.73260498046875
Region Urbana media,2024-05-06,136.314453125,71.26280212402344,201.5499267578125
Region Urbana media,2024-05-13,207.78353881835938,172.79881286621094,229.65005493164062
Region Urbana media,2024-05-20,209.11102294921875,194.0399932861328,223.1339569091797
Region Urbana media,2024-05-27,222.8332977294922,193.01405334472656,253.51588439941406
Region Urbana media,2024-06-03,273.1571960449219,248.88685607910156,299.99566650390625
Region Urbana media,2024-06-10,318.60833740234375,291.0531311035156,347.4471740722656
Region Urbana media,2024-06-17,380.53472900390625,346.8291931152344,419.7890930175781
Region Urbana media,2024-06-24,488.72479248046875,430.43487548828125,572.5419311523438
Region Urbana media,2024-07-01,582.6013793945312,363.6968688964844,824.6490478515625
Region Urbana media,2024-07-15,734.2320556640625,299.6438293457031,1208.45458984375
Region Urbana media,2024-07-22,802.4476928710938,346.2486267089844,1287.52001953125
Region Urbana media,2024-07-29,897.0027465820312,378.1570739746094,1470.072998046875
Region Urbana media,2024-08-05,895.584716796875,101.00572967529297,1581.7373046875
Region Urbana media,2024-08-12,917.92919921875,38.149322509765625,1758.382568359375
Region Urbana media,2024-08-19,899.2052612304688,0.0,2118.70947265625
Region Urbana media,2024-08-26,958.6011962890625,0.0,2172.601806640625
Region Urbana media,2024-09-02,972.943603515625,0.0,2322.707763671875
Region Urbana media,2024-09-09,925.8880615234375,0.0,2285.622314453125
Region Urbana media,2024-09-16,1001.5090942382812,0.0,2296.3046875
Region Urbana media,2024-09-23,1029.907470703125,0.0,2670.9931640625
Region Urbana media,2024-09-30,874.3284912109375,0.0,2345.4462890625
Region Urbana media,2024-10-07,858.5146484375,0.0,2057.716796875
Region Urbana media,2024-10-14,730.260498046875,0.0,1950.3072509765625
Region Urbana media,2024-10-21,667.6778564453125,0.0,1801.6116943359375
Region Urbana media,2024-10-28,2382.06005859375,1259.460693359375,3365.764404296875
Region Urbana media,2024-11-04,2196.510498046875,1954.5657958984375,2396.786376953125
Region Urbana media,2024-11-11,1525.83935546875,1444.12353515625,1612.970458984375
Region Urbana media,2024-11-18,1423.7327880859375,1359.966552734375,1489.92626953125
Region Urbana media,2024-11-25,1407.6982421875,1318.4427490234375,1484.4705810546875
Region Urbana media,2024-12-02,1026.808349609375,853.5957641601562,1194.7318115234375
Region Urbana media,2024-12-09,485.5903625488281,366.3149719238281,618.0947875976562
Region Urbana media,2024-12-16,223.3602752685547,173.77926635742188,285.75701904296875
Region Urbana media,2024-12-23,302.9817810058594,0.0,687.31298828125
Region Urbana media,2024-12-30,60.53395080566406,20.801342010498047,103.5763931274414
Region Urbana media,2025-01-06,121.62262725830078,110.7429428100586,132.2911834716797
Region Urbana media,2025-01-13,99.23223114013672,82.15331268310547,120.21082305908203
Region Urbana media,2025-01-20,57.38288497924805,44.43919372558594,76.26056671142578
Region Urbana media,2025-01-27,36.952423095703125,30.8663330078125,43.913631439208984
Region Urbana media,2025-02-03,58.34178924560547,53.62923812866211,62.303775787353516
Region Urbana media,2025-02-10,47.57719039916992,41.85905838012695,53.173606872558594
Region Urbana media,2025-02-17,47.234405517578125,42.63679885864258,51.87054443359375
Region Urbana media,2025-02-24,45.85380935668945,40.15462112426758,50.79313659667969
Region Urbana media,2025-03-03,29.959747314453125,26.425777435302734,34.31157684326172
Region Urbana media,2025-03-10,30.403303146362305,26.241912841796875,34.214927673339844
Region Urbana media,2025-03-17,30.981481552124023,25.30565071105957,36.22942352294922
Region Urbana media,2025-03-24,25.89341926574707,21.086517333984375,31.414241790771484
Region Urbana media,2025-03-31,31.398855209350586,25.949899673461914,37.306243896484375
Region Urbana media,2025-04-07,15.08378791809082,11.117839813232422,19.559276580810547
Region Urbana media,2025-04-21,27.23429298400879,20.146318435668945,34.196441650390625
Region Urbana media,2025-04-28,39.9901123046875,32.951541900634766,47.85097885131836
Region Urbana media,2025-05-05,30.817188262939453,25.71567726135254,36.25349426269531
Region Urbana media,2025-05-12,32.35054016113281,26.52533531188965,37.235504150390625
Region Urbana media,2025-05-19,32.15787887573242,27.06380844116211,38.37553405761719
Region Urbana media,2025-05-26,47.70551681518555,38.5126838684082,58.702613830566406
Region Urbana media,2025-06-02,62.90879821777344,55.27743911743164,70.82180786132812
Region Urbana media,2025-06-09,73.32353210449219,67.81458282470703,78.2908706665039
Region Urbana media,2025-06-16,83.69359588623047,78.23361206054688,89.51730346679688
Region Urbana media,2025-06-23,58.237308502197266,52.9488410949707,64.17930603027344
Region Urbana media,2025-06-30,50.409725189208984,46.06742858886719,54.470279693603516
Region Urbana media,2025-07-07,69.34239196777344,65.05364227294922,73.95326232910156
Region Urbana media,2025-07-14,83.03349304199219,78.61795806884766,87.51728820800781
Region Urbana media,2025-07-21,97.82662963867188,92.03521728515625,102.7340316772461
Region Urbana media,2025-07-28,111.39127349853516,104.55744934082031,117.95523834228516
Region Urbana media,2025-08-04,143.56222534179688,133.75355529785156,154.67718505859375
Region Urbana media,2025-08-11,206.72210693359375,189.25909423828125,225.54249572753906
Region Urbana media,2025-08-18,295.1423645019531,271.10418701171875,319.3022155761719
Region Urbana media,2025-08-25,318.4783935546875,284.2289123535156,349.5008850097656
Region Urbana media,2025-09-01,292.5386657714844,250.88914489746094,333.25775146484375
Region Urbana media,2025-09-08,322.7416687011719,257.3035583496094,382.54632568359375
Region Urbana media,2025-09-15,365.378173828125,270.7334899902344,451.4834899902344
Region Urbana media,2025-09-22,425.6417236328125,368.8028869628906,492.62939453125
Region Urbana media,2025-09-29,396.80908203125,366.87384033203125,430.6619567871094
Region Urbana media,2025-10-06,521.0484008789062,500.3886413574219,547.8426513671875
Region Urbana media,2025-10-13,548.6372680664062,519.787353515625,571.9006958007812
Region Urbana media,2025-10-20,654.482666015625,626.9340209960938,682.310546875
Region Urbana media,2025-10-27,745.536376953125,706.609375,782.7855834960938
Region Urbana media,2025-11-03,766.3256225585938,711.001708984375,814.53662109375
Region Urbana media,2025-11-10,695.4039306640625,585.0728759765625,811.1854248046875
Region Urbana media,2025-11-17,694.8684692382812,473.1589660644531,898.2247924804688
Region Urbana media,2025-11-24,567.031494140625,346.4601135253906,769.463134765625
Region Urbana media,2025-12-01,515.37255859375,411.4621276855469,617.1255493164062
Region Urbana media,2025-12-08,250.73817443847656,206.6461639404297,296.89434814453125
Region Urbana media,2025-12-15,160.94593811035156,126.00424194335938,198.9868927001953
Region Urbana media,2025-12-22,9.58543872833252,0.0,39.752384185791016
Region Urbana media,2025-12-29,136.8018035888672,78.52671813964844,189.92230224609375
Region Urbana media,2026-01-05,122.63423919677734,98.94715881347656,149.28260803222656
Region Urbana media,2026-01-12,71.95369720458984,63.918434143066406,80.86436462402344
Region Urbana media,2026-01-19,72.14521789550781,66.30004119873047,77.91172790527344
Region Urbana media,2026-01-26,60.78302001953125,54.03997039794922,67.83993530273438
Region Urbana media,2026-02-02,41.16839599609375,35.83840560913086,46.79865646362305
Region Urbana media,2026-02-09,39.70597839355469,30.133569717407227,48.68568420410156
Region Urbana media,2026-02-16,46.82455825805664,30.018335342407227,61.26791000366211
Region Urbana media,2026-02-23,43.713523864746094,32.64845275878906,60.13719177246094
Region Urbana media,2026-03-02,32.33924865722656,23.607784271240234,41.566410064697266
Region Urbana media,2026-03-09,36.0377311706543,24.39389419555664,49.16917037963867
Region Urbana media,2026-03-16,43.053714752197266,22.210344314575195,65.20855712890625
Region Urbana media,2026-03-23,45.532283782958984,29.097339630126953,66.18116760253906
Region Urbana media,2026-03-30,42.07676315307617,26.857192993164062,56.020164489746094
Region Urbana media,2026-04-06,40.5930061340332,32.28817367553711,50.642826080322266
Region Urbana media,2026-04-13,46.3741340637207,30.493745803833008,63.981773376464844
Region Urbana media,2026-04-20,63.123878479003906,39.28827667236328,84.08557891845703
Region Urbana media,2026-04-27,59.18785095214844,42.347694396972656,75.41024017333984
Region Urbana media,2026-05-04,65.01162719726562,52.14529037475586,76.77855682373047
Region Urbana media,2026-05-11,66.52390813084587,52.688416224106255,82.1241895370695
Region Urbana media,2026-05-18,67.68296789300993,55.35460086828038,81.54758462291942
Region Urbana media,2026-05-25,76.14244191950232,67.26044690760374,85.35381674419999
Region Urbana media,2026-06-01,90.98377169259936,83.68823831821233,98.47121143398434
Region Urbana media,2026-06-08,97.43703943673745,91.17487547720745,104.8690415426746
Region Urbana media,2026-06-15,100.05753039018214,93.68558504982859,106.8153097831431
Region Urbana media,2026-06-22,97.8520399278979,92.5574930778037,103.01438659574508
Region Urbana media,2026-06-29,99.96503722854168,94.86934056938142,105.90153108943015
Region Urbana media,2026-07-06,114.5949608550945,109.64830671825885,119.81581280663521
Region Urbana media,2026-07-13,131.95700572793962,126.63078362619221,137.31701952082753
Region Urbana media,2026-07-20,140.1307663686961,134.17580716778608,146.278547475034
Region Urbana media,2026-07-27,165.15415572417228,154.3322655704862,175.3424932843566
Region Urbana media,2026-08-03,180.18321843584002,166.86564186286003,193.36492672779858
Region Urbana media,2026-08-10,237.86518338856877,212.4556865079671,262.14469182468355
Region Urbana media,2026-08-17,295.4228491367996,251.84364791674375,336.7487794896281
Region Urbana media,2026-08-24,376.2931433984971,336.41262231442573,414.4886932880199
Region Urbana media,2026-08-31,459.890600730834,413.1772142124391,496.84558415771124
Region Urbana media,2026-09-07,509.82673008297087,462.7361417314506,556.8752750073719
Region Urbana media,2026-09-14,594.9152547044658,541.1649209126425,649.0230051872409
Region Urbana media,2026-09-21,655.5772615762424,601.9265193414187,708.9775981054294
Region Urbana media,2026-09-28,693.825555991416,636.2013294103193,753.7703038989556
Region Urbana media,2026-10-05,756.0253345023858,687.9699624354255,822.555586006639
Region Urbana media,2026-10-12,753.6380383211065,680.866620790664,813.6960276313281
Region Urbana media,2026-10-19,723.6924646741032,660.7618724740898,783.0151220536792
Region Urbana media,2026-10-26,601.1123797651434,537.7996394464612,653.9686724449897
Region Urbana media,2026-11-02,515.4610249213302,462.93332730705737,567.6822906340992
Region Urbana media,2026-11-09,345.1745628909105,300.940359319852,392.09412390767875
Region Urbana media,2026-11-16,237.33543145082234,197.67032348018975,279.0539494384426
Region Urbana media,2026-11-23,180.38126009932935,144.01234016869307,211.44683449885667
Region Urbana media,2026-11-30,152.38775706622064,114.03437786346794,193.6384705864823
Region Urbana media,2026-12-07,43.046450002193225,20.39056276824057,66.2909511608702
Region Urbana media,2026-12-14,27.727087295057924,1.5451545611566981,52.50574252711907
Region Urbana media,2026-12-21,121.74329170159882,99.46789688856997,144.59653691774577
Region Urbana media,2027-01-04,49.23123907428585,44.827133605523855,53.91158745658338
Region Urbana media,2027-01-11,52.040096114631,48.315730369643646,55.394236548230054
Region Urbana media,2027-01-18,42.51963194896087,38.47091293495685,47.082190961700455
Region Urbana media,2027-01-25,35.456389698418675,29.77666869679317,41.22714732327342
Region Urbana media,2027-02-01,25.779430884307697,21.517664888651296,30.154470980447233
Region Urbana media,2027-02-08,30.48677576017827,23.879247221917772,36.05822245235674
Region Urbana media,2027-02-15,35.6357757801348,27.134730958374963,45.96170568721503
Region Urbana media,2027-02-22,27.136131018766164,19.87594545359779,32.683521046940385
Region Urbana media,2027-03-01,31.464936424194946,25.65394266886182,37.78270745323285
Region Urbana media,2027-03-08,37.461537761029305,30.434545481762513,45.08382620654784
Region Urbana media,2027-03-15,48.00968489669793,37.448021679078565,59.0894923326844
Region Urbana media,2027-03-22,41.711990317516026,33.33645451889366,49.68268572352812
Region Urbana media,2027-03-29,26.75694353735775,20.551248680272924,33.89963549944147
Region Urbana media,2027-04-05,17.377959784383325,10.964114441356118,23.626103818573394
Region Urbana media,2027-04-12,49.755976358359305,42.30472416517496,57.04657533731237
Region Urbana media,2027-04-19,56.746855402609704,48.470337463204636,66.25736754664555
Region Urbana media,2027-04-26,89.92411919073805,81.3690367939216,99.35549076607883
Region Urbana media,2027-05-03,94.84708822949067,86.40018799377278,102.94968061995804
