ds,entidad,padecimiento,meta_modo,yhat
2026-02-02,Aguascalientes,Alzheimer,general,0
2026-02-02,Aguascalientes,Alzheimer,hombres,0
2026-02-02,Aguascalientes,Alzheimer,mujeres,0
2026-02-09,Aguascalientes,Alzheimer,general,0
2026-02-09,Aguascalientes,Alzheimer,hombres,0
2026-02-09,Aguascalientes,Alzheimer,mujeres,1
2026-02-16,Aguascalientes,Alzheimer,general,0
2026-02-16,Aguascalientes,Alzheimer,hombres,0
2026-02-16,Aguascalientes,Alzheimer,mujeres,1
2026-02-23,Aguascalientes,Alzheimer,general,0
2026-02-23,Aguascalientes,Alzheimer,hombres,0
2026-02-23,Aguascalientes,Alzheimer,mujeres,1
2026-03-02,Aguascalientes,Alzheimer,general,1
2026-03-02,Aguascalientes,Alzheimer,hombres,0
2026-03-02,Aguascalientes,Alzheimer,mujeres,1
2026-03-09,Aguascalientes,Alzheimer,general,1
2026-03-09,Aguascalientes,Alzheimer,hombres,0
2026-03-09,Aguascalientes,Alzheimer,mujeres,1
2026-03-16,Aguascalientes,Alzheimer,general,0
2026-03-16,Aguascalientes,Alzheimer,hombres,0
2026-03-16,Aguascalientes,Alzheimer,mujeres,0
2026-03-23,Aguascalientes,Alzheimer,general,0
2026-03-23,Aguascalientes,Alzheimer,hombres,0
2026-03-23,Aguascalientes,Alzheimer,mujeres,0
2026-03-30,Aguascalientes,Alzheimer,general,0
2026-03-30,Aguascalientes,Alzheimer,hombres,0
2026-03-30,Aguascalientes,Alzheimer,mujeres,0
2026-04-06,Aguascalientes,Alzheimer,general,0
2026-04-06,Aguascalientes,Alzheimer,hombres,0
2026-04-06,Aguascalientes,Alzheimer,mujeres,0
2026-04-13,Aguascalientes,Alzheimer,general,0
2026-04-13,Aguascalientes,Alzheimer,hombres,0
2026-04-13,Aguascalientes,Alzheimer,mujeres,0
2026-04-20,Aguascalientes,Alzheimer,general,0
2026-04-20,Aguascalientes,Alzheimer,hombres,0
2026-04-20,Aguascalientes,Alzheimer,mujeres,0
2026-04-27,Aguascalientes,Alzheimer,general,0
2026-04-27,Aguascalientes,Alzheimer,hombres,0
2026-04-27,Aguascalientes,Alzheimer,mujeres,0
2026-05-04,Aguascalientes,Alzheimer,general,0
2026-05-04,Aguascalientes,Alzheimer,hombres,0
2026-05-04,Aguascalientes,Alzheimer,mujeres,0
2026-05-11,Aguascalientes,Alzheimer,general,0
2026-05-11,Aguascalientes,Alzheimer,hombres,0
2026-05-11,Aguascalientes,Alzheimer,mujeres,0
2026-05-18,Aguascalientes,Alzheimer,general,0
2026-05-18,Aguascalientes,Alzheimer,hombres,0
2026-05-18,Aguascalientes,Alzheimer,mujeres,0
2026-05-25,Aguascalientes,Alzheimer,general,0
2026-05-25,Aguascalientes,Alzheimer,hombres,0
2026-05-25,Aguascalientes,Alzheimer,mujeres,0
2026-06-01,Aguascalientes,Alzheimer,general,0
2026-06-01,Aguascalientes,Alzheimer,hombres,0
2026-06-01,Aguascalientes,Alzheimer,mujeres,0
2026-06-08,Aguascalientes,Alzheimer,general,0
2026-06-08,Aguascalientes,Alzheimer,hombres,0
2026-06-08,Aguascalientes,Alzheimer,mujeres,0
2026-06-15,Aguascalientes,Alzheimer,general,0
2026-06-15,Aguascalientes,Alzheimer,hombres,0
2026-06-15,Aguascalientes,Alzheimer,mujeres,0
2026-06-22,Aguascalientes,Alzheimer,general,0
2026-06-22,Aguascalientes,Alzheimer,hombres,0
2026-06-22,Aguascalientes,Alzheimer,mujeres,0
2026-06-29,Aguascalientes,Alzheimer,general,0
2026-06-29,Aguascalientes,Alzheimer,hombres,0
2026-06-29,Aguascalientes,Alzheimer,mujeres,0
2026-07-06,Aguascalientes,Alzheimer,general,0
2026-07-06,Aguascalientes,Alzheimer,hombres,0
2026-07-06,Aguascalientes,Alzheimer,mujeres,0
2026-07-13,Aguascalientes,Alzheimer,general,0
2026-07-13,Aguascalientes,Alzheimer,hombres,0
2026-07-13,Aguascalientes,Alzheimer,mujeres,0
2026-07-20,Aguascalientes,Alzheimer,general,0
2026-07-20,Aguascalientes,Alzheimer,hombres,0
2026-07-20,Aguascalientes,Alzheimer,mujeres,0
2026-07-27,Aguascalientes,Alzheimer,general,0
2026-07-27,Aguascalientes,Alzheimer,hombres,0
2026-07-27,Aguascalientes,Alzheimer,mujeres,0
2026-08-03,Aguascalientes,Alzheimer,general,0
2026-08-03,Aguascalientes,Alzheimer,hombres,0
2026-08-03,Aguascalientes,Alzheimer,mujeres,0
2026-08-10,Aguascalientes,Alzheimer,general,0
2026-08-10,Aguascalientes,Alzheimer,hombres,0
2026-08-10,Aguascalientes,Alzheimer,mujeres,0
2026-08-17,Aguascalientes,Alzheimer,general,0
2026-08-17,Aguascalientes,Alzheimer,hombres,0
2026-08-17,Aguascalientes,Alzheimer,mujeres,0
2026-08-24,Aguascalientes,Alzheimer,general,0
2026-08-24,Aguascalientes,Alzheimer,hombres,0
2026-08-24,Aguascalientes,Alzheimer,mujeres,0
2026-08-31,Aguascalientes,Alzheimer,general,0
2026-08-31,Aguascalientes,Alzheimer,hombres,0
2026-08-31,Aguascalientes,Alzheimer,mujeres,0
2026-09-07,Aguascalientes,Alzheimer,general,0
2026-09-07,Aguascalientes,Alzheimer,hombres,0
2026-09-07,Aguascalientes,Alzheimer,mujeres,0
2026-09-14,Aguascalientes,Alzheimer,general,0
2026-09-14,Aguascalientes,Alzheimer,hombres,0
2026-09-14,Aguascalientes,Alzheimer,mujeres,0
2026-09-21,Aguascalientes,Alzheimer,general,0
2026-09-21,Aguascalientes,Alzheimer,hombres,0
2026-09-21,Aguascalientes,Alzheimer,mujeres,0
2026-09-28,Aguascalientes,Alzheimer,general,0
2026-09-28,Aguascalientes,Alzheimer,hombres,0
2026-09-28,Aguascalientes,Alzheimer,mujeres,0
2026-10-05,Aguascalientes,Alzheimer,general,0
2026-10-05,Aguascalientes,Alzheimer,hombres,0
2026-10-05,Aguascalientes,Alzheimer,mujeres,0
2026-10-12,Aguascalientes,Alzheimer,general,0
2026-10-12,Aguascalientes,Alzheimer,hombres,0
2026-10-12,Aguascalientes,Alzheimer,mujeres,0
2026-10-19,Aguascalientes,Alzheimer,general,0
2026-10-19,Aguascalientes,Alzheimer,hombres,0
2026-10-19,Aguascalientes,Alzheimer,mujeres,0
2026-10-26,Aguascalientes,Alzheimer,general,0
2026-10-26,Aguascalientes,Alzheimer,hombres,0
2026-10-26,Aguascalientes,Alzheimer,mujeres,0
2026-11-02,Aguascalientes,Alzheimer,general,0
2026-11-02,Aguascalientes,Alzheimer,hombres,0
2026-11-02,Aguascalientes,Alzheimer,mujeres,0
2026-11-09,Aguascalientes,Alzheimer,general,0
2026-11-09,Aguascalientes,Alzheimer,hombres,0
2026-11-09,Aguascalientes,Alzheimer,mujeres,0
2026-11-16,Aguascalientes,Alzheimer,general,0
2026-11-16,Aguascalientes,Alzheimer,hombres,0
2026-11-16,Aguascalientes,Alzheimer,mujeres,0
2026-11-23,Aguascalientes,Alzheimer,general,0
2026-11-23,Aguascalientes,Alzheimer,hombres,0
2026-11-23,Aguascalientes,Alzheimer,mujeres,0
2026-11-30,Aguascalientes,Alzheimer,general,0
2026-11-30,Aguascalientes,Alzheimer,hombres,0
2026-11-30,Aguascalientes,Alzheimer,mujeres,0
2026-12-07,Aguascalientes,Alzheimer,general,0
2026-12-07,Aguascalientes,Alzheimer,hombres,0
2026-12-07,Aguascalientes,Alzheimer,mujeres,0
2026-12-14,Aguascalientes,Alzheimer,general,0
2026-12-14,Aguascalientes,Alzheimer,hombres,0
2026-12-14,Aguascalientes,Alzheimer,mujeres,0
2026-12-21,Aguascalientes,Alzheimer,general,0
2026-12-21,Aguascalientes,Alzheimer,hombres,0
2026-12-21,Aguascalientes,Alzheimer,mujeres,0
2026-12-28,Aguascalientes,Alzheimer,general,0
2026-12-28,Aguascalientes,Alzheimer,hombres,0
2026-12-28,Aguascalientes,Alzheimer,mujeres,0
2027-01-04,Aguascalientes,Alzheimer,general,0
2027-01-04,Aguascalientes,Alzheimer,hombres,0
2027-01-04,Aguascalientes,Alzheimer,mujeres,0
2027-01-11,Aguascalientes,Alzheimer,general,1
2027-01-11,Aguascalientes,Alzheimer,hombres,0
2027-01-11,Aguascalientes,Alzheimer,mujeres,0
2027-01-18,Aguascalientes,Alzheimer,general,0
2027-01-18,Aguascalientes,Alzheimer,hombres,0
2027-01-18,Aguascalientes,Alzheimer,mujeres,0
2027-01-25,Aguascalientes,Alzheimer,general,0
2027-01-25,Aguascalientes,Alzheimer,hombres,0
2027-01-25,Aguascalientes,Alzheimer,mujeres,0
2026-02-02,Baja California,Alzheimer,general,2
2026-02-02,Baja California,Alzheimer,hombres,0
2026-02-02,Baja California,Alzheimer,mujeres,1
2026-02-09,Baja California,Alzheimer,general,2
2026-02-09,Baja California,Alzheimer,hombres,1
2026-02-09,Baja California,Alzheimer,mujeres,1
2026-02-16,Baja California,Alzheimer,general,2
2026-02-16,Baja California,Alzheimer,hombres,1
2026-02-16,Baja California,Alzheimer,mujeres,1
2026-02-23,Baja California,Alzheimer,general,2
2026-02-23,Baja California,Alzheimer,hombres,1
2026-02-23,Baja California,Alzheimer,mujeres,1
2026-03-02,Baja California,Alzheimer,general,2
2026-03-02,Baja California,Alzheimer,hombres,1
2026-03-02,Baja California,Alzheimer,mujeres,1
2026-03-09,Baja California,Alzheimer,general,2
2026-03-09,Baja California,Alzheimer,hombres,1
2026-03-09,Baja California,Alzheimer,mujeres,1
2026-03-16,Baja California,Alzheimer,general,2
2026-03-16,Baja California,Alzheimer,hombres,1
2026-03-16,Baja California,Alzheimer,mujeres,1
2026-03-23,Baja California,Alzheimer,general,2
2026-03-23,Baja California,Alzheimer,hombres,1
2026-03-23,Baja California,Alzheimer,mujeres,1
2026-03-30,Baja California,Alzheimer,general,2
2026-03-30,Baja California,Alzheimer,hombres,1
2026-03-30,Baja California,Alzheimer,mujeres,1
2026-04-06,Baja California,Alzheimer,general,1
2026-04-06,Baja California,Alzheimer,hombres,1
2026-04-06,Baja California,Alzheimer,mujeres,1
2026-04-13,Baja California,Alzheimer,general,2
2026-04-13,Baja California,Alzheimer,hombres,1
2026-04-13,Baja California,Alzheimer,mujeres,1
2026-04-20,Baja California,Alzheimer,general,2
2026-04-20,Baja California,Alzheimer,hombres,1
2026-04-20,Baja California,Alzheimer,mujeres,1
2026-04-27,Baja California,Alzheimer,general,2
2026-04-27,Baja California,Alzheimer,hombres,1
2026-04-27,Baja California,Alzheimer,mujeres,1
2026-05-04,Baja California,Alzheimer,general,2
2026-05-04,Baja California,Alzheimer,hombres,1
2026-05-04,Baja California,Alzheimer,mujeres,1
2026-05-11,Baja California,Alzheimer,general,2
2026-05-11,Baja California,Alzheimer,hombres,1
2026-05-11,Baja California,Alzheimer,mujeres,1
2026-05-18,Baja California,Alzheimer,general,2
2026-05-18,Baja California,Alzheimer,hombres,1
2026-05-18,Baja California,Alzheimer,mujeres,1
2026-05-25,Baja California,Alzheimer,general,2
2026-05-25,Baja California,Alzheimer,hombres,1
2026-05-25,Baja California,Alzheimer,mujeres,1
2026-06-01,Baja California,Alzheimer,general,2
2026-06-01,Baja California,Alzheimer,hombres,1
2026-06-01,Baja California,Alzheimer,mujeres,1
2026-06-08,Baja California,Alzheimer,general,2
2026-06-08,Baja California,Alzheimer,hombres,1
2026-06-08,Baja California,Alzheimer,mujeres,1
2026-06-15,Baja California,Alzheimer,general,2
2026-06-15,Baja California,Alzheimer,hombres,1
2026-06-15,Baja California,Alzheimer,mujeres,1
2026-06-22,Baja California,Alzheimer,general,2
2026-06-22,Baja California,Alzheimer,hombres,1
2026-06-22,Baja California,Alzheimer,mujeres,1
2026-06-29,Baja California,Alzheimer,general,2
2026-06-29,Baja California,Alzheimer,hombres,1
2026-06-29,Baja California,Alzheimer,mujeres,1
2026-07-06,Baja California,Alzheimer,general,2
2026-07-06,Baja California,Alzheimer,hombres,1
2026-07-06,Baja California,Alzheimer,mujeres,1
2026-07-13,Baja California,Alzheimer,general,2
2026-07-13,Baja California,Alzheimer,hombres,1
2026-07-13,Baja California,Alzheimer,mujeres,1
2026-07-20,Baja California,Alzheimer,general,2
2026-07-20,Baja California,Alzheimer,hombres,1
2026-07-20,Baja California,Alzheimer,mujeres,1
2026-07-27,Baja California,Alzheimer,general,2
2026-07-27,Baja California,Alzheimer,hombres,1
2026-07-27,Baja California,Alzheimer,mujeres,1
2026-08-03,Baja California,Alzheimer,general,2
2026-08-03,Baja California,Alzheimer,hombres,1
2026-08-03,Baja California,Alzheimer,mujeres,1
2026-08-10,Baja California,Alzheimer,general,2
2026-08-10,Baja California,Alzheimer,hombres,1
2026-08-10,Baja California,Alzheimer,mujeres,1
2026-08-17,Baja California,Alzheimer,general,2
2026-08-17,Baja California,Alzheimer,hombres,1
2026-08-17,Baja California,Alzheimer,mujeres,1
2026-08-24,Baja California,Alzheimer,general,2
2026-08-24,Baja California,Alzheimer,hombres,1
2026-08-24,Baja California,Alzheimer,mujeres,1
2026-08-31,Baja California,Alzheimer,general,2
2026-08-31,Baja California,Alzheimer,hombres,1
2026-08-31,Baja California,Alzheimer,mujeres,1
2026-09-07,Baja California,Alzheimer,general,2
2026-09-07,Baja California,Alzheimer,hombres,1
2026-09-07,Baja California,Alzheimer,mujeres,1
2026-09-14,Baja California,Alzheimer,general,2
2026-09-14,Baja California,Alzheimer,hombres,1
2026-09-14,Baja California,Alzheimer,mujeres,1
2026-09-21,Baja California,Alzheimer,general,2
2026-09-21,Baja California,Alzheimer,hombres,1
2026-09-21,Baja California,Alzheimer,mujeres,1
2026-09-28,Baja California,Alzheimer,general,2
2026-09-28,Baja California,Alzheimer,hombres,1
2026-09-28,Baja California,Alzheimer,mujeres,1
2026-10-05,Baja California,Alzheimer,general,2
2026-10-05,Baja California,Alzheimer,hombres,1
2026-10-05,Baja California,Alzheimer,mujeres,1
2026-10-12,Baja California,Alzheimer,general,2
2026-10-12,Baja California,Alzheimer,hombres,1
2026-10-12,Baja California,Alzheimer,mujeres,1
2026-10-19,Baja California,Alzheimer,general,2
2026-10-19,Baja California,Alzheimer,hombres,1
2026-10-19,Baja California,Alzheimer,mujeres,1
2026-10-26,Baja California,Alzheimer,general,2
2026-10-26,Baja California,Alzheimer,hombres,1
2026-10-26,Baja California,Alzheimer,mujeres,1
2026-11-02,Baja California,Alzheimer,general,2
2026-11-02,Baja California,Alzheimer,hombres,1
2026-11-02,Baja California,Alzheimer,mujeres,1
2026-11-09,Baja California,Alzheimer,general,2
2026-11-09,Baja California,Alzheimer,hombres,1
2026-11-09,Baja California,Alzheimer,mujeres,1
2026-11-16,Baja California,Alzheimer,general,2
2026-11-16,Baja California,Alzheimer,hombres,1
2026-11-16,Baja California,Alzheimer,mujeres,1
2026-11-23,Baja California,Alzheimer,general,1
2026-11-23,Baja California,Alzheimer,hombres,1
2026-11-23,Baja California,Alzheimer,mujeres,1
2026-11-30,Baja California,Alzheimer,general,1
2026-11-30,Baja California,Alzheimer,hombres,1
2026-11-30,Baja California,Alzheimer,mujeres,1
2026-12-07,Baja California,Alzheimer,general,1
2026-12-07,Baja California,Alzheimer,hombres,0
2026-12-07,Baja California,Alzheimer,mujeres,1
2026-12-14,Baja California,Alzheimer,general,1
2026-12-14,Baja California,Alzheimer,hombres,0
2026-12-14,Baja California,Alzheimer,mujeres,1
2026-12-21,Baja California,Alzheimer,general,1
2026-12-21,Baja California,Alzheimer,hombres,0
2026-12-21,Baja California,Alzheimer,mujeres,1
2026-12-28,Baja California,Alzheimer,general,1
2026-12-28,Baja California,Alzheimer,hombres,0
2026-12-28,Baja California,Alzheimer,mujeres,1
2027-01-04,Baja California,Alzheimer,general,1
2027-01-04,Baja California,Alzheimer,hombres,0
2027-01-04,Baja California,Alzheimer,mujeres,1
2027-01-11,Baja California,Alzheimer,general,1
2027-01-11,Baja California,Alzheimer,hombres,0
2027-01-11,Baja California,Alzheimer,mujeres,1
2027-01-18,Baja California,Alzheimer,general,1
2027-01-18,Baja California,Alzheimer,hombres,0
2027-01-18,Baja California,Alzheimer,mujeres,1
2027-01-25,Baja California,Alzheimer,general,2
2027-01-25,Baja California,Alzheimer,hombres,0
2027-01-25,Baja California,Alzheimer,mujeres,1
2026-02-02,Baja California Sur,Alzheimer,general,0
2026-02-02,Baja California Sur,Alzheimer,hombres,0
2026-02-02,Baja California Sur,Alzheimer,mujeres,0
2026-02-09,Baja California Sur,Alzheimer,general,0
2026-02-09,Baja California Sur,Alzheimer,hombres,0
2026-02-09,Baja California Sur,Alzheimer,mujeres,0
2026-02-16,Baja California Sur,Alzheimer,general,0
2026-02-16,Baja California Sur,Alzheimer,hombres,0
2026-02-16,Baja California Sur,Alzheimer,mujeres,0
2026-02-23,Baja California Sur,Alzheimer,general,0
2026-02-23,Baja California Sur,Alzheimer,hombres,0
2026-02-23,Baja California Sur,Alzheimer,mujeres,0
2026-03-02,Baja California Sur,Alzheimer,general,0
2026-03-02,Baja California Sur,Alzheimer,hombres,0
2026-03-02,Baja California Sur,Alzheimer,mujeres,0
2026-03-09,Baja California Sur,Alzheimer,general,0
2026-03-09,Baja California Sur,Alzheimer,hombres,0
2026-03-09,Baja California Sur,Alzheimer,mujeres,0
2026-03-16,Baja California Sur,Alzheimer,general,0
2026-03-16,Baja California Sur,Alzheimer,hombres,0
2026-03-16,Baja California Sur,Alzheimer,mujeres,0
2026-03-23,Baja California Sur,Alzheimer,general,0
2026-03-23,Baja California Sur,Alzheimer,hombres,0
2026-03-23,Baja California Sur,Alzheimer,mujeres,0
2026-03-30,Baja California Sur,Alzheimer,general,0
2026-03-30,Baja California Sur,Alzheimer,hombres,0
2026-03-30,Baja California Sur,Alzheimer,mujeres,0
2026-04-06,Baja California Sur,Alzheimer,general,0
2026-04-06,Baja California Sur,Alzheimer,hombres,0
2026-04-06,Baja California Sur,Alzheimer,mujeres,0
2026-04-13,Baja California Sur,Alzheimer,general,0
2026-04-13,Baja California Sur,Alzheimer,hombres,0
2026-04-13,Baja California Sur,Alzheimer,mujeres,0
2026-04-20,Baja California Sur,Alzheimer,general,0
2026-04-20,Baja California Sur,Alzheimer,hombres,0
2026-04-20,Baja California Sur,Alzheimer,mujeres,0
2026-04-27,Baja California Sur,Alzheimer,general,0
2026-04-27,Baja California Sur,Alzheimer,hombres,0
2026-04-27,Baja California Sur,Alzheimer,mujeres,0
2026-05-04,Baja California Sur,Alzheimer,general,0
2026-05-04,Baja California Sur,Alzheimer,hombres,0
2026-05-04,Baja California Sur,Alzheimer,mujeres,0
2026-05-11,Baja California Sur,Alzheimer,general,0
2026-05-11,Baja California Sur,Alzheimer,hombres,0
2026-05-11,Baja California Sur,Alzheimer,mujeres,0
2026-05-18,Baja California Sur,Alzheimer,general,0
2026-05-18,Baja California Sur,Alzheimer,hombres,0
2026-05-18,Baja California Sur,Alzheimer,mujeres,0
2026-05-25,Baja California Sur,Alzheimer,general,0
2026-05-25,Baja California Sur,Alzheimer,hombres,0
2026-05-25,Baja California Sur,Alzheimer,mujeres,0
2026-06-01,Baja California Sur,Alzheimer,general,0
2026-06-01,Baja California Sur,Alzheimer,hombres,0
2026-06-01,Baja California Sur,Alzheimer,mujeres,0
2026-06-08,Baja California Sur,Alzheimer,general,0
2026-06-08,Baja California Sur,Alzheimer,hombres,0
2026-06-08,Baja California Sur,Alzheimer,mujeres,0
2026-06-15,Baja California Sur,Alzheimer,general,0
2026-06-15,Baja California Sur,Alzheimer,hombres,0
2026-06-15,Baja California Sur,Alzheimer,mujeres,0
2026-06-22,Baja California Sur,Alzheimer,general,0
2026-06-22,Baja California Sur,Alzheimer,hombres,0
2026-06-22,Baja California Sur,Alzheimer,mujeres,0
2026-06-29,Baja California Sur,Alzheimer,general,0
2026-06-29,Baja California Sur,Alzheimer,hombres,0
2026-06-29,Baja California Sur,Alzheimer,mujeres,0
2026-07-06,Baja California Sur,Alzheimer,general,0
2026-07-06,Baja California Sur,Alzheimer,hombres,0
2026-07-06,Baja California Sur,Alzheimer,mujeres,0
2026-07-13,Baja California Sur,Alzheimer,general,0
2026-07-13,Baja California Sur,Alzheimer,hombres,0
2026-07-13,Baja California Sur,Alzheimer,mujeres,0
2026-07-20,Baja California Sur,Alzheimer,general,0
2026-07-20,Baja California Sur,Alzheimer,hombres,0
2026-07-20,Baja California Sur,Alzheimer,mujeres,0
2026-07-27,Baja California Sur,Alzheimer,general,0
2026-07-27,Baja California Sur,Alzheimer,hombres,0
2026-07-27,Baja California Sur,Alzheimer,mujeres,0
2026-08-03,Baja California Sur,Alzheimer,general,0
2026-08-03,Baja California Sur,Alzheimer,hombres,0
2026-08-03,Baja California Sur,Alzheimer,mujeres,0
2026-08-10,Baja California Sur,Alzheimer,general,0
2026-08-10,Baja California Sur,Alzheimer,hombres,0
2026-08-10,Baja California Sur,Alzheimer,mujeres,0
2026-08-17,Baja California Sur,Alzheimer,general,0
2026-08-17,Baja California Sur,Alzheimer,hombres,0
2026-08-17,Baja California Sur,Alzheimer,mujeres,0
2026-08-24,Baja California Sur,Alzheimer,general,0
2026-08-24,Baja California Sur,Alzheimer,hombres,0
2026-08-24,Baja California Sur,Alzheimer,mujeres,0
2026-08-31,Baja California Sur,Alzheimer,general,0
2026-08-31,Baja California Sur,Alzheimer,hombres,0
2026-08-31,Baja California Sur,Alzheimer,mujeres,0
2026-09-07,Baja California Sur,Alzheimer,general,0
2026-09-07,Baja California Sur,Alzheimer,hombres,0
2026-09-07,Baja California Sur,Alzheimer,mujeres,0
2026-09-14,Baja California Sur,Alzheimer,general,0
2026-09-14,Baja California Sur,Alzheimer,hombres,0
2026-09-14,Baja California Sur,Alzheimer,mujeres,0
2026-09-21,Baja California Sur,Alzheimer,general,0
2026-09-21,Baja California Sur,Alzheimer,hombres,0
2026-09-21,Baja California Sur,Alzheimer,mujeres,0
2026-09-28,Baja California Sur,Alzheimer,general,0
2026-09-28,Baja California Sur,Alzheimer,hombres,0
2026-09-28,Baja California Sur,Alzheimer,mujeres,0
2026-10-05,Baja California Sur,Alzheimer,general,0
2026-10-05,Baja California Sur,Alzheimer,hombres,0
2026-10-05,Baja California Sur,Alzheimer,mujeres,0
2026-10-12,Baja California Sur,Alzheimer,general,0
2026-10-12,Baja California Sur,Alzheimer,hombres,0
2026-10-12,Baja California Sur,Alzheimer,mujeres,0
2026-10-19,Baja California Sur,Alzheimer,general,0
2026-10-19,Baja California Sur,Alzheimer,hombres,0
2026-10-19,Baja California Sur,Alzheimer,mujeres,0
2026-10-26,Baja California Sur,Alzheimer,general,0
2026-10-26,Baja California Sur,Alzheimer,hombres,0
2026-10-26,Baja California Sur,Alzheimer,mujeres,0
2026-11-02,Baja California Sur,Alzheimer,general,0
2026-11-02,Baja California Sur,Alzheimer,hombres,0
2026-11-02,Baja California Sur,Alzheimer,mujeres,0
2026-11-09,Baja California Sur,Alzheimer,general,0
2026-11-09,Baja California Sur,Alzheimer,hombres,0
2026-11-09,Baja California Sur,Alzheimer,mujeres,0
2026-11-16,Baja California Sur,Alzheimer,general,0
2026-11-16,Baja California Sur,Alzheimer,hombres,0
2026-11-16,Baja California Sur,Alzheimer,mujeres,0
2026-11-23,Baja California Sur,Alzheimer,general,0
2026-11-23,Baja California Sur,Alzheimer,hombres,0
2026-11-23,Baja California Sur,Alzheimer,mujeres,0
2026-11-30,Baja California Sur,Alzheimer,general,0
2026-11-30,Baja California Sur,Alzheimer,hombres,0
2026-11-30,Baja California Sur,Alzheimer,mujeres,0
2026-12-07,Baja California Sur,Alzheimer,general,0
2026-12-07,Baja California Sur,Alzheimer,hombres,0
2026-12-07,Baja California Sur,Alzheimer,mujeres,0
2026-12-14,Baja California Sur,Alzheimer,general,0
2026-12-14,Baja California Sur,Alzheimer,hombres,0
2026-12-14,Baja California Sur,Alzheimer,mujeres,0
2026-12-21,Baja California Sur,Alzheimer,general,0
2026-12-21,Baja California Sur,Alzheimer,hombres,0
2026-12-21,Baja California Sur,Alzheimer,mujeres,0
2026-12-28,Baja California Sur,Alzheimer,general,0
2026-12-28,Baja California Sur,Alzheimer,hombres,0
2026-12-28,Baja California Sur,Alzheimer,mujeres,0
2027-01-04,Baja California Sur,Alzheimer,general,0
2027-01-04,Baja California Sur,Alzheimer,hombres,0
2027-01-04,Baja California Sur,Alzheimer,mujeres,0
2027-01-11,Baja California Sur,Alzheimer,general,0
2027-01-11,Baja California Sur,Alzheimer,hombres,0
2027-01-11,Baja California Sur,Alzheimer,mujeres,0
2027-01-18,Baja California Sur,Alzheimer,general,0
2027-01-18,Baja California Sur,Alzheimer,hombres,0
2027-01-18,Baja California Sur,Alzheimer,mujeres,0
2027-01-25,Baja California Sur,Alzheimer,general,0
2027-01-25,Baja California Sur,Alzheimer,hombres,0
2027-01-25,Baja California Sur,Alzheimer,mujeres,0
2026-02-02,Campeche,Alzheimer,general,1
2026-02-02,Campeche,Alzheimer,hombres,0
2026-02-02,Campeche,Alzheimer,mujeres,0
2026-02-09,Campeche,Alzheimer,general,1
2026-02-09,Campeche,Alzheimer,hombres,0
2026-02-09,Campeche,Alzheimer,mujeres,0
2026-02-16,Campeche,Alzheimer,general,1
2026-02-16,Campeche,Alzheimer,hombres,1
2026-02-16,Campeche,Alzheimer,mujeres,0
2026-02-23,Campeche,Alzheimer,general,1
2026-02-23,Campeche,Alzheimer,hombres,0
2026-02-23,Campeche,Alzheimer,mujeres,0
2026-03-02,Campeche,Alzheimer,general,1
2026-03-02,Campeche,Alzheimer,hombres,0
2026-03-02,Campeche,Alzheimer,mujeres,0
2026-03-09,Campeche,Alzheimer,general,0
2026-03-09,Campeche,Alzheimer,hombres,0
2026-03-09,Campeche,Alzheimer,mujeres,0
2026-03-16,Campeche,Alzheimer,general,0
2026-03-16,Campeche,Alzheimer,hombres,0
2026-03-16,Campeche,Alzheimer,mujeres,0
2026-03-23,Campeche,Alzheimer,general,0
2026-03-23,Campeche,Alzheimer,hombres,1
2026-03-23,Campeche,Alzheimer,mujeres,0
2026-03-30,Campeche,Alzheimer,general,0
2026-03-30,Campeche,Alzheimer,hombres,1
2026-03-30,Campeche,Alzheimer,mujeres,0
2026-04-06,Campeche,Alzheimer,general,0
2026-04-06,Campeche,Alzheimer,hombres,1
2026-04-06,Campeche,Alzheimer,mujeres,0
2026-04-13,Campeche,Alzheimer,general,0
2026-04-13,Campeche,Alzheimer,hombres,1
2026-04-13,Campeche,Alzheimer,mujeres,0
2026-04-20,Campeche,Alzheimer,general,0
2026-04-20,Campeche,Alzheimer,hombres,1
2026-04-20,Campeche,Alzheimer,mujeres,0
2026-04-27,Campeche,Alzheimer,general,1
2026-04-27,Campeche,Alzheimer,hombres,1
2026-04-27,Campeche,Alzheimer,mujeres,0
2026-05-04,Campeche,Alzheimer,general,1
2026-05-04,Campeche,Alzheimer,hombres,1
2026-05-04,Campeche,Alzheimer,mujeres,0
2026-05-11,Campeche,Alzheimer,general,1
2026-05-11,Campeche,Alzheimer,hombres,1
2026-05-11,Campeche,Alzheimer,mujeres,0
2026-05-18,Campeche,Alzheimer,general,1
2026-05-18,Campeche,Alzheimer,hombres,1
2026-05-18,Campeche,Alzheimer,mujeres,0
2026-05-25,Campeche,Alzheimer,general,0
2026-05-25,Campeche,Alzheimer,hombres,1
2026-05-25,Campeche,Alzheimer,mujeres,0
2026-06-01,Campeche,Alzheimer,general,0
2026-06-01,Campeche,Alzheimer,hombres,1
2026-06-01,Campeche,Alzheimer,mujeres,0
2026-06-08,Campeche,Alzheimer,general,0
2026-06-08,Campeche,Alzheimer,hombres,1
2026-06-08,Campeche,Alzheimer,mujeres,0
2026-06-15,Campeche,Alzheimer,general,0
2026-06-15,Campeche,Alzheimer,hombres,1
2026-06-15,Campeche,Alzheimer,mujeres,0
2026-06-22,Campeche,Alzheimer,general,0
2026-06-22,Campeche,Alzheimer,hombres,1
2026-06-22,Campeche,Alzheimer,mujeres,0
2026-06-29,Campeche,Alzheimer,general,0
2026-06-29,Campeche,Alzheimer,hombres,1
2026-06-29,Campeche,Alzheimer,mujeres,0
2026-07-06,Campeche,Alzheimer,general,0
2026-07-06,Campeche,Alzheimer,hombres,1
2026-07-06,Campeche,Alzheimer,mujeres,0
2026-07-13,Campeche,Alzheimer,general,0
2026-07-13,Campeche,Alzheimer,hombres,1
2026-07-13,Campeche,Alzheimer,mujeres,0
2026-07-20,Campeche,Alzheimer,general,0
2026-07-20,Campeche,Alzheimer,hombres,1
2026-07-20,Campeche,Alzheimer,mujeres,0
2026-07-27,Campeche,Alzheimer,general,0
2026-07-27,Campeche,Alzheimer,hombres,1
2026-07-27,Campeche,Alzheimer,mujeres,0
2026-08-03,Campeche,Alzheimer,general,0
2026-08-03,Campeche,Alzheimer,hombres,1
2026-08-03,Campeche,Alzheimer,mujeres,0
2026-08-10,Campeche,Alzheimer,general,0
2026-08-10,Campeche,Alzheimer,hombres,1
2026-08-10,Campeche,Alzheimer,mujeres,0
2026-08-17,Campeche,Alzheimer,general,0
2026-08-17,Campeche,Alzheimer,hombres,1
2026-08-17,Campeche,Alzheimer,mujeres,0
2026-08-24,Campeche,Alzheimer,general,0
2026-08-24,Campeche,Alzheimer,hombres,1
2026-08-24,Campeche,Alzheimer,mujeres,0
2026-08-31,Campeche,Alzheimer,general,0
2026-08-31,Campeche,Alzheimer,hombres,1
2026-08-31,Campeche,Alzheimer,mujeres,0
2026-09-07,Campeche,Alzheimer,general,0
2026-09-07,Campeche,Alzheimer,hombres,1
2026-09-07,Campeche,Alzheimer,mujeres,0
2026-09-14,Campeche,Alzheimer,general,0
2026-09-14,Campeche,Alzheimer,hombres,1
2026-09-14,Campeche,Alzheimer,mujeres,0
2026-09-21,Campeche,Alzheimer,general,0
2026-09-21,Campeche,Alzheimer,hombres,1
2026-09-21,Campeche,Alzheimer,mujeres,0
2026-09-28,Campeche,Alzheimer,general,0
2026-09-28,Campeche,Alzheimer,hombres,1
2026-09-28,Campeche,Alzheimer,mujeres,0
2026-10-05,Campeche,Alzheimer,general,0
2026-10-05,Campeche,Alzheimer,hombres,1
2026-10-05,Campeche,Alzheimer,mujeres,0
2026-10-12,Campeche,Alzheimer,general,0
2026-10-12,Campeche,Alzheimer,hombres,1
2026-10-12,Campeche,Alzheimer,mujeres,0
2026-10-19,Campeche,Alzheimer,general,0
2026-10-19,Campeche,Alzheimer,hombres,1
2026-10-19,Campeche,Alzheimer,mujeres,0
2026-10-26,Campeche,Alzheimer,general,0
2026-10-26,Campeche,Alzheimer,hombres,1
2026-10-26,Campeche,Alzheimer,mujeres,0
2026-11-02,Campeche,Alzheimer,general,0
2026-11-02,Campeche,Alzheimer,hombres,1
2026-11-02,Campeche,Alzheimer,mujeres,0
2026-11-09,Campeche,Alzheimer,general,0
2026-11-09,Campeche,Alzheimer,hombres,1
2026-11-09,Campeche,Alzheimer,mujeres,0
2026-11-16,Campeche,Alzheimer,general,0
2026-11-16,Campeche,Alzheimer,hombres,1
2026-11-16,Campeche,Alzheimer,mujeres,0
2026-11-23,Campeche,Alzheimer,general,0
2026-11-23,Campeche,Alzheimer,hombres,1
2026-11-23,Campeche,Alzheimer,mujeres,0
2026-11-30,Campeche,Alzheimer,general,0
2026-11-30,Campeche,Alzheimer,hombres,1
2026-11-30,Campeche,Alzheimer,mujeres,0
2026-12-07,Campeche,Alzheimer,general,0
2026-12-07,Campeche,Alzheimer,hombres,1
2026-12-07,Campeche,Alzheimer,mujeres,0
2026-12-14,Campeche,Alzheimer,general,0
2026-12-14,Campeche,Alzheimer,hombres,1
2026-12-14,Campeche,Alzheimer,mujeres,0
2026-12-21,Campeche,Alzheimer,general,0
2026-12-21,Campeche,Alzheimer,hombres,1
2026-12-21,Campeche,Alzheimer,mujeres,0
2026-12-28,Campeche,Alzheimer,general,0
2026-12-28,Campeche,Alzheimer,hombres,1
2026-12-28,Campeche,Alzheimer,mujeres,0
2027-01-04,Campeche,Alzheimer,general,0
2027-01-04,Campeche,Alzheimer,hombres,1
2027-01-04,Campeche,Alzheimer,mujeres,0
2027-01-11,Campeche,Alzheimer,general,0
2027-01-11,Campeche,Alzheimer,hombres,1
2027-01-11,Campeche,Alzheimer,mujeres,0
2027-01-18,Campeche,Alzheimer,general,0
2027-01-18,Campeche,Alzheimer,hombres,1
2027-01-18,Campeche,Alzheimer,mujeres,0
2027-01-25,Campeche,Alzheimer,general,1
2027-01-25,Campeche,Alzheimer,hombres,1
2027-01-25,Campeche,Alzheimer,mujeres,0
2026-02-02,Chiapas,Alzheimer,general,1
2026-02-02,Chiapas,Alzheimer,hombres,0
2026-02-02,Chiapas,Alzheimer,mujeres,1
2026-02-09,Chiapas,Alzheimer,general,1
2026-02-09,Chiapas,Alzheimer,hombres,0
2026-02-09,Chiapas,Alzheimer,mujeres,1
2026-02-16,Chiapas,Alzheimer,general,1
2026-02-16,Chiapas,Alzheimer,hombres,0
2026-02-16,Chiapas,Alzheimer,mujeres,1
2026-02-23,Chiapas,Alzheimer,general,1
2026-02-23,Chiapas,Alzheimer,hombres,0
2026-02-23,Chiapas,Alzheimer,mujeres,1
2026-03-02,Chiapas,Alzheimer,general,1
2026-03-02,Chiapas,Alzheimer,hombres,0
2026-03-02,Chiapas,Alzheimer,mujeres,1
2026-03-09,Chiapas,Alzheimer,general,1
2026-03-09,Chiapas,Alzheimer,hombres,0
2026-03-09,Chiapas,Alzheimer,mujeres,1
2026-03-16,Chiapas,Alzheimer,general,1
2026-03-16,Chiapas,Alzheimer,hombres,0
2026-03-16,Chiapas,Alzheimer,mujeres,1
2026-03-23,Chiapas,Alzheimer,general,1
2026-03-23,Chiapas,Alzheimer,hombres,0
2026-03-23,Chiapas,Alzheimer,mujeres,0
2026-03-30,Chiapas,Alzheimer,general,1
2026-03-30,Chiapas,Alzheimer,hombres,1
2026-03-30,Chiapas,Alzheimer,mujeres,0
2026-04-06,Chiapas,Alzheimer,general,1
2026-04-06,Chiapas,Alzheimer,hombres,1
2026-04-06,Chiapas,Alzheimer,mujeres,0
2026-04-13,Chiapas,Alzheimer,general,1
2026-04-13,Chiapas,Alzheimer,hombres,0
2026-04-13,Chiapas,Alzheimer,mujeres,0
2026-04-20,Chiapas,Alzheimer,general,1
2026-04-20,Chiapas,Alzheimer,hombres,0
2026-04-20,Chiapas,Alzheimer,mujeres,0
2026-04-27,Chiapas,Alzheimer,general,1
2026-04-27,Chiapas,Alzheimer,hombres,0
2026-04-27,Chiapas,Alzheimer,mujeres,0
2026-05-04,Chiapas,Alzheimer,general,1
2026-05-04,Chiapas,Alzheimer,hombres,1
2026-05-04,Chiapas,Alzheimer,mujeres,1
2026-05-11,Chiapas,Alzheimer,general,1
2026-05-11,Chiapas,Alzheimer,hombres,0
2026-05-11,Chiapas,Alzheimer,mujeres,1
2026-05-18,Chiapas,Alzheimer,general,1
2026-05-18,Chiapas,Alzheimer,hombres,0
2026-05-18,Chiapas,Alzheimer,mujeres,0
2026-05-25,Chiapas,Alzheimer,general,1
2026-05-25,Chiapas,Alzheimer,hombres,0
2026-05-25,Chiapas,Alzheimer,mujeres,0
2026-06-01,Chiapas,Alzheimer,general,1
2026-06-01,Chiapas,Alzheimer,hombres,0
2026-06-01,Chiapas,Alzheimer,mujeres,0
2026-06-08,Chiapas,Alzheimer,general,1
2026-06-08,Chiapas,Alzheimer,hombres,0
2026-06-08,Chiapas,Alzheimer,mujeres,1
2026-06-15,Chiapas,Alzheimer,general,1
2026-06-15,Chiapas,Alzheimer,hombres,0
2026-06-15,Chiapas,Alzheimer,mujeres,1
2026-06-22,Chiapas,Alzheimer,general,1
2026-06-22,Chiapas,Alzheimer,hombres,0
2026-06-22,Chiapas,Alzheimer,mujeres,1
2026-06-29,Chiapas,Alzheimer,general,1
2026-06-29,Chiapas,Alzheimer,hombres,0
2026-06-29,Chiapas,Alzheimer,mujeres,1
2026-07-06,Chiapas,Alzheimer,general,1
2026-07-06,Chiapas,Alzheimer,hombres,0
2026-07-06,Chiapas,Alzheimer,mujeres,1
2026-07-13,Chiapas,Alzheimer,general,1
2026-07-13,Chiapas,Alzheimer,hombres,0
2026-07-13,Chiapas,Alzheimer,mujeres,1
2026-07-20,Chiapas,Alzheimer,general,1
2026-07-20,Chiapas,Alzheimer,hombres,0
2026-07-20,Chiapas,Alzheimer,mujeres,1
2026-07-27,Chiapas,Alzheimer,general,1
2026-07-27,Chiapas,Alzheimer,hombres,0
2026-07-27,Chiapas,Alzheimer,mujeres,1
2026-08-03,Chiapas,Alzheimer,general,1
2026-08-03,Chiapas,Alzheimer,hombres,0
2026-08-03,Chiapas,Alzheimer,mujeres,1
2026-08-10,Chiapas,Alzheimer,general,1
2026-08-10,Chiapas,Alzheimer,hombres,0
2026-08-10,Chiapas,Alzheimer,mujeres,1
2026-08-17,Chiapas,Alzheimer,general,1
2026-08-17,Chiapas,Alzheimer,hombres,0
2026-08-17,Chiapas,Alzheimer,mujeres,0
2026-08-24,Chiapas,Alzheimer,general,1
2026-08-24,Chiapas,Alzheimer,hombres,0
2026-08-24,Chiapas,Alzheimer,mujeres,1
2026-08-31,Chiapas,Alzheimer,general,1
2026-08-31,Chiapas,Alzheimer,hombres,0
2026-08-31,Chiapas,Alzheimer,mujeres,1
2026-09-07,Chiapas,Alzheimer,general,1
2026-09-07,Chiapas,Alzheimer,hombres,0
2026-09-07,Chiapas,Alzheimer,mujeres,1
2026-09-14,Chiapas,Alzheimer,general,1
2026-09-14,Chiapas,Alzheimer,hombres,0
2026-09-14,Chiapas,Alzheimer,mujeres,1
2026-09-21,Chiapas,Alzheimer,general,1
2026-09-21,Chiapas,Alzheimer,hombres,1
2026-09-21,Chiapas,Alzheimer,mujeres,1
2026-09-28,Chiapas,Alzheimer,general,1
2026-09-28,Chiapas,Alzheimer,hombres,1
2026-09-28,Chiapas,Alzheimer,mujeres,1
2026-10-05,Chiapas,Alzheimer,general,1
2026-10-05,Chiapas,Alzheimer,hombres,1
2026-10-05,Chiapas,Alzheimer,mujeres,1
2026-10-12,Chiapas,Alzheimer,general,1
2026-10-12,Chiapas,Alzheimer,hombres,1
2026-10-12,Chiapas,Alzheimer,mujeres,1
2026-10-19,Chiapas,Alzheimer,general,1
2026-10-19,Chiapas,Alzheimer,hombres,1
2026-10-19,Chiapas,Alzheimer,mujeres,1
2026-10-26,Chiapas,Alzheimer,general,1
2026-10-26,Chiapas,Alzheimer,hombres,1
2026-10-26,Chiapas,Alzheimer,mujeres,1
2026-11-02,Chiapas,Alzheimer,general,1
2026-11-02,Chiapas,Alzheimer,hombres,1
2026-11-02,Chiapas,Alzheimer,mujeres,1
2026-11-09,Chiapas,Alzheimer,general,1
2026-11-09,Chiapas,Alzheimer,hombres,1
2026-11-09,Chiapas,Alzheimer,mujeres,1
2026-11-16,Chiapas,Alzheimer,general,1
2026-11-16,Chiapas,Alzheimer,hombres,0
2026-11-16,Chiapas,Alzheimer,mujeres,1
2026-11-23,Chiapas,Alzheimer,general,1
2026-11-23,Chiapas,Alzheimer,hombres,0
2026-11-23,Chiapas,Alzheimer,mujeres,1
2026-11-30,Chiapas,Alzheimer,general,1
2026-11-30,Chiapas,Alzheimer,hombres,0
2026-11-30,Chiapas,Alzheimer,mujeres,1
2026-12-07,Chiapas,Alzheimer,general,1
2026-12-07,Chiapas,Alzheimer,hombres,0
2026-12-07,Chiapas,Alzheimer,mujeres,1
2026-12-14,Chiapas,Alzheimer,general,1
2026-12-14,Chiapas,Alzheimer,hombres,1
2026-12-14,Chiapas,Alzheimer,mujeres,1
2026-12-21,Chiapas,Alzheimer,general,1
2026-12-21,Chiapas,Alzheimer,hombres,1
2026-12-21,Chiapas,Alzheimer,mujeres,0
2026-12-28,Chiapas,Alzheimer,general,1
2026-12-28,Chiapas,Alzheimer,hombres,1
2026-12-28,Chiapas,Alzheimer,mujeres,0
2027-01-04,Chiapas,Alzheimer,general,1
2027-01-04,Chiapas,Alzheimer,hombres,1
2027-01-04,Chiapas,Alzheimer,mujeres,0
2027-01-11,Chiapas,Alzheimer,general,1
2027-01-11,Chiapas,Alzheimer,hombres,1
2027-01-11,Chiapas,Alzheimer,mujeres,0
2027-01-18,Chiapas,Alzheimer,general,1
2027-01-18,Chiapas,Alzheimer,hombres,1
2027-01-18,Chiapas,Alzheimer,mujeres,0
2027-01-25,Chiapas,Alzheimer,general,1
2027-01-25,Chiapas,Alzheimer,hombres,0
2027-01-25,Chiapas,Alzheimer,mujeres,1
2026-02-02,Chihuahua,Alzheimer,general,3
2026-02-02,Chihuahua,Alzheimer,hombres,2
2026-02-02,Chihuahua,Alzheimer,mujeres,2
2026-02-09,Chihuahua,Alzheimer,general,2
2026-02-09,Chihuahua,Alzheimer,hombres,0
2026-02-09,Chihuahua,Alzheimer,mujeres,2
2026-02-16,Chihuahua,Alzheimer,general,3
2026-02-16,Chihuahua,Alzheimer,hombres,1
2026-02-16,Chihuahua,Alzheimer,mujeres,3
2026-02-23,Chihuahua,Alzheimer,general,4
2026-02-23,Chihuahua,Alzheimer,hombres,1
2026-02-23,Chihuahua,Alzheimer,mujeres,3
2026-03-02,Chihuahua,Alzheimer,general,4
2026-03-02,Chihuahua,Alzheimer,hombres,1
2026-03-02,Chihuahua,Alzheimer,mujeres,2
2026-03-09,Chihuahua,Alzheimer,general,4
2026-03-09,Chihuahua,Alzheimer,hombres,0
2026-03-09,Chihuahua,Alzheimer,mujeres,3
2026-03-16,Chihuahua,Alzheimer,general,3
2026-03-16,Chihuahua,Alzheimer,hombres,2
2026-03-16,Chihuahua,Alzheimer,mujeres,2
2026-03-23,Chihuahua,Alzheimer,general,3
2026-03-23,Chihuahua,Alzheimer,hombres,2
2026-03-23,Chihuahua,Alzheimer,mujeres,2
2026-03-30,Chihuahua,Alzheimer,general,4
2026-03-30,Chihuahua,Alzheimer,hombres,1
2026-03-30,Chihuahua,Alzheimer,mujeres,2
2026-04-06,Chihuahua,Alzheimer,general,2
2026-04-06,Chihuahua,Alzheimer,hombres,2
2026-04-06,Chihuahua,Alzheimer,mujeres,2
2026-04-13,Chihuahua,Alzheimer,general,5
2026-04-13,Chihuahua,Alzheimer,hombres,1
2026-04-13,Chihuahua,Alzheimer,mujeres,3
2026-04-20,Chihuahua,Alzheimer,general,5
2026-04-20,Chihuahua,Alzheimer,hombres,1
2026-04-20,Chihuahua,Alzheimer,mujeres,3
2026-04-27,Chihuahua,Alzheimer,general,7
2026-04-27,Chihuahua,Alzheimer,hombres,1
2026-04-27,Chihuahua,Alzheimer,mujeres,3
2026-05-04,Chihuahua,Alzheimer,general,5
2026-05-04,Chihuahua,Alzheimer,hombres,2
2026-05-04,Chihuahua,Alzheimer,mujeres,1
2026-05-11,Chihuahua,Alzheimer,general,2
2026-05-11,Chihuahua,Alzheimer,hombres,1
2026-05-11,Chihuahua,Alzheimer,mujeres,1
2026-05-18,Chihuahua,Alzheimer,general,2
2026-05-18,Chihuahua,Alzheimer,hombres,1
2026-05-18,Chihuahua,Alzheimer,mujeres,2
2026-05-25,Chihuahua,Alzheimer,general,8
2026-05-25,Chihuahua,Alzheimer,hombres,1
2026-05-25,Chihuahua,Alzheimer,mujeres,4
2026-06-01,Chihuahua,Alzheimer,general,6
2026-06-01,Chihuahua,Alzheimer,hombres,1
2026-06-01,Chihuahua,Alzheimer,mujeres,3
2026-06-08,Chihuahua,Alzheimer,general,3
2026-06-08,Chihuahua,Alzheimer,hombres,1
2026-06-08,Chihuahua,Alzheimer,mujeres,1
2026-06-15,Chihuahua,Alzheimer,general,3
2026-06-15,Chihuahua,Alzheimer,hombres,2
2026-06-15,Chihuahua,Alzheimer,mujeres,2
2026-06-22,Chihuahua,Alzheimer,general,3
2026-06-22,Chihuahua,Alzheimer,hombres,2
2026-06-22,Chihuahua,Alzheimer,mujeres,2
2026-06-29,Chihuahua,Alzheimer,general,4
2026-06-29,Chihuahua,Alzheimer,hombres,1
2026-06-29,Chihuahua,Alzheimer,mujeres,2
2026-07-06,Chihuahua,Alzheimer,general,2
2026-07-06,Chihuahua,Alzheimer,hombres,1
2026-07-06,Chihuahua,Alzheimer,mujeres,1
2026-07-13,Chihuahua,Alzheimer,general,3
2026-07-13,Chihuahua,Alzheimer,hombres,3
2026-07-13,Chihuahua,Alzheimer,mujeres,2
2026-07-20,Chihuahua,Alzheimer,general,4
2026-07-20,Chihuahua,Alzheimer,hombres,2
2026-07-20,Chihuahua,Alzheimer,mujeres,3
2026-07-27,Chihuahua,Alzheimer,general,3
2026-07-27,Chihuahua,Alzheimer,hombres,1
2026-07-27,Chihuahua,Alzheimer,mujeres,1
2026-08-03,Chihuahua,Alzheimer,general,3
2026-08-03,Chihuahua,Alzheimer,hombres,2
2026-08-03,Chihuahua,Alzheimer,mujeres,2
2026-08-10,Chihuahua,Alzheimer,general,2
2026-08-10,Chihuahua,Alzheimer,hombres,2
2026-08-10,Chihuahua,Alzheimer,mujeres,2
2026-08-17,Chihuahua,Alzheimer,general,3
2026-08-17,Chihuahua,Alzheimer,hombres,0
2026-08-17,Chihuahua,Alzheimer,mujeres,3
2026-08-24,Chihuahua,Alzheimer,general,5
2026-08-24,Chihuahua,Alzheimer,hombres,2
2026-08-24,Chihuahua,Alzheimer,mujeres,1
2026-08-31,Chihuahua,Alzheimer,general,4
2026-08-31,Chihuahua,Alzheimer,hombres,2
2026-08-31,Chihuahua,Alzheimer,mujeres,2
2026-09-07,Chihuahua,Alzheimer,general,5
2026-09-07,Chihuahua,Alzheimer,hombres,1
2026-09-07,Chihuahua,Alzheimer,mujeres,1
2026-09-14,Chihuahua,Alzheimer,general,3
2026-09-14,Chihuahua,Alzheimer,hombres,3
2026-09-14,Chihuahua,Alzheimer,mujeres,2
2026-09-21,Chihuahua,Alzheimer,general,7
2026-09-21,Chihuahua,Alzheimer,hombres,3
2026-09-21,Chihuahua,Alzheimer,mujeres,3
2026-09-28,Chihuahua,Alzheimer,general,5
2026-09-28,Chihuahua,Alzheimer,hombres,1
2026-09-28,Chihuahua,Alzheimer,mujeres,3
2026-10-05,Chihuahua,Alzheimer,general,2
2026-10-05,Chihuahua,Alzheimer,hombres,1
2026-10-05,Chihuahua,Alzheimer,mujeres,0
2026-10-12,Chihuahua,Alzheimer,general,4
2026-10-12,Chihuahua,Alzheimer,hombres,2
2026-10-12,Chihuahua,Alzheimer,mujeres,1
2026-10-19,Chihuahua,Alzheimer,general,5
2026-10-19,Chihuahua,Alzheimer,hombres,1
2026-10-19,Chihuahua,Alzheimer,mujeres,4
2026-10-26,Chihuahua,Alzheimer,general,2
2026-10-26,Chihuahua,Alzheimer,hombres,1
2026-10-26,Chihuahua,Alzheimer,mujeres,1
2026-11-02,Chihuahua,Alzheimer,general,3
2026-11-02,Chihuahua,Alzheimer,hombres,2
2026-11-02,Chihuahua,Alzheimer,mujeres,1
2026-11-09,Chihuahua,Alzheimer,general,2
2026-11-09,Chihuahua,Alzheimer,hombres,1
2026-11-09,Chihuahua,Alzheimer,mujeres,1
2026-11-16,Chihuahua,Alzheimer,general,5
2026-11-16,Chihuahua,Alzheimer,hombres,2
2026-11-16,Chihuahua,Alzheimer,mujeres,1
2026-11-23,Chihuahua,Alzheimer,general,6
2026-11-23,Chihuahua,Alzheimer,hombres,2
2026-11-23,Chihuahua,Alzheimer,mujeres,1
2026-11-30,Chihuahua,Alzheimer,general,2
2026-11-30,Chihuahua,Alzheimer,hombres,0
2026-11-30,Chihuahua,Alzheimer,mujeres,3
2026-12-07,Chihuahua,Alzheimer,general,3
2026-12-07,Chihuahua,Alzheimer,hombres,1
2026-12-07,Chihuahua,Alzheimer,mujeres,0
2026-12-14,Chihuahua,Alzheimer,general,6
2026-12-14,Chihuahua,Alzheimer,hombres,1
2026-12-14,Chihuahua,Alzheimer,mujeres,1
2026-12-21,Chihuahua,Alzheimer,general,6
2026-12-21,Chihuahua,Alzheimer,hombres,2
2026-12-21,Chihuahua,Alzheimer,mujeres,1
2026-12-28,Chihuahua,Alzheimer,general,5
2026-12-28,Chihuahua,Alzheimer,hombres,2
2026-12-28,Chihuahua,Alzheimer,mujeres,1
2027-01-04,Chihuahua,Alzheimer,general,3
2027-01-04,Chihuahua,Alzheimer,hombres,1
2027-01-04,Chihuahua,Alzheimer,mujeres,1
2027-01-11,Chihuahua,Alzheimer,general,7
2027-01-11,Chihuahua,Alzheimer,hombres,1
2027-01-11,Chihuahua,Alzheimer,mujeres,0
2027-01-18,Chihuahua,Alzheimer,general,7
2027-01-18,Chihuahua,Alzheimer,hombres,2
2027-01-18,Chihuahua,Alzheimer,mujeres,1
2027-01-25,Chihuahua,Alzheimer,general,5
2027-01-25,Chihuahua,Alzheimer,hombres,1
2027-01-25,Chihuahua,Alzheimer,mujeres,1
2026-02-02,Ciudad de México,Alzheimer,general,1
2026-02-02,Ciudad de México,Alzheimer,hombres,0
2026-02-02,Ciudad de México,Alzheimer,mujeres,0
2026-02-09,Ciudad de México,Alzheimer,general,1
2026-02-09,Ciudad de México,Alzheimer,hombres,1
2026-02-09,Ciudad de México,Alzheimer,mujeres,2
2026-02-16,Ciudad de México,Alzheimer,general,1
2026-02-16,Ciudad de México,Alzheimer,hombres,1
2026-02-16,Ciudad de México,Alzheimer,mujeres,2
2026-02-23,Ciudad de México,Alzheimer,general,2
2026-02-23,Ciudad de México,Alzheimer,hombres,1
2026-02-23,Ciudad de México,Alzheimer,mujeres,3
2026-03-02,Ciudad de México,Alzheimer,general,0
2026-03-02,Ciudad de México,Alzheimer,hombres,1
2026-03-02,Ciudad de México,Alzheimer,mujeres,0
2026-03-09,Ciudad de México,Alzheimer,general,1
2026-03-09,Ciudad de México,Alzheimer,hombres,1
2026-03-09,Ciudad de México,Alzheimer,mujeres,1
2026-03-16,Ciudad de México,Alzheimer,general,3
2026-03-16,Ciudad de México,Alzheimer,hombres,0
2026-03-16,Ciudad de México,Alzheimer,mujeres,1
2026-03-23,Ciudad de México,Alzheimer,general,4
2026-03-23,Ciudad de México,Alzheimer,hombres,0
2026-03-23,Ciudad de México,Alzheimer,mujeres,3
2026-03-30,Ciudad de México,Alzheimer,general,1
2026-03-30,Ciudad de México,Alzheimer,hombres,1
2026-03-30,Ciudad de México,Alzheimer,mujeres,1
2026-04-06,Ciudad de México,Alzheimer,general,1
2026-04-06,Ciudad de México,Alzheimer,hombres,1
2026-04-06,Ciudad de México,Alzheimer,mujeres,1
2026-04-13,Ciudad de México,Alzheimer,general,1
2026-04-13,Ciudad de México,Alzheimer,hombres,1
2026-04-13,Ciudad de México,Alzheimer,mujeres,1
2026-04-20,Ciudad de México,Alzheimer,general,1
2026-04-20,Ciudad de México,Alzheimer,hombres,1
2026-04-20,Ciudad de México,Alzheimer,mujeres,2
2026-04-27,Ciudad de México,Alzheimer,general,1
2026-04-27,Ciudad de México,Alzheimer,hombres,1
2026-04-27,Ciudad de México,Alzheimer,mujeres,2
2026-05-04,Ciudad de México,Alzheimer,general,1
2026-05-04,Ciudad de México,Alzheimer,hombres,1
2026-05-04,Ciudad de México,Alzheimer,mujeres,2
2026-05-11,Ciudad de México,Alzheimer,general,1
2026-05-11,Ciudad de México,Alzheimer,hombres,0
2026-05-11,Ciudad de México,Alzheimer,mujeres,2
2026-05-18,Ciudad de México,Alzheimer,general,1
2026-05-18,Ciudad de México,Alzheimer,hombres,0
2026-05-18,Ciudad de México,Alzheimer,mujeres,2
2026-05-25,Ciudad de México,Alzheimer,general,2
2026-05-25,Ciudad de México,Alzheimer,hombres,0
2026-05-25,Ciudad de México,Alzheimer,mujeres,1
2026-06-01,Ciudad de México,Alzheimer,general,1
2026-06-01,Ciudad de México,Alzheimer,hombres,0
2026-06-01,Ciudad de México,Alzheimer,mujeres,1
2026-06-08,Ciudad de México,Alzheimer,general,2
2026-06-08,Ciudad de México,Alzheimer,hombres,0
2026-06-08,Ciudad de México,Alzheimer,mujeres,2
2026-06-15,Ciudad de México,Alzheimer,general,3
2026-06-15,Ciudad de México,Alzheimer,hombres,1
2026-06-15,Ciudad de México,Alzheimer,mujeres,2
2026-06-22,Ciudad de México,Alzheimer,general,3
2026-06-22,Ciudad de México,Alzheimer,hombres,1
2026-06-22,Ciudad de México,Alzheimer,mujeres,1
2026-06-29,Ciudad de México,Alzheimer,general,2
2026-06-29,Ciudad de México,Alzheimer,hombres,1
2026-06-29,Ciudad de México,Alzheimer,mujeres,2
2026-07-06,Ciudad de México,Alzheimer,general,2
2026-07-06,Ciudad de México,Alzheimer,hombres,1
2026-07-06,Ciudad de México,Alzheimer,mujeres,1
2026-07-13,Ciudad de México,Alzheimer,general,1
2026-07-13,Ciudad de México,Alzheimer,hombres,1
2026-07-13,Ciudad de México,Alzheimer,mujeres,1
2026-07-20,Ciudad de México,Alzheimer,general,1
2026-07-20,Ciudad de México,Alzheimer,hombres,0
2026-07-20,Ciudad de México,Alzheimer,mujeres,1
2026-07-27,Ciudad de México,Alzheimer,general,3
2026-07-27,Ciudad de México,Alzheimer,hombres,0
2026-07-27,Ciudad de México,Alzheimer,mujeres,0
2026-08-03,Ciudad de México,Alzheimer,general,1
2026-08-03,Ciudad de México,Alzheimer,hombres,0
2026-08-03,Ciudad de México,Alzheimer,mujeres,0
2026-08-10,Ciudad de México,Alzheimer,general,1
2026-08-10,Ciudad de México,Alzheimer,hombres,0
2026-08-10,Ciudad de México,Alzheimer,mujeres,2
2026-08-17,Ciudad de México,Alzheimer,general,1
2026-08-17,Ciudad de México,Alzheimer,hombres,1
2026-08-17,Ciudad de México,Alzheimer,mujeres,0
2026-08-24,Ciudad de México,Alzheimer,general,1
2026-08-24,Ciudad de México,Alzheimer,hombres,1
2026-08-24,Ciudad de México,Alzheimer,mujeres,2
2026-08-31,Ciudad de México,Alzheimer,general,1
2026-08-31,Ciudad de México,Alzheimer,hombres,0
2026-08-31,Ciudad de México,Alzheimer,mujeres,1
2026-09-07,Ciudad de México,Alzheimer,general,1
2026-09-07,Ciudad de México,Alzheimer,hombres,0
2026-09-07,Ciudad de México,Alzheimer,mujeres,0
2026-09-14,Ciudad de México,Alzheimer,general,0
2026-09-14,Ciudad de México,Alzheimer,hombres,0
2026-09-14,Ciudad de México,Alzheimer,mujeres,1
2026-09-21,Ciudad de México,Alzheimer,general,1
2026-09-21,Ciudad de México,Alzheimer,hombres,0
2026-09-21,Ciudad de México,Alzheimer,mujeres,1
2026-09-28,Ciudad de México,Alzheimer,general,2
2026-09-28,Ciudad de México,Alzheimer,hombres,0
2026-09-28,Ciudad de México,Alzheimer,mujeres,2
2026-10-05,Ciudad de México,Alzheimer,general,1
2026-10-05,Ciudad de México,Alzheimer,hombres,0
2026-10-05,Ciudad de México,Alzheimer,mujeres,1
2026-10-12,Ciudad de México,Alzheimer,general,1
2026-10-12,Ciudad de México,Alzheimer,hombres,0
2026-10-12,Ciudad de México,Alzheimer,mujeres,0
2026-10-19,Ciudad de México,Alzheimer,general,1
2026-10-19,Ciudad de México,Alzheimer,hombres,0
2026-10-19,Ciudad de México,Alzheimer,mujeres,2
2026-10-26,Ciudad de México,Alzheimer,general,1
2026-10-26,Ciudad de México,Alzheimer,hombres,0
2026-10-26,Ciudad de México,Alzheimer,mujeres,4
2026-11-02,Ciudad de México,Alzheimer,general,1
2026-11-02,Ciudad de México,Alzheimer,hombres,0
2026-11-02,Ciudad de México,Alzheimer,mujeres,2
2026-11-09,Ciudad de México,Alzheimer,general,2
2026-11-09,Ciudad de México,Alzheimer,hombres,0
2026-11-09,Ciudad de México,Alzheimer,mujeres,1
2026-11-16,Ciudad de México,Alzheimer,general,1
2026-11-16,Ciudad de México,Alzheimer,hombres,0
2026-11-16,Ciudad de México,Alzheimer,mujeres,1
2026-11-23,Ciudad de México,Alzheimer,general,1
2026-11-23,Ciudad de México,Alzheimer,hombres,0
2026-11-23,Ciudad de México,Alzheimer,mujeres,1
2026-11-30,Ciudad de México,Alzheimer,general,1
2026-11-30,Ciudad de México,Alzheimer,hombres,0
2026-11-30,Ciudad de México,Alzheimer,mujeres,2
2026-12-07,Ciudad de México,Alzheimer,general,1
2026-12-07,Ciudad de México,Alzheimer,hombres,0
2026-12-07,Ciudad de México,Alzheimer,mujeres,1
2026-12-14,Ciudad de México,Alzheimer,general,1
2026-12-14,Ciudad de México,Alzheimer,hombres,0
2026-12-14,Ciudad de México,Alzheimer,mujeres,0
2026-12-21,Ciudad de México,Alzheimer,general,1
2026-12-21,Ciudad de México,Alzheimer,hombres,0
2026-12-21,Ciudad de México,Alzheimer,mujeres,0
2026-12-28,Ciudad de México,Alzheimer,general,0
2026-12-28,Ciudad de México,Alzheimer,hombres,0
2026-12-28,Ciudad de México,Alzheimer,mujeres,1
2027-01-04,Ciudad de México,Alzheimer,general,1
2027-01-04,Ciudad de México,Alzheimer,hombres,0
2027-01-04,Ciudad de México,Alzheimer,mujeres,0
2027-01-11,Ciudad de México,Alzheimer,general,1
2027-01-11,Ciudad de México,Alzheimer,hombres,1
2027-01-11,Ciudad de México,Alzheimer,mujeres,1
2027-01-18,Ciudad de México,Alzheimer,general,1
2027-01-18,Ciudad de México,Alzheimer,hombres,1
2027-01-18,Ciudad de México,Alzheimer,mujeres,0
2027-01-25,Ciudad de México,Alzheimer,general,1
2027-01-25,Ciudad de México,Alzheimer,hombres,0
2027-01-25,Ciudad de México,Alzheimer,mujeres,0
2026-02-02,Coahuila,Alzheimer,general,2
2026-02-02,Coahuila,Alzheimer,hombres,1
2026-02-02,Coahuila,Alzheimer,mujeres,1
2026-02-09,Coahuila,Alzheimer,general,2
2026-02-09,Coahuila,Alzheimer,hombres,1
2026-02-09,Coahuila,Alzheimer,mujeres,1
2026-02-16,Coahuila,Alzheimer,general,2
2026-02-16,Coahuila,Alzheimer,hombres,1
2026-02-16,Coahuila,Alzheimer,mujeres,1
2026-02-23,Coahuila,Alzheimer,general,2
2026-02-23,Coahuila,Alzheimer,hombres,1
2026-02-23,Coahuila,Alzheimer,mujeres,1
2026-03-02,Coahuila,Alzheimer,general,2
2026-03-02,Coahuila,Alzheimer,hombres,1
2026-03-02,Coahuila,Alzheimer,mujeres,1
2026-03-09,Coahuila,Alzheimer,general,2
2026-03-09,Coahuila,Alzheimer,hombres,1
2026-03-09,Coahuila,Alzheimer,mujeres,1
2026-03-16,Coahuila,Alzheimer,general,2
2026-03-16,Coahuila,Alzheimer,hombres,1
2026-03-16,Coahuila,Alzheimer,mujeres,1
2026-03-23,Coahuila,Alzheimer,general,2
2026-03-23,Coahuila,Alzheimer,hombres,1
2026-03-23,Coahuila,Alzheimer,mujeres,1
2026-03-30,Coahuila,Alzheimer,general,2
2026-03-30,Coahuila,Alzheimer,hombres,1
2026-03-30,Coahuila,Alzheimer,mujeres,1
2026-04-06,Coahuila,Alzheimer,general,2
2026-04-06,Coahuila,Alzheimer,hombres,1
2026-04-06,Coahuila,Alzheimer,mujeres,1
2026-04-13,Coahuila,Alzheimer,general,2
2026-04-13,Coahuila,Alzheimer,hombres,1
2026-04-13,Coahuila,Alzheimer,mujeres,1
2026-04-20,Coahuila,Alzheimer,general,2
2026-04-20,Coahuila,Alzheimer,hombres,1
2026-04-20,Coahuila,Alzheimer,mujeres,1
2026-04-27,Coahuila,Alzheimer,general,2
2026-04-27,Coahuila,Alzheimer,hombres,1
2026-04-27,Coahuila,Alzheimer,mujeres,1
2026-05-04,Coahuila,Alzheimer,general,2
2026-05-04,Coahuila,Alzheimer,hombres,1
2026-05-04,Coahuila,Alzheimer,mujeres,1
2026-05-11,Coahuila,Alzheimer,general,2
2026-05-11,Coahuila,Alzheimer,hombres,1
2026-05-11,Coahuila,Alzheimer,mujeres,1
2026-05-18,Coahuila,Alzheimer,general,2
2026-05-18,Coahuila,Alzheimer,hombres,1
2026-05-18,Coahuila,Alzheimer,mujeres,1
2026-05-25,Coahuila,Alzheimer,general,2
2026-05-25,Coahuila,Alzheimer,hombres,1
2026-05-25,Coahuila,Alzheimer,mujeres,1
2026-06-01,Coahuila,Alzheimer,general,2
2026-06-01,Coahuila,Alzheimer,hombres,1
2026-06-01,Coahuila,Alzheimer,mujeres,1
2026-06-08,Coahuila,Alzheimer,general,2
2026-06-08,Coahuila,Alzheimer,hombres,1
2026-06-08,Coahuila,Alzheimer,mujeres,1
2026-06-15,Coahuila,Alzheimer,general,2
2026-06-15,Coahuila,Alzheimer,hombres,1
2026-06-15,Coahuila,Alzheimer,mujeres,1
2026-06-22,Coahuila,Alzheimer,general,2
2026-06-22,Coahuila,Alzheimer,hombres,1
2026-06-22,Coahuila,Alzheimer,mujeres,1
2026-06-29,Coahuila,Alzheimer,general,2
2026-06-29,Coahuila,Alzheimer,hombres,1
2026-06-29,Coahuila,Alzheimer,mujeres,1
2026-07-06,Coahuila,Alzheimer,general,2
2026-07-06,Coahuila,Alzheimer,hombres,1
2026-07-06,Coahuila,Alzheimer,mujeres,1
2026-07-13,Coahuila,Alzheimer,general,2
2026-07-13,Coahuila,Alzheimer,hombres,1
2026-07-13,Coahuila,Alzheimer,mujeres,1
2026-07-20,Coahuila,Alzheimer,general,2
2026-07-20,Coahuila,Alzheimer,hombres,1
2026-07-20,Coahuila,Alzheimer,mujeres,1
2026-07-27,Coahuila,Alzheimer,general,2
2026-07-27,Coahuila,Alzheimer,hombres,1
2026-07-27,Coahuila,Alzheimer,mujeres,1
2026-08-03,Coahuila,Alzheimer,general,2
2026-08-03,Coahuila,Alzheimer,hombres,1
2026-08-03,Coahuila,Alzheimer,mujeres,1
2026-08-10,Coahuila,Alzheimer,general,2
2026-08-10,Coahuila,Alzheimer,hombres,1
2026-08-10,Coahuila,Alzheimer,mujeres,1
2026-08-17,Coahuila,Alzheimer,general,2
2026-08-17,Coahuila,Alzheimer,hombres,1
2026-08-17,Coahuila,Alzheimer,mujeres,1
2026-08-24,Coahuila,Alzheimer,general,2
2026-08-24,Coahuila,Alzheimer,hombres,1
2026-08-24,Coahuila,Alzheimer,mujeres,1
2026-08-31,Coahuila,Alzheimer,general,2
2026-08-31,Coahuila,Alzheimer,hombres,1
2026-08-31,Coahuila,Alzheimer,mujeres,1
2026-09-07,Coahuila,Alzheimer,general,2
2026-09-07,Coahuila,Alzheimer,hombres,1
2026-09-07,Coahuila,Alzheimer,mujeres,1
2026-09-14,Coahuila,Alzheimer,general,2
2026-09-14,Coahuila,Alzheimer,hombres,1
2026-09-14,Coahuila,Alzheimer,mujeres,1
2026-09-21,Coahuila,Alzheimer,general,2
2026-09-21,Coahuila,Alzheimer,hombres,1
2026-09-21,Coahuila,Alzheimer,mujeres,1
2026-09-28,Coahuila,Alzheimer,general,2
2026-09-28,Coahuila,Alzheimer,hombres,1
2026-09-28,Coahuila,Alzheimer,mujeres,1
2026-10-05,Coahuila,Alzheimer,general,2
2026-10-05,Coahuila,Alzheimer,hombres,1
2026-10-05,Coahuila,Alzheimer,mujeres,1
2026-10-12,Coahuila,Alzheimer,general,2
2026-10-12,Coahuila,Alzheimer,hombres,1
2026-10-12,Coahuila,Alzheimer,mujeres,1
2026-10-19,Coahuila,Alzheimer,general,2
2026-10-19,Coahuila,Alzheimer,hombres,1
2026-10-19,Coahuila,Alzheimer,mujeres,1
2026-10-26,Coahuila,Alzheimer,general,2
2026-10-26,Coahuila,Alzheimer,hombres,1
2026-10-26,Coahuila,Alzheimer,mujeres,1
2026-11-02,Coahuila,Alzheimer,general,2
2026-11-02,Coahuila,Alzheimer,hombres,1
2026-11-02,Coahuila,Alzheimer,mujeres,1
2026-11-09,Coahuila,Alzheimer,general,2
2026-11-09,Coahuila,Alzheimer,hombres,1
2026-11-09,Coahuila,Alzheimer,mujeres,1
2026-11-16,Coahuila,Alzheimer,general,2
2026-11-16,Coahuila,Alzheimer,hombres,1
2026-11-16,Coahuila,Alzheimer,mujeres,1
2026-11-23,Coahuila,Alzheimer,general,2
2026-11-23,Coahuila,Alzheimer,hombres,1
2026-11-23,Coahuila,Alzheimer,mujeres,1
2026-11-30,Coahuila,Alzheimer,general,2
2026-11-30,Coahuila,Alzheimer,hombres,1
2026-11-30,Coahuila,Alzheimer,mujeres,1
2026-12-07,Coahuila,Alzheimer,general,2
2026-12-07,Coahuila,Alzheimer,hombres,1
2026-12-07,Coahuila,Alzheimer,mujeres,1
2026-12-14,Coahuila,Alzheimer,general,2
2026-12-14,Coahuila,Alzheimer,hombres,1
2026-12-14,Coahuila,Alzheimer,mujeres,1
2026-12-21,Coahuila,Alzheimer,general,2
2026-12-21,Coahuila,Alzheimer,hombres,1
2026-12-21,Coahuila,Alzheimer,mujeres,1
2026-12-28,Coahuila,Alzheimer,general,2
2026-12-28,Coahuila,Alzheimer,hombres,1
2026-12-28,Coahuila,Alzheimer,mujeres,1
2027-01-04,Coahuila,Alzheimer,general,2
2027-01-04,Coahuila,Alzheimer,hombres,1
2027-01-04,Coahuila,Alzheimer,mujeres,1
2027-01-11,Coahuila,Alzheimer,general,2
2027-01-11,Coahuila,Alzheimer,hombres,1
2027-01-11,Coahuila,Alzheimer,mujeres,1
2027-01-18,Coahuila,Alzheimer,general,2
2027-01-18,Coahuila,Alzheimer,hombres,1
2027-01-18,Coahuila,Alzheimer,mujeres,1
2027-01-25,Coahuila,Alzheimer,general,2
2027-01-25,Coahuila,Alzheimer,hombres,1
2027-01-25,Coahuila,Alzheimer,mujeres,1
2026-02-02,Colima,Alzheimer,general,1
2026-02-02,Colima,Alzheimer,hombres,1
2026-02-02,Colima,Alzheimer,mujeres,1
2026-02-09,Colima,Alzheimer,general,1
2026-02-09,Colima,Alzheimer,hombres,0
2026-02-09,Colima,Alzheimer,mujeres,1
2026-02-16,Colima,Alzheimer,general,1
2026-02-16,Colima,Alzheimer,hombres,0
2026-02-16,Colima,Alzheimer,mujeres,1
2026-02-23,Colima,Alzheimer,general,1
2026-02-23,Colima,Alzheimer,hombres,0
2026-02-23,Colima,Alzheimer,mujeres,1
2026-03-02,Colima,Alzheimer,general,1
2026-03-02,Colima,Alzheimer,hombres,0
2026-03-02,Colima,Alzheimer,mujeres,1
2026-03-09,Colima,Alzheimer,general,1
2026-03-09,Colima,Alzheimer,hombres,0
2026-03-09,Colima,Alzheimer,mujeres,1
2026-03-16,Colima,Alzheimer,general,1
2026-03-16,Colima,Alzheimer,hombres,0
2026-03-16,Colima,Alzheimer,mujeres,1
2026-03-23,Colima,Alzheimer,general,1
2026-03-23,Colima,Alzheimer,hombres,0
2026-03-23,Colima,Alzheimer,mujeres,1
2026-03-30,Colima,Alzheimer,general,1
2026-03-30,Colima,Alzheimer,hombres,0
2026-03-30,Colima,Alzheimer,mujeres,1
2026-04-06,Colima,Alzheimer,general,1
2026-04-06,Colima,Alzheimer,hombres,0
2026-04-06,Colima,Alzheimer,mujeres,1
2026-04-13,Colima,Alzheimer,general,1
2026-04-13,Colima,Alzheimer,hombres,0
2026-04-13,Colima,Alzheimer,mujeres,1
2026-04-20,Colima,Alzheimer,general,1
2026-04-20,Colima,Alzheimer,hombres,0
2026-04-20,Colima,Alzheimer,mujeres,1
2026-04-27,Colima,Alzheimer,general,1
2026-04-27,Colima,Alzheimer,hombres,0
2026-04-27,Colima,Alzheimer,mujeres,1
2026-05-04,Colima,Alzheimer,general,1
2026-05-04,Colima,Alzheimer,hombres,0
2026-05-04,Colima,Alzheimer,mujeres,1
2026-05-11,Colima,Alzheimer,general,1
2026-05-11,Colima,Alzheimer,hombres,0
2026-05-11,Colima,Alzheimer,mujeres,1
2026-05-18,Colima,Alzheimer,general,1
2026-05-18,Colima,Alzheimer,hombres,0
2026-05-18,Colima,Alzheimer,mujeres,1
2026-05-25,Colima,Alzheimer,general,1
2026-05-25,Colima,Alzheimer,hombres,0
2026-05-25,Colima,Alzheimer,mujeres,1
2026-06-01,Colima,Alzheimer,general,1
2026-06-01,Colima,Alzheimer,hombres,0
2026-06-01,Colima,Alzheimer,mujeres,1
2026-06-08,Colima,Alzheimer,general,1
2026-06-08,Colima,Alzheimer,hombres,0
2026-06-08,Colima,Alzheimer,mujeres,1
2026-06-15,Colima,Alzheimer,general,1
2026-06-15,Colima,Alzheimer,hombres,0
2026-06-15,Colima,Alzheimer,mujeres,1
2026-06-22,Colima,Alzheimer,general,1
2026-06-22,Colima,Alzheimer,hombres,0
2026-06-22,Colima,Alzheimer,mujeres,1
2026-06-29,Colima,Alzheimer,general,1
2026-06-29,Colima,Alzheimer,hombres,0
2026-06-29,Colima,Alzheimer,mujeres,1
2026-07-06,Colima,Alzheimer,general,1
2026-07-06,Colima,Alzheimer,hombres,0
2026-07-06,Colima,Alzheimer,mujeres,1
2026-07-13,Colima,Alzheimer,general,1
2026-07-13,Colima,Alzheimer,hombres,0
2026-07-13,Colima,Alzheimer,mujeres,1
2026-07-20,Colima,Alzheimer,general,1
2026-07-20,Colima,Alzheimer,hombres,0
2026-07-20,Colima,Alzheimer,mujeres,1
2026-07-27,Colima,Alzheimer,general,1
2026-07-27,Colima,Alzheimer,hombres,0
2026-07-27,Colima,Alzheimer,mujeres,1
2026-08-03,Colima,Alzheimer,general,1
2026-08-03,Colima,Alzheimer,hombres,0
2026-08-03,Colima,Alzheimer,mujeres,1
2026-08-10,Colima,Alzheimer,general,1
2026-08-10,Colima,Alzheimer,hombres,1
2026-08-10,Colima,Alzheimer,mujeres,1
2026-08-17,Colima,Alzheimer,general,1
2026-08-17,Colima,Alzheimer,hombres,1
2026-08-17,Colima,Alzheimer,mujeres,1
2026-08-24,Colima,Alzheimer,general,1
2026-08-24,Colima,Alzheimer,hombres,1
2026-08-24,Colima,Alzheimer,mujeres,1
2026-08-31,Colima,Alzheimer,general,1
2026-08-31,Colima,Alzheimer,hombres,1
2026-08-31,Colima,Alzheimer,mujeres,1
2026-09-07,Colima,Alzheimer,general,1
2026-09-07,Colima,Alzheimer,hombres,1
2026-09-07,Colima,Alzheimer,mujeres,1
2026-09-14,Colima,Alzheimer,general,1
2026-09-14,Colima,Alzheimer,hombres,1
2026-09-14,Colima,Alzheimer,mujeres,1
2026-09-21,Colima,Alzheimer,general,1
2026-09-21,Colima,Alzheimer,hombres,1
2026-09-21,Colima,Alzheimer,mujeres,1
2026-09-28,Colima,Alzheimer,general,1
2026-09-28,Colima,Alzheimer,hombres,1
2026-09-28,Colima,Alzheimer,mujeres,1
2026-10-05,Colima,Alzheimer,general,1
2026-10-05,Colima,Alzheimer,hombres,1
2026-10-05,Colima,Alzheimer,mujeres,1
2026-10-12,Colima,Alzheimer,general,1
2026-10-12,Colima,Alzheimer,hombres,1
2026-10-12,Colima,Alzheimer,mujeres,1
2026-10-19,Colima,Alzheimer,general,1
2026-10-19,Colima,Alzheimer,hombres,0
2026-10-19,Colima,Alzheimer,mujeres,1
2026-10-26,Colima,Alzheimer,general,1
2026-10-26,Colima,Alzheimer,hombres,1
2026-10-26,Colima,Alzheimer,mujeres,1
2026-11-02,Colima,Alzheimer,general,1
2026-11-02,Colima,Alzheimer,hombres,0
2026-11-02,Colima,Alzheimer,mujeres,1
2026-11-09,Colima,Alzheimer,general,1
2026-11-09,Colima,Alzheimer,hombres,1
2026-11-09,Colima,Alzheimer,mujeres,1
2026-11-16,Colima,Alzheimer,general,1
2026-11-16,Colima,Alzheimer,hombres,1
2026-11-16,Colima,Alzheimer,mujeres,1
2026-11-23,Colima,Alzheimer,general,1
2026-11-23,Colima,Alzheimer,hombres,1
2026-11-23,Colima,Alzheimer,mujeres,1
2026-11-30,Colima,Alzheimer,general,1
2026-11-30,Colima,Alzheimer,hombres,1
2026-11-30,Colima,Alzheimer,mujeres,1
2026-12-07,Colima,Alzheimer,general,1
2026-12-07,Colima,Alzheimer,hombres,1
2026-12-07,Colima,Alzheimer,mujeres,1
2026-12-14,Colima,Alzheimer,general,1
2026-12-14,Colima,Alzheimer,hombres,1
2026-12-14,Colima,Alzheimer,mujeres,1
2026-12-21,Colima,Alzheimer,general,1
2026-12-21,Colima,Alzheimer,hombres,1
2026-12-21,Colima,Alzheimer,mujeres,1
2026-12-28,Colima,Alzheimer,general,1
2026-12-28,Colima,Alzheimer,hombres,1
2026-12-28,Colima,Alzheimer,mujeres,1
2027-01-04,Colima,Alzheimer,general,1
2027-01-04,Colima,Alzheimer,hombres,1
2027-01-04,Colima,Alzheimer,mujeres,1
2027-01-11,Colima,Alzheimer,general,1
2027-01-11,Colima,Alzheimer,hombres,1
2027-01-11,Colima,Alzheimer,mujeres,1
2027-01-18,Colima,Alzheimer,general,1
2027-01-18,Colima,Alzheimer,hombres,1
2027-01-18,Colima,Alzheimer,mujeres,1
2027-01-25,Colima,Alzheimer,general,1
2027-01-25,Colima,Alzheimer,hombres,1
2027-01-25,Colima,Alzheimer,mujeres,1
2026-02-02,Durango,Alzheimer,general,2
2026-02-02,Durango,Alzheimer,hombres,1
2026-02-02,Durango,Alzheimer,mujeres,1
2026-02-09,Durango,Alzheimer,general,2
2026-02-09,Durango,Alzheimer,hombres,0
2026-02-09,Durango,Alzheimer,mujeres,1
2026-02-16,Durango,Alzheimer,general,2
2026-02-16,Durango,Alzheimer,hombres,0
2026-02-16,Durango,Alzheimer,mujeres,1
2026-02-23,Durango,Alzheimer,general,2
2026-02-23,Durango,Alzheimer,hombres,0
2026-02-23,Durango,Alzheimer,mujeres,1
2026-03-02,Durango,Alzheimer,general,1
2026-03-02,Durango,Alzheimer,hombres,0
2026-03-02,Durango,Alzheimer,mujeres,1
2026-03-09,Durango,Alzheimer,general,1
2026-03-09,Durango,Alzheimer,hombres,0
2026-03-09,Durango,Alzheimer,mujeres,1
2026-03-16,Durango,Alzheimer,general,1
2026-03-16,Durango,Alzheimer,hombres,0
2026-03-16,Durango,Alzheimer,mujeres,1
2026-03-23,Durango,Alzheimer,general,1
2026-03-23,Durango,Alzheimer,hombres,0
2026-03-23,Durango,Alzheimer,mujeres,1
2026-03-30,Durango,Alzheimer,general,1
2026-03-30,Durango,Alzheimer,hombres,0
2026-03-30,Durango,Alzheimer,mujeres,1
2026-04-06,Durango,Alzheimer,general,1
2026-04-06,Durango,Alzheimer,hombres,0
2026-04-06,Durango,Alzheimer,mujeres,1
2026-04-13,Durango,Alzheimer,general,1
2026-04-13,Durango,Alzheimer,hombres,1
2026-04-13,Durango,Alzheimer,mujeres,1
2026-04-20,Durango,Alzheimer,general,1
2026-04-20,Durango,Alzheimer,hombres,1
2026-04-20,Durango,Alzheimer,mujeres,1
2026-04-27,Durango,Alzheimer,general,1
2026-04-27,Durango,Alzheimer,hombres,1
2026-04-27,Durango,Alzheimer,mujeres,1
2026-05-04,Durango,Alzheimer,general,1
2026-05-04,Durango,Alzheimer,hombres,1
2026-05-04,Durango,Alzheimer,mujeres,1
2026-05-11,Durango,Alzheimer,general,1
2026-05-11,Durango,Alzheimer,hombres,0
2026-05-11,Durango,Alzheimer,mujeres,1
2026-05-18,Durango,Alzheimer,general,1
2026-05-18,Durango,Alzheimer,hombres,0
2026-05-18,Durango,Alzheimer,mujeres,1
2026-05-25,Durango,Alzheimer,general,1
2026-05-25,Durango,Alzheimer,hombres,0
2026-05-25,Durango,Alzheimer,mujeres,1
2026-06-01,Durango,Alzheimer,general,1
2026-06-01,Durango,Alzheimer,hombres,0
2026-06-01,Durango,Alzheimer,mujeres,1
2026-06-08,Durango,Alzheimer,general,1
2026-06-08,Durango,Alzheimer,hombres,0
2026-06-08,Durango,Alzheimer,mujeres,1
2026-06-15,Durango,Alzheimer,general,1
2026-06-15,Durango,Alzheimer,hombres,0
2026-06-15,Durango,Alzheimer,mujeres,1
2026-06-22,Durango,Alzheimer,general,1
2026-06-22,Durango,Alzheimer,hombres,0
2026-06-22,Durango,Alzheimer,mujeres,1
2026-06-29,Durango,Alzheimer,general,1
2026-06-29,Durango,Alzheimer,hombres,0
2026-06-29,Durango,Alzheimer,mujeres,1
2026-07-06,Durango,Alzheimer,general,1
2026-07-06,Durango,Alzheimer,hombres,0
2026-07-06,Durango,Alzheimer,mujeres,1
2026-07-13,Durango,Alzheimer,general,1
2026-07-13,Durango,Alzheimer,hombres,1
2026-07-13,Durango,Alzheimer,mujeres,1
2026-07-20,Durango,Alzheimer,general,1
2026-07-20,Durango,Alzheimer,hombres,1
2026-07-20,Durango,Alzheimer,mujeres,1
2026-07-27,Durango,Alzheimer,general,1
2026-07-27,Durango,Alzheimer,hombres,1
2026-07-27,Durango,Alzheimer,mujeres,1
2026-08-03,Durango,Alzheimer,general,1
2026-08-03,Durango,Alzheimer,hombres,1
2026-08-03,Durango,Alzheimer,mujeres,1
2026-08-10,Durango,Alzheimer,general,1
2026-08-10,Durango,Alzheimer,hombres,1
2026-08-10,Durango,Alzheimer,mujeres,1
2026-08-17,Durango,Alzheimer,general,1
2026-08-17,Durango,Alzheimer,hombres,1
2026-08-17,Durango,Alzheimer,mujeres,1
2026-08-24,Durango,Alzheimer,general,1
2026-08-24,Durango,Alzheimer,hombres,1
2026-08-24,Durango,Alzheimer,mujeres,1
2026-08-31,Durango,Alzheimer,general,1
2026-08-31,Durango,Alzheimer,hombres,1
2026-08-31,Durango,Alzheimer,mujeres,1
2026-09-07,Durango,Alzheimer,general,1
2026-09-07,Durango,Alzheimer,hombres,0
2026-09-07,Durango,Alzheimer,mujeres,1
2026-09-14,Durango,Alzheimer,general,1
2026-09-14,Durango,Alzheimer,hombres,0
2026-09-14,Durango,Alzheimer,mujeres,1
2026-09-21,Durango,Alzheimer,general,1
2026-09-21,Durango,Alzheimer,hombres,0
2026-09-21,Durango,Alzheimer,mujeres,1
2026-09-28,Durango,Alzheimer,general,1
2026-09-28,Durango,Alzheimer,hombres,1
2026-09-28,Durango,Alzheimer,mujeres,1
2026-10-05,Durango,Alzheimer,general,1
2026-10-05,Durango,Alzheimer,hombres,0
2026-10-05,Durango,Alzheimer,mujeres,1
2026-10-12,Durango,Alzheimer,general,1
2026-10-12,Durango,Alzheimer,hombres,0
2026-10-12,Durango,Alzheimer,mujeres,1
2026-10-19,Durango,Alzheimer,general,1
2026-10-19,Durango,Alzheimer,hombres,0
2026-10-19,Durango,Alzheimer,mujeres,1
2026-10-26,Durango,Alzheimer,general,1
2026-10-26,Durango,Alzheimer,hombres,0
2026-10-26,Durango,Alzheimer,mujeres,1
2026-11-02,Durango,Alzheimer,general,1
2026-11-02,Durango,Alzheimer,hombres,1
2026-11-02,Durango,Alzheimer,mujeres,1
2026-11-09,Durango,Alzheimer,general,1
2026-11-09,Durango,Alzheimer,hombres,1
2026-11-09,Durango,Alzheimer,mujeres,1
2026-11-16,Durango,Alzheimer,general,1
2026-11-16,Durango,Alzheimer,hombres,1
2026-11-16,Durango,Alzheimer,mujeres,1
2026-11-23,Durango,Alzheimer,general,1
2026-11-23,Durango,Alzheimer,hombres,1
2026-11-23,Durango,Alzheimer,mujeres,1
2026-11-30,Durango,Alzheimer,general,1
2026-11-30,Durango,Alzheimer,hombres,1
2026-11-30,Durango,Alzheimer,mujeres,1
2026-12-07,Durango,Alzheimer,general,1
2026-12-07,Durango,Alzheimer,hombres,1
2026-12-07,Durango,Alzheimer,mujeres,1
2026-12-14,Durango,Alzheimer,general,1
2026-12-14,Durango,Alzheimer,hombres,1
2026-12-14,Durango,Alzheimer,mujeres,1
2026-12-21,Durango,Alzheimer,general,1
2026-12-21,Durango,Alzheimer,hombres,1
2026-12-21,Durango,Alzheimer,mujeres,1
2026-12-28,Durango,Alzheimer,general,1
2026-12-28,Durango,Alzheimer,hombres,0
2026-12-28,Durango,Alzheimer,mujeres,1
2027-01-04,Durango,Alzheimer,general,1
2027-01-04,Durango,Alzheimer,hombres,0
2027-01-04,Durango,Alzheimer,mujeres,1
2027-01-11,Durango,Alzheimer,general,1
2027-01-11,Durango,Alzheimer,hombres,0
2027-01-11,Durango,Alzheimer,mujeres,1
2027-01-18,Durango,Alzheimer,general,1
2027-01-18,Durango,Alzheimer,hombres,0
2027-01-18,Durango,Alzheimer,mujeres,1
2027-01-25,Durango,Alzheimer,general,1
2027-01-25,Durango,Alzheimer,hombres,1
2027-01-25,Durango,Alzheimer,mujeres,1
2026-02-02,Guanajuato,Alzheimer,general,2
2026-02-02,Guanajuato,Alzheimer,hombres,1
2026-02-02,Guanajuato,Alzheimer,mujeres,1
2026-02-09,Guanajuato,Alzheimer,general,0
2026-02-09,Guanajuato,Alzheimer,hombres,1
2026-02-09,Guanajuato,Alzheimer,mujeres,0
2026-02-16,Guanajuato,Alzheimer,general,2
2026-02-16,Guanajuato,Alzheimer,hombres,1
2026-02-16,Guanajuato,Alzheimer,mujeres,0
2026-02-23,Guanajuato,Alzheimer,general,1
2026-02-23,Guanajuato,Alzheimer,hombres,1
2026-02-23,Guanajuato,Alzheimer,mujeres,1
2026-03-02,Guanajuato,Alzheimer,general,0
2026-03-02,Guanajuato,Alzheimer,hombres,1
2026-03-02,Guanajuato,Alzheimer,mujeres,0
2026-03-09,Guanajuato,Alzheimer,general,1
2026-03-09,Guanajuato,Alzheimer,hombres,1
2026-03-09,Guanajuato,Alzheimer,mujeres,0
2026-03-16,Guanajuato,Alzheimer,general,1
2026-03-16,Guanajuato,Alzheimer,hombres,1
2026-03-16,Guanajuato,Alzheimer,mujeres,2
2026-03-23,Guanajuato,Alzheimer,general,0
2026-03-23,Guanajuato,Alzheimer,hombres,1
2026-03-23,Guanajuato,Alzheimer,mujeres,1
2026-03-30,Guanajuato,Alzheimer,general,1
2026-03-30,Guanajuato,Alzheimer,hombres,1
2026-03-30,Guanajuato,Alzheimer,mujeres,0
2026-04-06,Guanajuato,Alzheimer,general,1
2026-04-06,Guanajuato,Alzheimer,hombres,1
2026-04-06,Guanajuato,Alzheimer,mujeres,0
2026-04-13,Guanajuato,Alzheimer,general,0
2026-04-13,Guanajuato,Alzheimer,hombres,1
2026-04-13,Guanajuato,Alzheimer,mujeres,1
2026-04-20,Guanajuato,Alzheimer,general,0
2026-04-20,Guanajuato,Alzheimer,hombres,1
2026-04-20,Guanajuato,Alzheimer,mujeres,1
2026-04-27,Guanajuato,Alzheimer,general,1
2026-04-27,Guanajuato,Alzheimer,hombres,1
2026-04-27,Guanajuato,Alzheimer,mujeres,1
2026-05-04,Guanajuato,Alzheimer,general,0
2026-05-04,Guanajuato,Alzheimer,hombres,1
2026-05-04,Guanajuato,Alzheimer,mujeres,0
2026-05-11,Guanajuato,Alzheimer,general,0
2026-05-11,Guanajuato,Alzheimer,hombres,1
2026-05-11,Guanajuato,Alzheimer,mujeres,0
2026-05-18,Guanajuato,Alzheimer,general,1
2026-05-18,Guanajuato,Alzheimer,hombres,1
2026-05-18,Guanajuato,Alzheimer,mujeres,1
2026-05-25,Guanajuato,Alzheimer,general,0
2026-05-25,Guanajuato,Alzheimer,hombres,1
2026-05-25,Guanajuato,Alzheimer,mujeres,1
2026-06-01,Guanajuato,Alzheimer,general,2
2026-06-01,Guanajuato,Alzheimer,hombres,1
2026-06-01,Guanajuato,Alzheimer,mujeres,1
2026-06-08,Guanajuato,Alzheimer,general,1
2026-06-08,Guanajuato,Alzheimer,hombres,1
2026-06-08,Guanajuato,Alzheimer,mujeres,0
2026-06-15,Guanajuato,Alzheimer,general,2
2026-06-15,Guanajuato,Alzheimer,hombres,1
2026-06-15,Guanajuato,Alzheimer,mujeres,1
2026-06-22,Guanajuato,Alzheimer,general,2
2026-06-22,Guanajuato,Alzheimer,hombres,1
2026-06-22,Guanajuato,Alzheimer,mujeres,1
2026-06-29,Guanajuato,Alzheimer,general,2
2026-06-29,Guanajuato,Alzheimer,hombres,1
2026-06-29,Guanajuato,Alzheimer,mujeres,1
2026-07-06,Guanajuato,Alzheimer,general,0
2026-07-06,Guanajuato,Alzheimer,hombres,1
2026-07-06,Guanajuato,Alzheimer,mujeres,0
2026-07-13,Guanajuato,Alzheimer,general,2
2026-07-13,Guanajuato,Alzheimer,hombres,1
2026-07-13,Guanajuato,Alzheimer,mujeres,1
2026-07-20,Guanajuato,Alzheimer,general,1
2026-07-20,Guanajuato,Alzheimer,hombres,1
2026-07-20,Guanajuato,Alzheimer,mujeres,0
2026-07-27,Guanajuato,Alzheimer,general,1
2026-07-27,Guanajuato,Alzheimer,hombres,1
2026-07-27,Guanajuato,Alzheimer,mujeres,1
2026-08-03,Guanajuato,Alzheimer,general,2
2026-08-03,Guanajuato,Alzheimer,hombres,1
2026-08-03,Guanajuato,Alzheimer,mujeres,1
2026-08-10,Guanajuato,Alzheimer,general,0
2026-08-10,Guanajuato,Alzheimer,hombres,1
2026-08-10,Guanajuato,Alzheimer,mujeres,0
2026-08-17,Guanajuato,Alzheimer,general,0
2026-08-17,Guanajuato,Alzheimer,hombres,1
2026-08-17,Guanajuato,Alzheimer,mujeres,0
2026-08-24,Guanajuato,Alzheimer,general,1
2026-08-24,Guanajuato,Alzheimer,hombres,1
2026-08-24,Guanajuato,Alzheimer,mujeres,1
2026-08-31,Guanajuato,Alzheimer,general,1
2026-08-31,Guanajuato,Alzheimer,hombres,1
2026-08-31,Guanajuato,Alzheimer,mujeres,1
2026-09-07,Guanajuato,Alzheimer,general,2
2026-09-07,Guanajuato,Alzheimer,hombres,1
2026-09-07,Guanajuato,Alzheimer,mujeres,1
2026-09-14,Guanajuato,Alzheimer,general,1
2026-09-14,Guanajuato,Alzheimer,hombres,1
2026-09-14,Guanajuato,Alzheimer,mujeres,1
2026-09-21,Guanajuato,Alzheimer,general,0
2026-09-21,Guanajuato,Alzheimer,hombres,1
2026-09-21,Guanajuato,Alzheimer,mujeres,0
2026-09-28,Guanajuato,Alzheimer,general,3
2026-09-28,Guanajuato,Alzheimer,hombres,1
2026-09-28,Guanajuato,Alzheimer,mujeres,1
2026-10-05,Guanajuato,Alzheimer,general,0
2026-10-05,Guanajuato,Alzheimer,hombres,1
2026-10-05,Guanajuato,Alzheimer,mujeres,1
2026-10-12,Guanajuato,Alzheimer,general,0
2026-10-12,Guanajuato,Alzheimer,hombres,1
2026-10-12,Guanajuato,Alzheimer,mujeres,0
2026-10-19,Guanajuato,Alzheimer,general,0
2026-10-19,Guanajuato,Alzheimer,hombres,1
2026-10-19,Guanajuato,Alzheimer,mujeres,1
2026-10-26,Guanajuato,Alzheimer,general,2
2026-10-26,Guanajuato,Alzheimer,hombres,1
2026-10-26,Guanajuato,Alzheimer,mujeres,1
2026-11-02,Guanajuato,Alzheimer,general,0
2026-11-02,Guanajuato,Alzheimer,hombres,1
2026-11-02,Guanajuato,Alzheimer,mujeres,0
2026-11-09,Guanajuato,Alzheimer,general,1
2026-11-09,Guanajuato,Alzheimer,hombres,1
2026-11-09,Guanajuato,Alzheimer,mujeres,0
2026-11-16,Guanajuato,Alzheimer,general,1
2026-11-16,Guanajuato,Alzheimer,hombres,1
2026-11-16,Guanajuato,Alzheimer,mujeres,0
2026-11-23,Guanajuato,Alzheimer,general,0
2026-11-23,Guanajuato,Alzheimer,hombres,1
2026-11-23,Guanajuato,Alzheimer,mujeres,0
2026-11-30,Guanajuato,Alzheimer,general,0
2026-11-30,Guanajuato,Alzheimer,hombres,1
2026-11-30,Guanajuato,Alzheimer,mujeres,0
2026-12-07,Guanajuato,Alzheimer,general,0
2026-12-07,Guanajuato,Alzheimer,hombres,1
2026-12-07,Guanajuato,Alzheimer,mujeres,0
2026-12-14,Guanajuato,Alzheimer,general,1
2026-12-14,Guanajuato,Alzheimer,hombres,1
2026-12-14,Guanajuato,Alzheimer,mujeres,0
2026-12-21,Guanajuato,Alzheimer,general,1
2026-12-21,Guanajuato,Alzheimer,hombres,1
2026-12-21,Guanajuato,Alzheimer,mujeres,1
2026-12-28,Guanajuato,Alzheimer,general,1
2026-12-28,Guanajuato,Alzheimer,hombres,1
2026-12-28,Guanajuato,Alzheimer,mujeres,1
2027-01-04,Guanajuato,Alzheimer,general,1
2027-01-04,Guanajuato,Alzheimer,hombres,1
2027-01-04,Guanajuato,Alzheimer,mujeres,0
2027-01-11,Guanajuato,Alzheimer,general,1
2027-01-11,Guanajuato,Alzheimer,hombres,1
2027-01-11,Guanajuato,Alzheimer,mujeres,0
2027-01-18,Guanajuato,Alzheimer,general,2
2027-01-18,Guanajuato,Alzheimer,hombres,1
2027-01-18,Guanajuato,Alzheimer,mujeres,1
2027-01-25,Guanajuato,Alzheimer,general,0
2027-01-25,Guanajuato,Alzheimer,hombres,1
2027-01-25,Guanajuato,Alzheimer,mujeres,0
2026-02-02,Guerrero,Alzheimer,general,0
2026-02-02,Guerrero,Alzheimer,hombres,0
2026-02-02,Guerrero,Alzheimer,mujeres,0
2026-02-09,Guerrero,Alzheimer,general,0
2026-02-09,Guerrero,Alzheimer,hombres,0
2026-02-09,Guerrero,Alzheimer,mujeres,0
2026-02-16,Guerrero,Alzheimer,general,1
2026-02-16,Guerrero,Alzheimer,hombres,0
2026-02-16,Guerrero,Alzheimer,mujeres,0
2026-02-23,Guerrero,Alzheimer,general,0
2026-02-23,Guerrero,Alzheimer,hombres,0
2026-02-23,Guerrero,Alzheimer,mujeres,0
2026-03-02,Guerrero,Alzheimer,general,0
2026-03-02,Guerrero,Alzheimer,hombres,0
2026-03-02,Guerrero,Alzheimer,mujeres,0
2026-03-09,Guerrero,Alzheimer,general,0
2026-03-09,Guerrero,Alzheimer,hombres,0
2026-03-09,Guerrero,Alzheimer,mujeres,0
2026-03-16,Guerrero,Alzheimer,general,0
2026-03-16,Guerrero,Alzheimer,hombres,0
2026-03-16,Guerrero,Alzheimer,mujeres,0
2026-03-23,Guerrero,Alzheimer,general,0
2026-03-23,Guerrero,Alzheimer,hombres,0
2026-03-23,Guerrero,Alzheimer,mujeres,0
2026-03-30,Guerrero,Alzheimer,general,1
2026-03-30,Guerrero,Alzheimer,hombres,0
2026-03-30,Guerrero,Alzheimer,mujeres,0
2026-04-06,Guerrero,Alzheimer,general,0
2026-04-06,Guerrero,Alzheimer,hombres,0
2026-04-06,Guerrero,Alzheimer,mujeres,0
2026-04-13,Guerrero,Alzheimer,general,1
2026-04-13,Guerrero,Alzheimer,hombres,0
2026-04-13,Guerrero,Alzheimer,mujeres,0
2026-04-20,Guerrero,Alzheimer,general,1
2026-04-20,Guerrero,Alzheimer,hombres,0
2026-04-20,Guerrero,Alzheimer,mujeres,0
2026-04-27,Guerrero,Alzheimer,general,1
2026-04-27,Guerrero,Alzheimer,hombres,0
2026-04-27,Guerrero,Alzheimer,mujeres,0
2026-05-04,Guerrero,Alzheimer,general,1
2026-05-04,Guerrero,Alzheimer,hombres,0
2026-05-04,Guerrero,Alzheimer,mujeres,0
2026-05-11,Guerrero,Alzheimer,general,1
2026-05-11,Guerrero,Alzheimer,hombres,0
2026-05-11,Guerrero,Alzheimer,mujeres,0
2026-05-18,Guerrero,Alzheimer,general,1
2026-05-18,Guerrero,Alzheimer,hombres,0
2026-05-18,Guerrero,Alzheimer,mujeres,0
2026-05-25,Guerrero,Alzheimer,general,0
2026-05-25,Guerrero,Alzheimer,hombres,0
2026-05-25,Guerrero,Alzheimer,mujeres,0
2026-06-01,Guerrero,Alzheimer,general,0
2026-06-01,Guerrero,Alzheimer,hombres,0
2026-06-01,Guerrero,Alzheimer,mujeres,0
2026-06-08,Guerrero,Alzheimer,general,0
2026-06-08,Guerrero,Alzheimer,hombres,0
2026-06-08,Guerrero,Alzheimer,mujeres,0
2026-06-15,Guerrero,Alzheimer,general,0
2026-06-15,Guerrero,Alzheimer,hombres,0
2026-06-15,Guerrero,Alzheimer,mujeres,0
2026-06-22,Guerrero,Alzheimer,general,1
2026-06-22,Guerrero,Alzheimer,hombres,0
2026-06-22,Guerrero,Alzheimer,mujeres,0
2026-06-29,Guerrero,Alzheimer,general,1
2026-06-29,Guerrero,Alzheimer,hombres,0
2026-06-29,Guerrero,Alzheimer,mujeres,0
2026-07-06,Guerrero,Alzheimer,general,1
2026-07-06,Guerrero,Alzheimer,hombres,0
2026-07-06,Guerrero,Alzheimer,mujeres,0
2026-07-13,Guerrero,Alzheimer,general,1
2026-07-13,Guerrero,Alzheimer,hombres,0
2026-07-13,Guerrero,Alzheimer,mujeres,0
2026-07-20,Guerrero,Alzheimer,general,1
2026-07-20,Guerrero,Alzheimer,hombres,0
2026-07-20,Guerrero,Alzheimer,mujeres,0
2026-07-27,Guerrero,Alzheimer,general,1
2026-07-27,Guerrero,Alzheimer,hombres,0
2026-07-27,Guerrero,Alzheimer,mujeres,0
2026-08-03,Guerrero,Alzheimer,general,1
2026-08-03,Guerrero,Alzheimer,hombres,0
2026-08-03,Guerrero,Alzheimer,mujeres,0
2026-08-10,Guerrero,Alzheimer,general,1
2026-08-10,Guerrero,Alzheimer,hombres,0
2026-08-10,Guerrero,Alzheimer,mujeres,0
2026-08-17,Guerrero,Alzheimer,general,0
2026-08-17,Guerrero,Alzheimer,hombres,0
2026-08-17,Guerrero,Alzheimer,mujeres,0
2026-08-24,Guerrero,Alzheimer,general,0
2026-08-24,Guerrero,Alzheimer,hombres,0
2026-08-24,Guerrero,Alzheimer,mujeres,0
2026-08-31,Guerrero,Alzheimer,general,0
2026-08-31,Guerrero,Alzheimer,hombres,0
2026-08-31,Guerrero,Alzheimer,mujeres,0
2026-09-07,Guerrero,Alzheimer,general,1
2026-09-07,Guerrero,Alzheimer,hombres,0
2026-09-07,Guerrero,Alzheimer,mujeres,0
2026-09-14,Guerrero,Alzheimer,general,0
2026-09-14,Guerrero,Alzheimer,hombres,0
2026-09-14,Guerrero,Alzheimer,mujeres,0
2026-09-21,Guerrero,Alzheimer,general,0
2026-09-21,Guerrero,Alzheimer,hombres,0
2026-09-21,Guerrero,Alzheimer,mujeres,0
2026-09-28,Guerrero,Alzheimer,general,0
2026-09-28,Guerrero,Alzheimer,hombres,0
2026-09-28,Guerrero,Alzheimer,mujeres,0
2026-10-05,Guerrero,Alzheimer,general,0
2026-10-05,Guerrero,Alzheimer,hombres,0
2026-10-05,Guerrero,Alzheimer,mujeres,0
2026-10-12,Guerrero,Alzheimer,general,0
2026-10-12,Guerrero,Alzheimer,hombres,0
2026-10-12,Guerrero,Alzheimer,mujeres,0
2026-10-19,Guerrero,Alzheimer,general,0
2026-10-19,Guerrero,Alzheimer,hombres,0
2026-10-19,Guerrero,Alzheimer,mujeres,0
2026-10-26,Guerrero,Alzheimer,general,0
2026-10-26,Guerrero,Alzheimer,hombres,0
2026-10-26,Guerrero,Alzheimer,mujeres,0
2026-11-02,Guerrero,Alzheimer,general,0
2026-11-02,Guerrero,Alzheimer,hombres,0
2026-11-02,Guerrero,Alzheimer,mujeres,0
2026-11-09,Guerrero,Alzheimer,general,0
2026-11-09,Guerrero,Alzheimer,hombres,0
2026-11-09,Guerrero,Alzheimer,mujeres,0
2026-11-16,Guerrero,Alzheimer,general,0
2026-11-16,Guerrero,Alzheimer,hombres,0
2026-11-16,Guerrero,Alzheimer,mujeres,0
2026-11-23,Guerrero,Alzheimer,general,0
2026-11-23,Guerrero,Alzheimer,hombres,0
2026-11-23,Guerrero,Alzheimer,mujeres,0
2026-11-30,Guerrero,Alzheimer,general,0
2026-11-30,Guerrero,Alzheimer,hombres,0
2026-11-30,Guerrero,Alzheimer,mujeres,0
2026-12-07,Guerrero,Alzheimer,general,0
2026-12-07,Guerrero,Alzheimer,hombres,0
2026-12-07,Guerrero,Alzheimer,mujeres,0
2026-12-14,Guerrero,Alzheimer,general,0
2026-12-14,Guerrero,Alzheimer,hombres,0
2026-12-14,Guerrero,Alzheimer,mujeres,0
2026-12-21,Guerrero,Alzheimer,general,0
2026-12-21,Guerrero,Alzheimer,hombres,0
2026-12-21,Guerrero,Alzheimer,mujeres,0
2026-12-28,Guerrero,Alzheimer,general,0
2026-12-28,Guerrero,Alzheimer,hombres,0
2026-12-28,Guerrero,Alzheimer,mujeres,0
2027-01-04,Guerrero,Alzheimer,general,0
2027-01-04,Guerrero,Alzheimer,hombres,0
2027-01-04,Guerrero,Alzheimer,mujeres,0
2027-01-11,Guerrero,Alzheimer,general,0
2027-01-11,Guerrero,Alzheimer,hombres,0
2027-01-11,Guerrero,Alzheimer,mujeres,0
2027-01-18,Guerrero,Alzheimer,general,0
2027-01-18,Guerrero,Alzheimer,hombres,0
2027-01-18,Guerrero,Alzheimer,mujeres,0
2027-01-25,Guerrero,Alzheimer,general,0
2027-01-25,Guerrero,Alzheimer,hombres,0
2027-01-25,Guerrero,Alzheimer,mujeres,0
2026-02-02,Hidalgo,Alzheimer,general,1
2026-02-02,Hidalgo,Alzheimer,hombres,0
2026-02-02,Hidalgo,Alzheimer,mujeres,0
2026-02-09,Hidalgo,Alzheimer,general,1
2026-02-09,Hidalgo,Alzheimer,hombres,0
2026-02-09,Hidalgo,Alzheimer,mujeres,0
2026-02-16,Hidalgo,Alzheimer,general,1
2026-02-16,Hidalgo,Alzheimer,hombres,0
2026-02-16,Hidalgo,Alzheimer,mujeres,0
2026-02-23,Hidalgo,Alzheimer,general,1
2026-02-23,Hidalgo,Alzheimer,hombres,0
2026-02-23,Hidalgo,Alzheimer,mujeres,1
2026-03-02,Hidalgo,Alzheimer,general,1
2026-03-02,Hidalgo,Alzheimer,hombres,0
2026-03-02,Hidalgo,Alzheimer,mujeres,1
2026-03-09,Hidalgo,Alzheimer,general,1
2026-03-09,Hidalgo,Alzheimer,hombres,0
2026-03-09,Hidalgo,Alzheimer,mujeres,1
2026-03-16,Hidalgo,Alzheimer,general,1
2026-03-16,Hidalgo,Alzheimer,hombres,0
2026-03-16,Hidalgo,Alzheimer,mujeres,0
2026-03-23,Hidalgo,Alzheimer,general,1
2026-03-23,Hidalgo,Alzheimer,hombres,0
2026-03-23,Hidalgo,Alzheimer,mujeres,0
2026-03-30,Hidalgo,Alzheimer,general,1
2026-03-30,Hidalgo,Alzheimer,hombres,0
2026-03-30,Hidalgo,Alzheimer,mujeres,0
2026-04-06,Hidalgo,Alzheimer,general,1
2026-04-06,Hidalgo,Alzheimer,hombres,0
2026-04-06,Hidalgo,Alzheimer,mujeres,0
2026-04-13,Hidalgo,Alzheimer,general,1
2026-04-13,Hidalgo,Alzheimer,hombres,0
2026-04-13,Hidalgo,Alzheimer,mujeres,0
2026-04-20,Hidalgo,Alzheimer,general,1
2026-04-20,Hidalgo,Alzheimer,hombres,0
2026-04-20,Hidalgo,Alzheimer,mujeres,0
2026-04-27,Hidalgo,Alzheimer,general,1
2026-04-27,Hidalgo,Alzheimer,hombres,0
2026-04-27,Hidalgo,Alzheimer,mujeres,0
2026-05-04,Hidalgo,Alzheimer,general,1
2026-05-04,Hidalgo,Alzheimer,hombres,0
2026-05-04,Hidalgo,Alzheimer,mujeres,0
2026-05-11,Hidalgo,Alzheimer,general,1
2026-05-11,Hidalgo,Alzheimer,hombres,0
2026-05-11,Hidalgo,Alzheimer,mujeres,0
2026-05-18,Hidalgo,Alzheimer,general,1
2026-05-18,Hidalgo,Alzheimer,hombres,0
2026-05-18,Hidalgo,Alzheimer,mujeres,0
2026-05-25,Hidalgo,Alzheimer,general,1
2026-05-25,Hidalgo,Alzheimer,hombres,0
2026-05-25,Hidalgo,Alzheimer,mujeres,0
2026-06-01,Hidalgo,Alzheimer,general,1
2026-06-01,Hidalgo,Alzheimer,hombres,0
2026-06-01,Hidalgo,Alzheimer,mujeres,0
2026-06-08,Hidalgo,Alzheimer,general,1
2026-06-08,Hidalgo,Alzheimer,hombres,0
2026-06-08,Hidalgo,Alzheimer,mujeres,0
2026-06-15,Hidalgo,Alzheimer,general,1
2026-06-15,Hidalgo,Alzheimer,hombres,0
2026-06-15,Hidalgo,Alzheimer,mujeres,1
2026-06-22,Hidalgo,Alzheimer,general,1
2026-06-22,Hidalgo,Alzheimer,hombres,0
2026-06-22,Hidalgo,Alzheimer,mujeres,1
2026-06-29,Hidalgo,Alzheimer,general,1
2026-06-29,Hidalgo,Alzheimer,hombres,0
2026-06-29,Hidalgo,Alzheimer,mujeres,0
2026-07-06,Hidalgo,Alzheimer,general,1
2026-07-06,Hidalgo,Alzheimer,hombres,0
2026-07-06,Hidalgo,Alzheimer,mujeres,0
2026-07-13,Hidalgo,Alzheimer,general,1
2026-07-13,Hidalgo,Alzheimer,hombres,0
2026-07-13,Hidalgo,Alzheimer,mujeres,0
2026-07-20,Hidalgo,Alzheimer,general,1
2026-07-20,Hidalgo,Alzheimer,hombres,0
2026-07-20,Hidalgo,Alzheimer,mujeres,0
2026-07-27,Hidalgo,Alzheimer,general,1
2026-07-27,Hidalgo,Alzheimer,hombres,0
2026-07-27,Hidalgo,Alzheimer,mujeres,0
2026-08-03,Hidalgo,Alzheimer,general,1
2026-08-03,Hidalgo,Alzheimer,hombres,0
2026-08-03,Hidalgo,Alzheimer,mujeres,0
2026-08-10,Hidalgo,Alzheimer,general,1
2026-08-10,Hidalgo,Alzheimer,hombres,0
2026-08-10,Hidalgo,Alzheimer,mujeres,1
2026-08-17,Hidalgo,Alzheimer,general,1
2026-08-17,Hidalgo,Alzheimer,hombres,0
2026-08-17,Hidalgo,Alzheimer,mujeres,1
2026-08-24,Hidalgo,Alzheimer,general,1
2026-08-24,Hidalgo,Alzheimer,hombres,0
2026-08-24,Hidalgo,Alzheimer,mujeres,0
2026-08-31,Hidalgo,Alzheimer,general,1
2026-08-31,Hidalgo,Alzheimer,hombres,0
2026-08-31,Hidalgo,Alzheimer,mujeres,0
2026-09-07,Hidalgo,Alzheimer,general,1
2026-09-07,Hidalgo,Alzheimer,hombres,0
2026-09-07,Hidalgo,Alzheimer,mujeres,0
2026-09-14,Hidalgo,Alzheimer,general,1
2026-09-14,Hidalgo,Alzheimer,hombres,0
2026-09-14,Hidalgo,Alzheimer,mujeres,0
2026-09-21,Hidalgo,Alzheimer,general,1
2026-09-21,Hidalgo,Alzheimer,hombres,0
2026-09-21,Hidalgo,Alzheimer,mujeres,0
2026-09-28,Hidalgo,Alzheimer,general,1
2026-09-28,Hidalgo,Alzheimer,hombres,0
2026-09-28,Hidalgo,Alzheimer,mujeres,1
2026-10-05,Hidalgo,Alzheimer,general,1
2026-10-05,Hidalgo,Alzheimer,hombres,0
2026-10-05,Hidalgo,Alzheimer,mujeres,1
2026-10-12,Hidalgo,Alzheimer,general,1
2026-10-12,Hidalgo,Alzheimer,hombres,0
2026-10-12,Hidalgo,Alzheimer,mujeres,1
2026-10-19,Hidalgo,Alzheimer,general,1
2026-10-19,Hidalgo,Alzheimer,hombres,0
2026-10-19,Hidalgo,Alzheimer,mujeres,1
2026-10-26,Hidalgo,Alzheimer,general,1
2026-10-26,Hidalgo,Alzheimer,hombres,0
2026-10-26,Hidalgo,Alzheimer,mujeres,1
2026-11-02,Hidalgo,Alzheimer,general,1
2026-11-02,Hidalgo,Alzheimer,hombres,0
2026-11-02,Hidalgo,Alzheimer,mujeres,1
2026-11-09,Hidalgo,Alzheimer,general,1
2026-11-09,Hidalgo,Alzheimer,hombres,0
2026-11-09,Hidalgo,Alzheimer,mujeres,0
2026-11-16,Hidalgo,Alzheimer,general,1
2026-11-16,Hidalgo,Alzheimer,hombres,0
2026-11-16,Hidalgo,Alzheimer,mujeres,0
2026-11-23,Hidalgo,Alzheimer,general,1
2026-11-23,Hidalgo,Alzheimer,hombres,0
2026-11-23,Hidalgo,Alzheimer,mujeres,0
2026-11-30,Hidalgo,Alzheimer,general,0
2026-11-30,Hidalgo,Alzheimer,hombres,0
2026-11-30,Hidalgo,Alzheimer,mujeres,0
2026-12-07,Hidalgo,Alzheimer,general,0
2026-12-07,Hidalgo,Alzheimer,hombres,0
2026-12-07,Hidalgo,Alzheimer,mujeres,0
2026-12-14,Hidalgo,Alzheimer,general,0
2026-12-14,Hidalgo,Alzheimer,hombres,0
2026-12-14,Hidalgo,Alzheimer,mujeres,0
2026-12-21,Hidalgo,Alzheimer,general,0
2026-12-21,Hidalgo,Alzheimer,hombres,0
2026-12-21,Hidalgo,Alzheimer,mujeres,0
2026-12-28,Hidalgo,Alzheimer,general,1
2026-12-28,Hidalgo,Alzheimer,hombres,0
2026-12-28,Hidalgo,Alzheimer,mujeres,0
2027-01-04,Hidalgo,Alzheimer,general,1
2027-01-04,Hidalgo,Alzheimer,hombres,0
2027-01-04,Hidalgo,Alzheimer,mujeres,0
2027-01-11,Hidalgo,Alzheimer,general,1
2027-01-11,Hidalgo,Alzheimer,hombres,0
2027-01-11,Hidalgo,Alzheimer,mujeres,0
2027-01-18,Hidalgo,Alzheimer,general,1
2027-01-18,Hidalgo,Alzheimer,hombres,0
2027-01-18,Hidalgo,Alzheimer,mujeres,0
2027-01-25,Hidalgo,Alzheimer,general,1
2027-01-25,Hidalgo,Alzheimer,hombres,0
2027-01-25,Hidalgo,Alzheimer,mujeres,0
2026-02-02,Jalisco,Alzheimer,general,4
2026-02-02,Jalisco,Alzheimer,hombres,3
2026-02-02,Jalisco,Alzheimer,mujeres,1
2026-02-09,Jalisco,Alzheimer,general,5
2026-02-09,Jalisco,Alzheimer,hombres,3
2026-02-09,Jalisco,Alzheimer,mujeres,1
2026-02-16,Jalisco,Alzheimer,general,3
2026-02-16,Jalisco,Alzheimer,hombres,2
2026-02-16,Jalisco,Alzheimer,mujeres,1
2026-02-23,Jalisco,Alzheimer,general,3
2026-02-23,Jalisco,Alzheimer,hombres,2
2026-02-23,Jalisco,Alzheimer,mujeres,0
2026-03-02,Jalisco,Alzheimer,general,3
2026-03-02,Jalisco,Alzheimer,hombres,1
2026-03-02,Jalisco,Alzheimer,mujeres,0
2026-03-09,Jalisco,Alzheimer,general,5
2026-03-09,Jalisco,Alzheimer,hombres,3
2026-03-09,Jalisco,Alzheimer,mujeres,1
2026-03-16,Jalisco,Alzheimer,general,5
2026-03-16,Jalisco,Alzheimer,hombres,2
2026-03-16,Jalisco,Alzheimer,mujeres,2
2026-03-23,Jalisco,Alzheimer,general,2
2026-03-23,Jalisco,Alzheimer,hombres,2
2026-03-23,Jalisco,Alzheimer,mujeres,1
2026-03-30,Jalisco,Alzheimer,general,2
2026-03-30,Jalisco,Alzheimer,hombres,2
2026-03-30,Jalisco,Alzheimer,mujeres,0
2026-04-06,Jalisco,Alzheimer,general,3
2026-04-06,Jalisco,Alzheimer,hombres,3
2026-04-06,Jalisco,Alzheimer,mujeres,1
2026-04-13,Jalisco,Alzheimer,general,3
2026-04-13,Jalisco,Alzheimer,hombres,2
2026-04-13,Jalisco,Alzheimer,mujeres,1
2026-04-20,Jalisco,Alzheimer,general,2
2026-04-20,Jalisco,Alzheimer,hombres,3
2026-04-20,Jalisco,Alzheimer,mujeres,0
2026-04-27,Jalisco,Alzheimer,general,3
2026-04-27,Jalisco,Alzheimer,hombres,3
2026-04-27,Jalisco,Alzheimer,mujeres,0
2026-05-04,Jalisco,Alzheimer,general,5
2026-05-04,Jalisco,Alzheimer,hombres,2
2026-05-04,Jalisco,Alzheimer,mujeres,1
2026-05-11,Jalisco,Alzheimer,general,4
2026-05-11,Jalisco,Alzheimer,hombres,3
2026-05-11,Jalisco,Alzheimer,mujeres,1
2026-05-18,Jalisco,Alzheimer,general,4
2026-05-18,Jalisco,Alzheimer,hombres,2
2026-05-18,Jalisco,Alzheimer,mujeres,1
2026-05-25,Jalisco,Alzheimer,general,3
2026-05-25,Jalisco,Alzheimer,hombres,1
2026-05-25,Jalisco,Alzheimer,mujeres,1
2026-06-01,Jalisco,Alzheimer,general,2
2026-06-01,Jalisco,Alzheimer,hombres,1
2026-06-01,Jalisco,Alzheimer,mujeres,1
2026-06-08,Jalisco,Alzheimer,general,5
2026-06-08,Jalisco,Alzheimer,hombres,2
2026-06-08,Jalisco,Alzheimer,mujeres,1
2026-06-15,Jalisco,Alzheimer,general,6
2026-06-15,Jalisco,Alzheimer,hombres,0
2026-06-15,Jalisco,Alzheimer,mujeres,1
2026-06-22,Jalisco,Alzheimer,general,3
2026-06-22,Jalisco,Alzheimer,hombres,1
2026-06-22,Jalisco,Alzheimer,mujeres,0
2026-06-29,Jalisco,Alzheimer,general,3
2026-06-29,Jalisco,Alzheimer,hombres,2
2026-06-29,Jalisco,Alzheimer,mujeres,1
2026-07-06,Jalisco,Alzheimer,general,3
2026-07-06,Jalisco,Alzheimer,hombres,3
2026-07-06,Jalisco,Alzheimer,mujeres,1
2026-07-13,Jalisco,Alzheimer,general,6
2026-07-13,Jalisco,Alzheimer,hombres,2
2026-07-13,Jalisco,Alzheimer,mujeres,0
2026-07-20,Jalisco,Alzheimer,general,2
2026-07-20,Jalisco,Alzheimer,hombres,1
2026-07-20,Jalisco,Alzheimer,mujeres,0
2026-07-27,Jalisco,Alzheimer,general,3
2026-07-27,Jalisco,Alzheimer,hombres,1
2026-07-27,Jalisco,Alzheimer,mujeres,0
2026-08-03,Jalisco,Alzheimer,general,2
2026-08-03,Jalisco,Alzheimer,hombres,2
2026-08-03,Jalisco,Alzheimer,mujeres,0
2026-08-10,Jalisco,Alzheimer,general,2
2026-08-10,Jalisco,Alzheimer,hombres,1
2026-08-10,Jalisco,Alzheimer,mujeres,2
2026-08-17,Jalisco,Alzheimer,general,2
2026-08-17,Jalisco,Alzheimer,hombres,0
2026-08-17,Jalisco,Alzheimer,mujeres,1
2026-08-24,Jalisco,Alzheimer,general,1
2026-08-24,Jalisco,Alzheimer,hombres,2
2026-08-24,Jalisco,Alzheimer,mujeres,0
2026-08-31,Jalisco,Alzheimer,general,2
2026-08-31,Jalisco,Alzheimer,hombres,2
2026-08-31,Jalisco,Alzheimer,mujeres,2
2026-09-07,Jalisco,Alzheimer,general,4
2026-09-07,Jalisco,Alzheimer,hombres,1
2026-09-07,Jalisco,Alzheimer,mujeres,1
2026-09-14,Jalisco,Alzheimer,general,4
2026-09-14,Jalisco,Alzheimer,hombres,2
2026-09-14,Jalisco,Alzheimer,mujeres,0
2026-09-21,Jalisco,Alzheimer,general,3
2026-09-21,Jalisco,Alzheimer,hombres,3
2026-09-21,Jalisco,Alzheimer,mujeres,1
2026-09-28,Jalisco,Alzheimer,general,1
2026-09-28,Jalisco,Alzheimer,hombres,1
2026-09-28,Jalisco,Alzheimer,mujeres,0
2026-10-05,Jalisco,Alzheimer,general,4
2026-10-05,Jalisco,Alzheimer,hombres,3
2026-10-05,Jalisco,Alzheimer,mujeres,0
2026-10-12,Jalisco,Alzheimer,general,4
2026-10-12,Jalisco,Alzheimer,hombres,3
2026-10-12,Jalisco,Alzheimer,mujeres,1
2026-10-19,Jalisco,Alzheimer,general,4
2026-10-19,Jalisco,Alzheimer,hombres,0
2026-10-19,Jalisco,Alzheimer,mujeres,2
2026-10-26,Jalisco,Alzheimer,general,2
2026-10-26,Jalisco,Alzheimer,hombres,2
2026-10-26,Jalisco,Alzheimer,mujeres,0
2026-11-02,Jalisco,Alzheimer,general,4
2026-11-02,Jalisco,Alzheimer,hombres,3
2026-11-02,Jalisco,Alzheimer,mujeres,0
2026-11-09,Jalisco,Alzheimer,general,2
2026-11-09,Jalisco,Alzheimer,hombres,0
2026-11-09,Jalisco,Alzheimer,mujeres,1
2026-11-16,Jalisco,Alzheimer,general,3
2026-11-16,Jalisco,Alzheimer,hombres,1
2026-11-16,Jalisco,Alzheimer,mujeres,0
2026-11-23,Jalisco,Alzheimer,general,4
2026-11-23,Jalisco,Alzheimer,hombres,3
2026-11-23,Jalisco,Alzheimer,mujeres,0
2026-11-30,Jalisco,Alzheimer,general,3
2026-11-30,Jalisco,Alzheimer,hombres,3
2026-11-30,Jalisco,Alzheimer,mujeres,0
2026-12-07,Jalisco,Alzheimer,general,2
2026-12-07,Jalisco,Alzheimer,hombres,1
2026-12-07,Jalisco,Alzheimer,mujeres,0
2026-12-14,Jalisco,Alzheimer,general,3
2026-12-14,Jalisco,Alzheimer,hombres,2
2026-12-14,Jalisco,Alzheimer,mujeres,0
2026-12-21,Jalisco,Alzheimer,general,3
2026-12-21,Jalisco,Alzheimer,hombres,3
2026-12-21,Jalisco,Alzheimer,mujeres,1
2026-12-28,Jalisco,Alzheimer,general,1
2026-12-28,Jalisco,Alzheimer,hombres,1
2026-12-28,Jalisco,Alzheimer,mujeres,0
2027-01-04,Jalisco,Alzheimer,general,1
2027-01-04,Jalisco,Alzheimer,hombres,1
2027-01-04,Jalisco,Alzheimer,mujeres,0
2027-01-11,Jalisco,Alzheimer,general,2
2027-01-11,Jalisco,Alzheimer,hombres,0
2027-01-11,Jalisco,Alzheimer,mujeres,0
2027-01-18,Jalisco,Alzheimer,general,1
2027-01-18,Jalisco,Alzheimer,hombres,0
2027-01-18,Jalisco,Alzheimer,mujeres,0
2027-01-25,Jalisco,Alzheimer,general,1
2027-01-25,Jalisco,Alzheimer,hombres,3
2027-01-25,Jalisco,Alzheimer,mujeres,0
2026-02-02,Michoacán,Alzheimer,general,2
2026-02-02,Michoacán,Alzheimer,hombres,1
2026-02-02,Michoacán,Alzheimer,mujeres,1
2026-02-09,Michoacán,Alzheimer,general,0
2026-02-09,Michoacán,Alzheimer,hombres,1
2026-02-09,Michoacán,Alzheimer,mujeres,1
2026-02-16,Michoacán,Alzheimer,general,2
2026-02-16,Michoacán,Alzheimer,hombres,1
2026-02-16,Michoacán,Alzheimer,mujeres,1
2026-02-23,Michoacán,Alzheimer,general,1
2026-02-23,Michoacán,Alzheimer,hombres,0
2026-02-23,Michoacán,Alzheimer,mujeres,1
2026-03-02,Michoacán,Alzheimer,general,0
2026-03-02,Michoacán,Alzheimer,hombres,0
2026-03-02,Michoacán,Alzheimer,mujeres,1
2026-03-09,Michoacán,Alzheimer,general,0
2026-03-09,Michoacán,Alzheimer,hombres,0
2026-03-09,Michoacán,Alzheimer,mujeres,1
2026-03-16,Michoacán,Alzheimer,general,0
2026-03-16,Michoacán,Alzheimer,hombres,0
2026-03-16,Michoacán,Alzheimer,mujeres,1
2026-03-23,Michoacán,Alzheimer,general,0
2026-03-23,Michoacán,Alzheimer,hombres,0
2026-03-23,Michoacán,Alzheimer,mujeres,1
2026-03-30,Michoacán,Alzheimer,general,1
2026-03-30,Michoacán,Alzheimer,hombres,1
2026-03-30,Michoacán,Alzheimer,mujeres,1
2026-04-06,Michoacán,Alzheimer,general,2
2026-04-06,Michoacán,Alzheimer,hombres,1
2026-04-06,Michoacán,Alzheimer,mujeres,1
2026-04-13,Michoacán,Alzheimer,general,0
2026-04-13,Michoacán,Alzheimer,hombres,0
2026-04-13,Michoacán,Alzheimer,mujeres,1
2026-04-20,Michoacán,Alzheimer,general,0
2026-04-20,Michoacán,Alzheimer,hombres,0
2026-04-20,Michoacán,Alzheimer,mujeres,1
2026-04-27,Michoacán,Alzheimer,general,0
2026-04-27,Michoacán,Alzheimer,hombres,0
2026-04-27,Michoacán,Alzheimer,mujeres,1
2026-05-04,Michoacán,Alzheimer,general,0
2026-05-04,Michoacán,Alzheimer,hombres,0
2026-05-04,Michoacán,Alzheimer,mujeres,1
2026-05-11,Michoacán,Alzheimer,general,0
2026-05-11,Michoacán,Alzheimer,hombres,0
2026-05-11,Michoacán,Alzheimer,mujeres,1
2026-05-18,Michoacán,Alzheimer,general,2
2026-05-18,Michoacán,Alzheimer,hombres,1
2026-05-18,Michoacán,Alzheimer,mujeres,1
2026-05-25,Michoacán,Alzheimer,general,2
2026-05-25,Michoacán,Alzheimer,hombres,1
2026-05-25,Michoacán,Alzheimer,mujeres,1
2026-06-01,Michoacán,Alzheimer,general,0
2026-06-01,Michoacán,Alzheimer,hombres,1
2026-06-01,Michoacán,Alzheimer,mujeres,1
2026-06-08,Michoacán,Alzheimer,general,2
2026-06-08,Michoacán,Alzheimer,hombres,0
2026-06-08,Michoacán,Alzheimer,mujeres,1
2026-06-15,Michoacán,Alzheimer,general,0
2026-06-15,Michoacán,Alzheimer,hombres,0
2026-06-15,Michoacán,Alzheimer,mujeres,1
2026-06-22,Michoacán,Alzheimer,general,2
2026-06-22,Michoacán,Alzheimer,hombres,0
2026-06-22,Michoacán,Alzheimer,mujeres,1
2026-06-29,Michoacán,Alzheimer,general,1
2026-06-29,Michoacán,Alzheimer,hombres,0
2026-06-29,Michoacán,Alzheimer,mujeres,1
2026-07-06,Michoacán,Alzheimer,general,1
2026-07-06,Michoacán,Alzheimer,hombres,1
2026-07-06,Michoacán,Alzheimer,mujeres,1
2026-07-13,Michoacán,Alzheimer,general,1
2026-07-13,Michoacán,Alzheimer,hombres,1
2026-07-13,Michoacán,Alzheimer,mujeres,1
2026-07-20,Michoacán,Alzheimer,general,0
2026-07-20,Michoacán,Alzheimer,hombres,0
2026-07-20,Michoacán,Alzheimer,mujeres,1
2026-07-27,Michoacán,Alzheimer,general,1
2026-07-27,Michoacán,Alzheimer,hombres,0
2026-07-27,Michoacán,Alzheimer,mujeres,1
2026-08-03,Michoacán,Alzheimer,general,1
2026-08-03,Michoacán,Alzheimer,hombres,0
2026-08-03,Michoacán,Alzheimer,mujeres,1
2026-08-10,Michoacán,Alzheimer,general,2
2026-08-10,Michoacán,Alzheimer,hombres,0
2026-08-10,Michoacán,Alzheimer,mujeres,1
2026-08-17,Michoacán,Alzheimer,general,1
2026-08-17,Michoacán,Alzheimer,hombres,0
2026-08-17,Michoacán,Alzheimer,mujeres,1
2026-08-24,Michoacán,Alzheimer,general,1
2026-08-24,Michoacán,Alzheimer,hombres,0
2026-08-24,Michoacán,Alzheimer,mujeres,1
2026-08-31,Michoacán,Alzheimer,general,2
2026-08-31,Michoacán,Alzheimer,hombres,0
2026-08-31,Michoacán,Alzheimer,mujeres,1
2026-09-07,Michoacán,Alzheimer,general,1
2026-09-07,Michoacán,Alzheimer,hombres,0
2026-09-07,Michoacán,Alzheimer,mujeres,1
2026-09-14,Michoacán,Alzheimer,general,2
2026-09-14,Michoacán,Alzheimer,hombres,0
2026-09-14,Michoacán,Alzheimer,mujeres,1
2026-09-21,Michoacán,Alzheimer,general,0
2026-09-21,Michoacán,Alzheimer,hombres,0
2026-09-21,Michoacán,Alzheimer,mujeres,1
2026-09-28,Michoacán,Alzheimer,general,0
2026-09-28,Michoacán,Alzheimer,hombres,0
2026-09-28,Michoacán,Alzheimer,mujeres,1
2026-10-05,Michoacán,Alzheimer,general,0
2026-10-05,Michoacán,Alzheimer,hombres,0
2026-10-05,Michoacán,Alzheimer,mujeres,1
2026-10-12,Michoacán,Alzheimer,general,1
2026-10-12,Michoacán,Alzheimer,hombres,0
2026-10-12,Michoacán,Alzheimer,mujeres,1
2026-10-19,Michoacán,Alzheimer,general,1
2026-10-19,Michoacán,Alzheimer,hombres,0
2026-10-19,Michoacán,Alzheimer,mujeres,1
2026-10-26,Michoacán,Alzheimer,general,2
2026-10-26,Michoacán,Alzheimer,hombres,0
2026-10-26,Michoacán,Alzheimer,mujeres,1
2026-11-02,Michoacán,Alzheimer,general,2
2026-11-02,Michoacán,Alzheimer,hombres,0
2026-11-02,Michoacán,Alzheimer,mujeres,1
2026-11-09,Michoacán,Alzheimer,general,0
2026-11-09,Michoacán,Alzheimer,hombres,0
2026-11-09,Michoacán,Alzheimer,mujeres,1
2026-11-16,Michoacán,Alzheimer,general,0
2026-11-16,Michoacán,Alzheimer,hombres,0
2026-11-16,Michoacán,Alzheimer,mujeres,1
2026-11-23,Michoacán,Alzheimer,general,1
2026-11-23,Michoacán,Alzheimer,hombres,0
2026-11-23,Michoacán,Alzheimer,mujeres,1
2026-11-30,Michoacán,Alzheimer,general,3
2026-11-30,Michoacán,Alzheimer,hombres,0
2026-11-30,Michoacán,Alzheimer,mujeres,1
2026-12-07,Michoacán,Alzheimer,general,4
2026-12-07,Michoacán,Alzheimer,hombres,0
2026-12-07,Michoacán,Alzheimer,mujeres,1
2026-12-14,Michoacán,Alzheimer,general,1
2026-12-14,Michoacán,Alzheimer,hombres,0
2026-12-14,Michoacán,Alzheimer,mujeres,1
2026-12-21,Michoacán,Alzheimer,general,1
2026-12-21,Michoacán,Alzheimer,hombres,1
2026-12-21,Michoacán,Alzheimer,mujeres,1
2026-12-28,Michoacán,Alzheimer,general,1
2026-12-28,Michoacán,Alzheimer,hombres,0
2026-12-28,Michoacán,Alzheimer,mujeres,1
2027-01-04,Michoacán,Alzheimer,general,1
2027-01-04,Michoacán,Alzheimer,hombres,0
2027-01-04,Michoacán,Alzheimer,mujeres,1
2027-01-11,Michoacán,Alzheimer,general,2
2027-01-11,Michoacán,Alzheimer,hombres,0
2027-01-11,Michoacán,Alzheimer,mujeres,1
2027-01-18,Michoacán,Alzheimer,general,2
2027-01-18,Michoacán,Alzheimer,hombres,0
2027-01-18,Michoacán,Alzheimer,mujeres,1
2027-01-25,Michoacán,Alzheimer,general,1
2027-01-25,Michoacán,Alzheimer,hombres,1
2027-01-25,Michoacán,Alzheimer,mujeres,1
2026-02-02,Morelos,Alzheimer,general,2
2026-02-02,Morelos,Alzheimer,hombres,0
2026-02-02,Morelos,Alzheimer,mujeres,1
2026-02-09,Morelos,Alzheimer,general,1
2026-02-09,Morelos,Alzheimer,hombres,0
2026-02-09,Morelos,Alzheimer,mujeres,0
2026-02-16,Morelos,Alzheimer,general,3
2026-02-16,Morelos,Alzheimer,hombres,0
2026-02-16,Morelos,Alzheimer,mujeres,0
2026-02-23,Morelos,Alzheimer,general,2
2026-02-23,Morelos,Alzheimer,hombres,0
2026-02-23,Morelos,Alzheimer,mujeres,0
2026-03-02,Morelos,Alzheimer,general,3
2026-03-02,Morelos,Alzheimer,hombres,0
2026-03-02,Morelos,Alzheimer,mujeres,1
2026-03-09,Morelos,Alzheimer,general,1
2026-03-09,Morelos,Alzheimer,hombres,0
2026-03-09,Morelos,Alzheimer,mujeres,1
2026-03-16,Morelos,Alzheimer,general,1
2026-03-16,Morelos,Alzheimer,hombres,0
2026-03-16,Morelos,Alzheimer,mujeres,1
2026-03-23,Morelos,Alzheimer,general,1
2026-03-23,Morelos,Alzheimer,hombres,0
2026-03-23,Morelos,Alzheimer,mujeres,1
2026-03-30,Morelos,Alzheimer,general,2
2026-03-30,Morelos,Alzheimer,hombres,0
2026-03-30,Morelos,Alzheimer,mujeres,1
2026-04-06,Morelos,Alzheimer,general,1
2026-04-06,Morelos,Alzheimer,hombres,0
2026-04-06,Morelos,Alzheimer,mujeres,1
2026-04-13,Morelos,Alzheimer,general,2
2026-04-13,Morelos,Alzheimer,hombres,0
2026-04-13,Morelos,Alzheimer,mujeres,1
2026-04-20,Morelos,Alzheimer,general,2
2026-04-20,Morelos,Alzheimer,hombres,0
2026-04-20,Morelos,Alzheimer,mujeres,1
2026-04-27,Morelos,Alzheimer,general,2
2026-04-27,Morelos,Alzheimer,hombres,0
2026-04-27,Morelos,Alzheimer,mujeres,1
2026-05-04,Morelos,Alzheimer,general,2
2026-05-04,Morelos,Alzheimer,hombres,0
2026-05-04,Morelos,Alzheimer,mujeres,1
2026-05-11,Morelos,Alzheimer,general,2
2026-05-11,Morelos,Alzheimer,hombres,0
2026-05-11,Morelos,Alzheimer,mujeres,0
2026-05-18,Morelos,Alzheimer,general,2
2026-05-18,Morelos,Alzheimer,hombres,0
2026-05-18,Morelos,Alzheimer,mujeres,0
2026-05-25,Morelos,Alzheimer,general,2
2026-05-25,Morelos,Alzheimer,hombres,0
2026-05-25,Morelos,Alzheimer,mujeres,0
2026-06-01,Morelos,Alzheimer,general,2
2026-06-01,Morelos,Alzheimer,hombres,0
2026-06-01,Morelos,Alzheimer,mujeres,0
2026-06-08,Morelos,Alzheimer,general,1
2026-06-08,Morelos,Alzheimer,hombres,0
2026-06-08,Morelos,Alzheimer,mujeres,0
2026-06-15,Morelos,Alzheimer,general,1
2026-06-15,Morelos,Alzheimer,hombres,0
2026-06-15,Morelos,Alzheimer,mujeres,0
2026-06-22,Morelos,Alzheimer,general,1
2026-06-22,Morelos,Alzheimer,hombres,0
2026-06-22,Morelos,Alzheimer,mujeres,0
2026-06-29,Morelos,Alzheimer,general,1
2026-06-29,Morelos,Alzheimer,hombres,0
2026-06-29,Morelos,Alzheimer,mujeres,0
2026-07-06,Morelos,Alzheimer,general,1
2026-07-06,Morelos,Alzheimer,hombres,0
2026-07-06,Morelos,Alzheimer,mujeres,0
2026-07-13,Morelos,Alzheimer,general,1
2026-07-13,Morelos,Alzheimer,hombres,0
2026-07-13,Morelos,Alzheimer,mujeres,0
2026-07-20,Morelos,Alzheimer,general,1
2026-07-20,Morelos,Alzheimer,hombres,0
2026-07-20,Morelos,Alzheimer,mujeres,0
2026-07-27,Morelos,Alzheimer,general,2
2026-07-27,Morelos,Alzheimer,hombres,0
2026-07-27,Morelos,Alzheimer,mujeres,0
2026-08-03,Morelos,Alzheimer,general,2
2026-08-03,Morelos,Alzheimer,hombres,0
2026-08-03,Morelos,Alzheimer,mujeres,0
2026-08-10,Morelos,Alzheimer,general,2
2026-08-10,Morelos,Alzheimer,hombres,0
2026-08-10,Morelos,Alzheimer,mujeres,0
2026-08-17,Morelos,Alzheimer,general,3
2026-08-17,Morelos,Alzheimer,hombres,0
2026-08-17,Morelos,Alzheimer,mujeres,0
2026-08-24,Morelos,Alzheimer,general,2
2026-08-24,Morelos,Alzheimer,hombres,0
2026-08-24,Morelos,Alzheimer,mujeres,0
2026-08-31,Morelos,Alzheimer,general,1
2026-08-31,Morelos,Alzheimer,hombres,0
2026-08-31,Morelos,Alzheimer,mujeres,0
2026-09-07,Morelos,Alzheimer,general,2
2026-09-07,Morelos,Alzheimer,hombres,0
2026-09-07,Morelos,Alzheimer,mujeres,1
2026-09-14,Morelos,Alzheimer,general,2
2026-09-14,Morelos,Alzheimer,hombres,0
2026-09-14,Morelos,Alzheimer,mujeres,1
2026-09-21,Morelos,Alzheimer,general,2
2026-09-21,Morelos,Alzheimer,hombres,0
2026-09-21,Morelos,Alzheimer,mujeres,1
2026-09-28,Morelos,Alzheimer,general,2
2026-09-28,Morelos,Alzheimer,hombres,0
2026-09-28,Morelos,Alzheimer,mujeres,1
2026-10-05,Morelos,Alzheimer,general,2
2026-10-05,Morelos,Alzheimer,hombres,0
2026-10-05,Morelos,Alzheimer,mujeres,1
2026-10-12,Morelos,Alzheimer,general,2
2026-10-12,Morelos,Alzheimer,hombres,0
2026-10-12,Morelos,Alzheimer,mujeres,1
2026-10-19,Morelos,Alzheimer,general,1
2026-10-19,Morelos,Alzheimer,hombres,0
2026-10-19,Morelos,Alzheimer,mujeres,1
2026-10-26,Morelos,Alzheimer,general,2
2026-10-26,Morelos,Alzheimer,hombres,0
2026-10-26,Morelos,Alzheimer,mujeres,1
2026-11-02,Morelos,Alzheimer,general,2
2026-11-02,Morelos,Alzheimer,hombres,0
2026-11-02,Morelos,Alzheimer,mujeres,0
2026-11-09,Morelos,Alzheimer,general,2
2026-11-09,Morelos,Alzheimer,hombres,0
2026-11-09,Morelos,Alzheimer,mujeres,0
2026-11-16,Morelos,Alzheimer,general,2
2026-11-16,Morelos,Alzheimer,hombres,0
2026-11-16,Morelos,Alzheimer,mujeres,0
2026-11-23,Morelos,Alzheimer,general,2
2026-11-23,Morelos,Alzheimer,hombres,0
2026-11-23,Morelos,Alzheimer,mujeres,1
2026-11-30,Morelos,Alzheimer,general,2
2026-11-30,Morelos,Alzheimer,hombres,0
2026-11-30,Morelos,Alzheimer,mujeres,1
2026-12-07,Morelos,Alzheimer,general,2
2026-12-07,Morelos,Alzheimer,hombres,0
2026-12-07,Morelos,Alzheimer,mujeres,0
2026-12-14,Morelos,Alzheimer,general,1
2026-12-14,Morelos,Alzheimer,hombres,0
2026-12-14,Morelos,Alzheimer,mujeres,1
2026-12-21,Morelos,Alzheimer,general,2
2026-12-21,Morelos,Alzheimer,hombres,0
2026-12-21,Morelos,Alzheimer,mujeres,1
2026-12-28,Morelos,Alzheimer,general,1
2026-12-28,Morelos,Alzheimer,hombres,0
2026-12-28,Morelos,Alzheimer,mujeres,1
2027-01-04,Morelos,Alzheimer,general,2
2027-01-04,Morelos,Alzheimer,hombres,0
2027-01-04,Morelos,Alzheimer,mujeres,1
2027-01-11,Morelos,Alzheimer,general,2
2027-01-11,Morelos,Alzheimer,hombres,0
2027-01-11,Morelos,Alzheimer,mujeres,1
2027-01-18,Morelos,Alzheimer,general,2
2027-01-18,Morelos,Alzheimer,hombres,0
2027-01-18,Morelos,Alzheimer,mujeres,1
2027-01-25,Morelos,Alzheimer,general,2
2027-01-25,Morelos,Alzheimer,hombres,0
2027-01-25,Morelos,Alzheimer,mujeres,1
2026-02-02,México,Alzheimer,general,1
2026-02-02,México,Alzheimer,hombres,0
2026-02-02,México,Alzheimer,mujeres,0
2026-02-09,México,Alzheimer,general,1
2026-02-09,México,Alzheimer,hombres,0
2026-02-09,México,Alzheimer,mujeres,1
2026-02-16,México,Alzheimer,general,2
2026-02-16,México,Alzheimer,hombres,0
2026-02-16,México,Alzheimer,mujeres,1
2026-02-23,México,Alzheimer,general,1
2026-02-23,México,Alzheimer,hombres,0
2026-02-23,México,Alzheimer,mujeres,1
2026-03-02,México,Alzheimer,general,1
2026-03-02,México,Alzheimer,hombres,0
2026-03-02,México,Alzheimer,mujeres,1
2026-03-09,México,Alzheimer,general,1
2026-03-09,México,Alzheimer,hombres,0
2026-03-09,México,Alzheimer,mujeres,1
2026-03-16,México,Alzheimer,general,2
2026-03-16,México,Alzheimer,hombres,0
2026-03-16,México,Alzheimer,mujeres,1
2026-03-23,México,Alzheimer,general,2
2026-03-23,México,Alzheimer,hombres,0
2026-03-23,México,Alzheimer,mujeres,1
2026-03-30,México,Alzheimer,general,0
2026-03-30,México,Alzheimer,hombres,0
2026-03-30,México,Alzheimer,mujeres,0
2026-04-06,México,Alzheimer,general,1
2026-04-06,México,Alzheimer,hombres,0
2026-04-06,México,Alzheimer,mujeres,0
2026-04-13,México,Alzheimer,general,2
2026-04-13,México,Alzheimer,hombres,0
2026-04-13,México,Alzheimer,mujeres,0
2026-04-20,México,Alzheimer,general,1
2026-04-20,México,Alzheimer,hombres,0
2026-04-20,México,Alzheimer,mujeres,0
2026-04-27,México,Alzheimer,general,1
2026-04-27,México,Alzheimer,hombres,0
2026-04-27,México,Alzheimer,mujeres,0
2026-05-04,México,Alzheimer,general,2
2026-05-04,México,Alzheimer,hombres,0
2026-05-04,México,Alzheimer,mujeres,1
2026-05-11,México,Alzheimer,general,1
2026-05-11,México,Alzheimer,hombres,0
2026-05-11,México,Alzheimer,mujeres,0
2026-05-18,México,Alzheimer,general,1
2026-05-18,México,Alzheimer,hombres,0
2026-05-18,México,Alzheimer,mujeres,1
2026-05-25,México,Alzheimer,general,1
2026-05-25,México,Alzheimer,hombres,0
2026-05-25,México,Alzheimer,mujeres,0
2026-06-01,México,Alzheimer,general,1
2026-06-01,México,Alzheimer,hombres,0
2026-06-01,México,Alzheimer,mujeres,0
2026-06-08,México,Alzheimer,general,2
2026-06-08,México,Alzheimer,hombres,0
2026-06-08,México,Alzheimer,mujeres,0
2026-06-15,México,Alzheimer,general,1
2026-06-15,México,Alzheimer,hombres,0
2026-06-15,México,Alzheimer,mujeres,0
2026-06-22,México,Alzheimer,general,1
2026-06-22,México,Alzheimer,hombres,0
2026-06-22,México,Alzheimer,mujeres,0
2026-06-29,México,Alzheimer,general,1
2026-06-29,México,Alzheimer,hombres,0
2026-06-29,México,Alzheimer,mujeres,0
2026-07-06,México,Alzheimer,general,1
2026-07-06,México,Alzheimer,hombres,0
2026-07-06,México,Alzheimer,mujeres,0
2026-07-13,México,Alzheimer,general,2
2026-07-13,México,Alzheimer,hombres,0
2026-07-13,México,Alzheimer,mujeres,0
2026-07-20,México,Alzheimer,general,2
2026-07-20,México,Alzheimer,hombres,0
2026-07-20,México,Alzheimer,mujeres,0
2026-07-27,México,Alzheimer,general,1
2026-07-27,México,Alzheimer,hombres,0
2026-07-27,México,Alzheimer,mujeres,0
2026-08-03,México,Alzheimer,general,1
2026-08-03,México,Alzheimer,hombres,0
2026-08-03,México,Alzheimer,mujeres,0
2026-08-10,México,Alzheimer,general,2
2026-08-10,México,Alzheimer,hombres,0
2026-08-10,México,Alzheimer,mujeres,0
2026-08-17,México,Alzheimer,general,3
2026-08-17,México,Alzheimer,hombres,0
2026-08-17,México,Alzheimer,mujeres,0
2026-08-24,México,Alzheimer,general,1
2026-08-24,México,Alzheimer,hombres,0
2026-08-24,México,Alzheimer,mujeres,0
2026-08-31,México,Alzheimer,general,1
2026-08-31,México,Alzheimer,hombres,0
2026-08-31,México,Alzheimer,mujeres,0
2026-09-07,México,Alzheimer,general,2
2026-09-07,México,Alzheimer,hombres,0
2026-09-07,México,Alzheimer,mujeres,0
2026-09-14,México,Alzheimer,general,2
2026-09-14,México,Alzheimer,hombres,0
2026-09-14,México,Alzheimer,mujeres,0
2026-09-21,México,Alzheimer,general,3
2026-09-21,México,Alzheimer,hombres,0
2026-09-21,México,Alzheimer,mujeres,0
2026-09-28,México,Alzheimer,general,1
2026-09-28,México,Alzheimer,hombres,0
2026-09-28,México,Alzheimer,mujeres,0
2026-10-05,México,Alzheimer,general,1
2026-10-05,México,Alzheimer,hombres,0
2026-10-05,México,Alzheimer,mujeres,0
2026-10-12,México,Alzheimer,general,3
2026-10-12,México,Alzheimer,hombres,0
2026-10-12,México,Alzheimer,mujeres,0
2026-10-19,México,Alzheimer,general,1
2026-10-19,México,Alzheimer,hombres,0
2026-10-19,México,Alzheimer,mujeres,0
2026-10-26,México,Alzheimer,general,0
2026-10-26,México,Alzheimer,hombres,0
2026-10-26,México,Alzheimer,mujeres,0
2026-11-02,México,Alzheimer,general,1
2026-11-02,México,Alzheimer,hombres,0
2026-11-02,México,Alzheimer,mujeres,0
2026-11-09,México,Alzheimer,general,0
2026-11-09,México,Alzheimer,hombres,0
2026-11-09,México,Alzheimer,mujeres,0
2026-11-16,México,Alzheimer,general,1
2026-11-16,México,Alzheimer,hombres,0
2026-11-16,México,Alzheimer,mujeres,0
2026-11-23,México,Alzheimer,general,0
2026-11-23,México,Alzheimer,hombres,0
2026-11-23,México,Alzheimer,mujeres,0
2026-11-30,México,Alzheimer,general,0
2026-11-30,México,Alzheimer,hombres,0
2026-11-30,México,Alzheimer,mujeres,0
2026-12-07,México,Alzheimer,general,1
2026-12-07,México,Alzheimer,hombres,0
2026-12-07,México,Alzheimer,mujeres,0
2026-12-14,México,Alzheimer,general,0
2026-12-14,México,Alzheimer,hombres,0
2026-12-14,México,Alzheimer,mujeres,0
2026-12-21,México,Alzheimer,general,0
2026-12-21,México,Alzheimer,hombres,0
2026-12-21,México,Alzheimer,mujeres,0
2026-12-28,México,Alzheimer,general,0
2026-12-28,México,Alzheimer,hombres,0
2026-12-28,México,Alzheimer,mujeres,0
2027-01-04,México,Alzheimer,general,0
2027-01-04,México,Alzheimer,hombres,0
2027-01-04,México,Alzheimer,mujeres,0
2027-01-11,México,Alzheimer,general,0
2027-01-11,México,Alzheimer,hombres,0
2027-01-11,México,Alzheimer,mujeres,0
2027-01-18,México,Alzheimer,general,0
2027-01-18,México,Alzheimer,hombres,0
2027-01-18,México,Alzheimer,mujeres,0
2027-01-25,México,Alzheimer,general,0
2027-01-25,México,Alzheimer,hombres,0
2027-01-25,México,Alzheimer,mujeres,0
2026-02-02,Nacional,Alzheimer,general,40
2026-02-02,Nacional,Alzheimer,hombres,14
2026-02-02,Nacional,Alzheimer,mujeres,24
2026-02-09,Nacional,Alzheimer,general,42
2026-02-09,Nacional,Alzheimer,hombres,14
2026-02-09,Nacional,Alzheimer,mujeres,24
2026-02-16,Nacional,Alzheimer,general,39
2026-02-16,Nacional,Alzheimer,hombres,15
2026-02-16,Nacional,Alzheimer,mujeres,26
2026-02-23,Nacional,Alzheimer,general,39
2026-02-23,Nacional,Alzheimer,hombres,17
2026-02-23,Nacional,Alzheimer,mujeres,28
2026-03-02,Nacional,Alzheimer,general,38
2026-03-02,Nacional,Alzheimer,hombres,17
2026-03-02,Nacional,Alzheimer,mujeres,27
2026-03-09,Nacional,Alzheimer,general,36
2026-03-09,Nacional,Alzheimer,hombres,16
2026-03-09,Nacional,Alzheimer,mujeres,26
2026-03-16,Nacional,Alzheimer,general,35
2026-03-16,Nacional,Alzheimer,hombres,14
2026-03-16,Nacional,Alzheimer,mujeres,24
2026-03-23,Nacional,Alzheimer,general,33
2026-03-23,Nacional,Alzheimer,hombres,13
2026-03-23,Nacional,Alzheimer,mujeres,24
2026-03-30,Nacional,Alzheimer,general,32
2026-03-30,Nacional,Alzheimer,hombres,13
2026-03-30,Nacional,Alzheimer,mujeres,25
2026-04-06,Nacional,Alzheimer,general,31
2026-04-06,Nacional,Alzheimer,hombres,14
2026-04-06,Nacional,Alzheimer,mujeres,27
2026-04-13,Nacional,Alzheimer,general,30
2026-04-13,Nacional,Alzheimer,hombres,14
2026-04-13,Nacional,Alzheimer,mujeres,26
2026-04-20,Nacional,Alzheimer,general,28
2026-04-20,Nacional,Alzheimer,hombres,14
2026-04-20,Nacional,Alzheimer,mujeres,25
2026-04-27,Nacional,Alzheimer,general,28
2026-04-27,Nacional,Alzheimer,hombres,13
2026-04-27,Nacional,Alzheimer,mujeres,24
2026-05-04,Nacional,Alzheimer,general,27
2026-05-04,Nacional,Alzheimer,hombres,13
2026-05-04,Nacional,Alzheimer,mujeres,25
2026-05-11,Nacional,Alzheimer,general,26
2026-05-11,Nacional,Alzheimer,hombres,13
2026-05-11,Nacional,Alzheimer,mujeres,26
2026-05-18,Nacional,Alzheimer,general,25
2026-05-18,Nacional,Alzheimer,hombres,14
2026-05-18,Nacional,Alzheimer,mujeres,26
2026-05-25,Nacional,Alzheimer,general,25
2026-05-25,Nacional,Alzheimer,hombres,13
2026-05-25,Nacional,Alzheimer,mujeres,26
2026-06-01,Nacional,Alzheimer,general,25
2026-06-01,Nacional,Alzheimer,hombres,13
2026-06-01,Nacional,Alzheimer,mujeres,25
2026-06-08,Nacional,Alzheimer,general,24
2026-06-08,Nacional,Alzheimer,hombres,13
2026-06-08,Nacional,Alzheimer,mujeres,26
2026-06-15,Nacional,Alzheimer,general,23
2026-06-15,Nacional,Alzheimer,hombres,14
2026-06-15,Nacional,Alzheimer,mujeres,27
2026-06-22,Nacional,Alzheimer,general,23
2026-06-22,Nacional,Alzheimer,hombres,15
2026-06-22,Nacional,Alzheimer,mujeres,27
2026-06-29,Nacional,Alzheimer,general,24
2026-06-29,Nacional,Alzheimer,hombres,16
2026-06-29,Nacional,Alzheimer,mujeres,26
2026-07-06,Nacional,Alzheimer,general,22
2026-07-06,Nacional,Alzheimer,hombres,15
2026-07-06,Nacional,Alzheimer,mujeres,25
2026-07-13,Nacional,Alzheimer,general,23
2026-07-13,Nacional,Alzheimer,hombres,13
2026-07-13,Nacional,Alzheimer,mujeres,24
2026-07-20,Nacional,Alzheimer,general,22
2026-07-20,Nacional,Alzheimer,hombres,13
2026-07-20,Nacional,Alzheimer,mujeres,23
2026-07-27,Nacional,Alzheimer,general,22
2026-07-27,Nacional,Alzheimer,hombres,13
2026-07-27,Nacional,Alzheimer,mujeres,23
2026-08-03,Nacional,Alzheimer,general,21
2026-08-03,Nacional,Alzheimer,hombres,15
2026-08-03,Nacional,Alzheimer,mujeres,24
2026-08-10,Nacional,Alzheimer,general,22
2026-08-10,Nacional,Alzheimer,hombres,17
2026-08-10,Nacional,Alzheimer,mujeres,25
2026-08-17,Nacional,Alzheimer,general,21
2026-08-17,Nacional,Alzheimer,hombres,17
2026-08-17,Nacional,Alzheimer,mujeres,26
2026-08-24,Nacional,Alzheimer,general,21
2026-08-24,Nacional,Alzheimer,hombres,15
2026-08-24,Nacional,Alzheimer,mujeres,27
2026-08-31,Nacional,Alzheimer,general,21
2026-08-31,Nacional,Alzheimer,hombres,14
2026-08-31,Nacional,Alzheimer,mujeres,27
2026-09-07,Nacional,Alzheimer,general,21
2026-09-07,Nacional,Alzheimer,hombres,13
2026-09-07,Nacional,Alzheimer,mujeres,26
2026-09-14,Nacional,Alzheimer,general,21
2026-09-14,Nacional,Alzheimer,hombres,14
2026-09-14,Nacional,Alzheimer,mujeres,26
2026-09-21,Nacional,Alzheimer,general,21
2026-09-21,Nacional,Alzheimer,hombres,15
2026-09-21,Nacional,Alzheimer,mujeres,27
2026-09-28,Nacional,Alzheimer,general,21
2026-09-28,Nacional,Alzheimer,hombres,16
2026-09-28,Nacional,Alzheimer,mujeres,27
2026-10-05,Nacional,Alzheimer,general,21
2026-10-05,Nacional,Alzheimer,hombres,15
2026-10-05,Nacional,Alzheimer,mujeres,28
2026-10-12,Nacional,Alzheimer,general,20
2026-10-12,Nacional,Alzheimer,hombres,15
2026-10-12,Nacional,Alzheimer,mujeres,26
2026-10-19,Nacional,Alzheimer,general,21
2026-10-19,Nacional,Alzheimer,hombres,14
2026-10-19,Nacional,Alzheimer,mujeres,25
2026-10-26,Nacional,Alzheimer,general,19
2026-10-26,Nacional,Alzheimer,hombres,14
2026-10-26,Nacional,Alzheimer,mujeres,23
2026-11-02,Nacional,Alzheimer,general,19
2026-11-02,Nacional,Alzheimer,hombres,14
2026-11-02,Nacional,Alzheimer,mujeres,23
2026-11-09,Nacional,Alzheimer,general,19
2026-11-09,Nacional,Alzheimer,hombres,13
2026-11-09,Nacional,Alzheimer,mujeres,23
2026-11-16,Nacional,Alzheimer,general,17
2026-11-16,Nacional,Alzheimer,hombres,12
2026-11-16,Nacional,Alzheimer,mujeres,23
2026-11-23,Nacional,Alzheimer,general,18
2026-11-23,Nacional,Alzheimer,hombres,12
2026-11-23,Nacional,Alzheimer,mujeres,23
2026-11-30,Nacional,Alzheimer,general,17
2026-11-30,Nacional,Alzheimer,hombres,12
2026-11-30,Nacional,Alzheimer,mujeres,22
2026-12-07,Nacional,Alzheimer,general,17
2026-12-07,Nacional,Alzheimer,hombres,12
2026-12-07,Nacional,Alzheimer,mujeres,20
2026-12-14,Nacional,Alzheimer,general,16
2026-12-14,Nacional,Alzheimer,hombres,10
2026-12-14,Nacional,Alzheimer,mujeres,18
2026-12-21,Nacional,Alzheimer,general,16
2026-12-21,Nacional,Alzheimer,hombres,9
2026-12-21,Nacional,Alzheimer,mujeres,15
2026-12-28,Nacional,Alzheimer,general,15
2026-12-28,Nacional,Alzheimer,hombres,9
2026-12-28,Nacional,Alzheimer,mujeres,15
2027-01-04,Nacional,Alzheimer,general,17
2027-01-04,Nacional,Alzheimer,hombres,11
2027-01-04,Nacional,Alzheimer,mujeres,17
2027-01-11,Nacional,Alzheimer,general,17
2027-01-11,Nacional,Alzheimer,hombres,14
2027-01-11,Nacional,Alzheimer,mujeres,20
2027-01-18,Nacional,Alzheimer,general,17
2027-01-18,Nacional,Alzheimer,hombres,15
2027-01-18,Nacional,Alzheimer,mujeres,23
2027-01-25,Nacional,Alzheimer,general,18
2027-01-25,Nacional,Alzheimer,hombres,0
2027-01-25,Nacional,Alzheimer,mujeres,23
2026-02-02,Nayarit,Alzheimer,general,1
2026-02-02,Nayarit,Alzheimer,hombres,0
2026-02-02,Nayarit,Alzheimer,mujeres,1
2026-02-09,Nayarit,Alzheimer,general,0
2026-02-09,Nayarit,Alzheimer,hombres,0
2026-02-09,Nayarit,Alzheimer,mujeres,1
2026-02-16,Nayarit,Alzheimer,general,1
2026-02-16,Nayarit,Alzheimer,hombres,0
2026-02-16,Nayarit,Alzheimer,mujeres,1
2026-02-23,Nayarit,Alzheimer,general,1
2026-02-23,Nayarit,Alzheimer,hombres,0
2026-02-23,Nayarit,Alzheimer,mujeres,0
2026-03-02,Nayarit,Alzheimer,general,2
2026-03-02,Nayarit,Alzheimer,hombres,0
2026-03-02,Nayarit,Alzheimer,mujeres,0
2026-03-09,Nayarit,Alzheimer,general,1
2026-03-09,Nayarit,Alzheimer,hombres,0
2026-03-09,Nayarit,Alzheimer,mujeres,1
2026-03-16,Nayarit,Alzheimer,general,1
2026-03-16,Nayarit,Alzheimer,hombres,0
2026-03-16,Nayarit,Alzheimer,mujeres,1
2026-03-23,Nayarit,Alzheimer,general,0
2026-03-23,Nayarit,Alzheimer,hombres,0
2026-03-23,Nayarit,Alzheimer,mujeres,0
2026-03-30,Nayarit,Alzheimer,general,1
2026-03-30,Nayarit,Alzheimer,hombres,0
2026-03-30,Nayarit,Alzheimer,mujeres,0
2026-04-06,Nayarit,Alzheimer,general,2
2026-04-06,Nayarit,Alzheimer,hombres,0
2026-04-06,Nayarit,Alzheimer,mujeres,1
2026-04-13,Nayarit,Alzheimer,general,0
2026-04-13,Nayarit,Alzheimer,hombres,0
2026-04-13,Nayarit,Alzheimer,mujeres,1
2026-04-20,Nayarit,Alzheimer,general,1
2026-04-20,Nayarit,Alzheimer,hombres,0
2026-04-20,Nayarit,Alzheimer,mujeres,1
2026-04-27,Nayarit,Alzheimer,general,1
2026-04-27,Nayarit,Alzheimer,hombres,0
2026-04-27,Nayarit,Alzheimer,mujeres,0
2026-05-04,Nayarit,Alzheimer,general,2
2026-05-04,Nayarit,Alzheimer,hombres,0
2026-05-04,Nayarit,Alzheimer,mujeres,1
2026-05-11,Nayarit,Alzheimer,general,1
2026-05-11,Nayarit,Alzheimer,hombres,0
2026-05-11,Nayarit,Alzheimer,mujeres,1
2026-05-18,Nayarit,Alzheimer,general,1
2026-05-18,Nayarit,Alzheimer,hombres,0
2026-05-18,Nayarit,Alzheimer,mujeres,1
2026-05-25,Nayarit,Alzheimer,general,3
2026-05-25,Nayarit,Alzheimer,hombres,0
2026-05-25,Nayarit,Alzheimer,mujeres,1
2026-06-01,Nayarit,Alzheimer,general,1
2026-06-01,Nayarit,Alzheimer,hombres,0
2026-06-01,Nayarit,Alzheimer,mujeres,1
2026-06-08,Nayarit,Alzheimer,general,1
2026-06-08,Nayarit,Alzheimer,hombres,0
2026-06-08,Nayarit,Alzheimer,mujeres,0
2026-06-15,Nayarit,Alzheimer,general,0
2026-06-15,Nayarit,Alzheimer,hombres,0
2026-06-15,Nayarit,Alzheimer,mujeres,0
2026-06-22,Nayarit,Alzheimer,general,1
2026-06-22,Nayarit,Alzheimer,hombres,0
2026-06-22,Nayarit,Alzheimer,mujeres,0
2026-06-29,Nayarit,Alzheimer,general,2
2026-06-29,Nayarit,Alzheimer,hombres,0
2026-06-29,Nayarit,Alzheimer,mujeres,0
2026-07-06,Nayarit,Alzheimer,general,1
2026-07-06,Nayarit,Alzheimer,hombres,0
2026-07-06,Nayarit,Alzheimer,mujeres,0
2026-07-13,Nayarit,Alzheimer,general,1
2026-07-13,Nayarit,Alzheimer,hombres,0
2026-07-13,Nayarit,Alzheimer,mujeres,0
2026-07-20,Nayarit,Alzheimer,general,1
2026-07-20,Nayarit,Alzheimer,hombres,0
2026-07-20,Nayarit,Alzheimer,mujeres,0
2026-07-27,Nayarit,Alzheimer,general,2
2026-07-27,Nayarit,Alzheimer,hombres,0
2026-07-27,Nayarit,Alzheimer,mujeres,0
2026-08-03,Nayarit,Alzheimer,general,0
2026-08-03,Nayarit,Alzheimer,hombres,0
2026-08-03,Nayarit,Alzheimer,mujeres,1
2026-08-10,Nayarit,Alzheimer,general,0
2026-08-10,Nayarit,Alzheimer,hombres,0
2026-08-10,Nayarit,Alzheimer,mujeres,1
2026-08-17,Nayarit,Alzheimer,general,0
2026-08-17,Nayarit,Alzheimer,hombres,0
2026-08-17,Nayarit,Alzheimer,mujeres,1
2026-08-24,Nayarit,Alzheimer,general,1
2026-08-24,Nayarit,Alzheimer,hombres,0
2026-08-24,Nayarit,Alzheimer,mujeres,0
2026-08-31,Nayarit,Alzheimer,general,1
2026-08-31,Nayarit,Alzheimer,hombres,0
2026-08-31,Nayarit,Alzheimer,mujeres,0
2026-09-07,Nayarit,Alzheimer,general,0
2026-09-07,Nayarit,Alzheimer,hombres,0
2026-09-07,Nayarit,Alzheimer,mujeres,0
2026-09-14,Nayarit,Alzheimer,general,1
2026-09-14,Nayarit,Alzheimer,hombres,0
2026-09-14,Nayarit,Alzheimer,mujeres,0
2026-09-21,Nayarit,Alzheimer,general,1
2026-09-21,Nayarit,Alzheimer,hombres,0
2026-09-21,Nayarit,Alzheimer,mujeres,0
2026-09-28,Nayarit,Alzheimer,general,3
2026-09-28,Nayarit,Alzheimer,hombres,0
2026-09-28,Nayarit,Alzheimer,mujeres,0
2026-10-05,Nayarit,Alzheimer,general,1
2026-10-05,Nayarit,Alzheimer,hombres,0
2026-10-05,Nayarit,Alzheimer,mujeres,0
2026-10-12,Nayarit,Alzheimer,general,1
2026-10-12,Nayarit,Alzheimer,hombres,0
2026-10-12,Nayarit,Alzheimer,mujeres,0
2026-10-19,Nayarit,Alzheimer,general,0
2026-10-19,Nayarit,Alzheimer,hombres,0
2026-10-19,Nayarit,Alzheimer,mujeres,0
2026-10-26,Nayarit,Alzheimer,general,1
2026-10-26,Nayarit,Alzheimer,hombres,0
2026-10-26,Nayarit,Alzheimer,mujeres,0
2026-11-02,Nayarit,Alzheimer,general,2
2026-11-02,Nayarit,Alzheimer,hombres,0
2026-11-02,Nayarit,Alzheimer,mujeres,0
2026-11-09,Nayarit,Alzheimer,general,1
2026-11-09,Nayarit,Alzheimer,hombres,0
2026-11-09,Nayarit,Alzheimer,mujeres,0
2026-11-16,Nayarit,Alzheimer,general,2
2026-11-16,Nayarit,Alzheimer,hombres,0
2026-11-16,Nayarit,Alzheimer,mujeres,0
2026-11-23,Nayarit,Alzheimer,general,1
2026-11-23,Nayarit,Alzheimer,hombres,0
2026-11-23,Nayarit,Alzheimer,mujeres,0
2026-11-30,Nayarit,Alzheimer,general,1
2026-11-30,Nayarit,Alzheimer,hombres,0
2026-11-30,Nayarit,Alzheimer,mujeres,0
2026-12-07,Nayarit,Alzheimer,general,1
2026-12-07,Nayarit,Alzheimer,hombres,0
2026-12-07,Nayarit,Alzheimer,mujeres,0
2026-12-14,Nayarit,Alzheimer,general,2
2026-12-14,Nayarit,Alzheimer,hombres,0
2026-12-14,Nayarit,Alzheimer,mujeres,0
2026-12-21,Nayarit,Alzheimer,general,1
2026-12-21,Nayarit,Alzheimer,hombres,0
2026-12-21,Nayarit,Alzheimer,mujeres,0
2026-12-28,Nayarit,Alzheimer,general,1
2026-12-28,Nayarit,Alzheimer,hombres,0
2026-12-28,Nayarit,Alzheimer,mujeres,0
2027-01-04,Nayarit,Alzheimer,general,0
2027-01-04,Nayarit,Alzheimer,hombres,0
2027-01-04,Nayarit,Alzheimer,mujeres,0
2027-01-11,Nayarit,Alzheimer,general,0
2027-01-11,Nayarit,Alzheimer,hombres,0
2027-01-11,Nayarit,Alzheimer,mujeres,0
2027-01-18,Nayarit,Alzheimer,general,0
2027-01-18,Nayarit,Alzheimer,hombres,0
2027-01-18,Nayarit,Alzheimer,mujeres,0
2027-01-25,Nayarit,Alzheimer,general,1
2027-01-25,Nayarit,Alzheimer,hombres,0
2027-01-25,Nayarit,Alzheimer,mujeres,0
2026-02-02,Nuevo León,Alzheimer,general,2
2026-02-02,Nuevo León,Alzheimer,hombres,1
2026-02-02,Nuevo León,Alzheimer,mujeres,1
2026-02-09,Nuevo León,Alzheimer,general,2
2026-02-09,Nuevo León,Alzheimer,hombres,1
2026-02-09,Nuevo León,Alzheimer,mujeres,1
2026-02-16,Nuevo León,Alzheimer,general,2
2026-02-16,Nuevo León,Alzheimer,hombres,1
2026-02-16,Nuevo León,Alzheimer,mujeres,1
2026-02-23,Nuevo León,Alzheimer,general,2
2026-02-23,Nuevo León,Alzheimer,hombres,1
2026-02-23,Nuevo León,Alzheimer,mujeres,1
2026-03-02,Nuevo León,Alzheimer,general,2
2026-03-02,Nuevo León,Alzheimer,hombres,1
2026-03-02,Nuevo León,Alzheimer,mujeres,1
2026-03-09,Nuevo León,Alzheimer,general,2
2026-03-09,Nuevo León,Alzheimer,hombres,1
2026-03-09,Nuevo León,Alzheimer,mujeres,1
2026-03-16,Nuevo León,Alzheimer,general,2
2026-03-16,Nuevo León,Alzheimer,hombres,1
2026-03-16,Nuevo León,Alzheimer,mujeres,1
2026-03-23,Nuevo León,Alzheimer,general,2
2026-03-23,Nuevo León,Alzheimer,hombres,1
2026-03-23,Nuevo León,Alzheimer,mujeres,1
2026-03-30,Nuevo León,Alzheimer,general,2
2026-03-30,Nuevo León,Alzheimer,hombres,1
2026-03-30,Nuevo León,Alzheimer,mujeres,1
2026-04-06,Nuevo León,Alzheimer,general,2
2026-04-06,Nuevo León,Alzheimer,hombres,1
2026-04-06,Nuevo León,Alzheimer,mujeres,1
2026-04-13,Nuevo León,Alzheimer,general,2
2026-04-13,Nuevo León,Alzheimer,hombres,1
2026-04-13,Nuevo León,Alzheimer,mujeres,1
2026-04-20,Nuevo León,Alzheimer,general,2
2026-04-20,Nuevo León,Alzheimer,hombres,1
2026-04-20,Nuevo León,Alzheimer,mujeres,1
2026-04-27,Nuevo León,Alzheimer,general,2
2026-04-27,Nuevo León,Alzheimer,hombres,1
2026-04-27,Nuevo León,Alzheimer,mujeres,1
2026-05-04,Nuevo León,Alzheimer,general,2
2026-05-04,Nuevo León,Alzheimer,hombres,1
2026-05-04,Nuevo León,Alzheimer,mujeres,1
2026-05-11,Nuevo León,Alzheimer,general,2
2026-05-11,Nuevo León,Alzheimer,hombres,1
2026-05-11,Nuevo León,Alzheimer,mujeres,1
2026-05-18,Nuevo León,Alzheimer,general,2
2026-05-18,Nuevo León,Alzheimer,hombres,1
2026-05-18,Nuevo León,Alzheimer,mujeres,1
2026-05-25,Nuevo León,Alzheimer,general,2
2026-05-25,Nuevo León,Alzheimer,hombres,1
2026-05-25,Nuevo León,Alzheimer,mujeres,1
2026-06-01,Nuevo León,Alzheimer,general,2
2026-06-01,Nuevo León,Alzheimer,hombres,1
2026-06-01,Nuevo León,Alzheimer,mujeres,1
2026-06-08,Nuevo León,Alzheimer,general,2
2026-06-08,Nuevo León,Alzheimer,hombres,1
2026-06-08,Nuevo León,Alzheimer,mujeres,1
2026-06-15,Nuevo León,Alzheimer,general,2
2026-06-15,Nuevo León,Alzheimer,hombres,1
2026-06-15,Nuevo León,Alzheimer,mujeres,1
2026-06-22,Nuevo León,Alzheimer,general,2
2026-06-22,Nuevo León,Alzheimer,hombres,1
2026-06-22,Nuevo León,Alzheimer,mujeres,1
2026-06-29,Nuevo León,Alzheimer,general,2
2026-06-29,Nuevo León,Alzheimer,hombres,1
2026-06-29,Nuevo León,Alzheimer,mujeres,1
2026-07-06,Nuevo León,Alzheimer,general,2
2026-07-06,Nuevo León,Alzheimer,hombres,1
2026-07-06,Nuevo León,Alzheimer,mujeres,1
2026-07-13,Nuevo León,Alzheimer,general,2
2026-07-13,Nuevo León,Alzheimer,hombres,1
2026-07-13,Nuevo León,Alzheimer,mujeres,1
2026-07-20,Nuevo León,Alzheimer,general,2
2026-07-20,Nuevo León,Alzheimer,hombres,1
2026-07-20,Nuevo León,Alzheimer,mujeres,1
2026-07-27,Nuevo León,Alzheimer,general,2
2026-07-27,Nuevo León,Alzheimer,hombres,1
2026-07-27,Nuevo León,Alzheimer,mujeres,1
2026-08-03,Nuevo León,Alzheimer,general,2
2026-08-03,Nuevo León,Alzheimer,hombres,1
2026-08-03,Nuevo León,Alzheimer,mujeres,1
2026-08-10,Nuevo León,Alzheimer,general,2
2026-08-10,Nuevo León,Alzheimer,hombres,1
2026-08-10,Nuevo León,Alzheimer,mujeres,1
2026-08-17,Nuevo León,Alzheimer,general,2
2026-08-17,Nuevo León,Alzheimer,hombres,1
2026-08-17,Nuevo León,Alzheimer,mujeres,1
2026-08-24,Nuevo León,Alzheimer,general,2
2026-08-24,Nuevo León,Alzheimer,hombres,1
2026-08-24,Nuevo León,Alzheimer,mujeres,1
2026-08-31,Nuevo León,Alzheimer,general,2
2026-08-31,Nuevo León,Alzheimer,hombres,1
2026-08-31,Nuevo León,Alzheimer,mujeres,1
2026-09-07,Nuevo León,Alzheimer,general,2
2026-09-07,Nuevo León,Alzheimer,hombres,1
2026-09-07,Nuevo León,Alzheimer,mujeres,1
2026-09-14,Nuevo León,Alzheimer,general,2
2026-09-14,Nuevo León,Alzheimer,hombres,1
2026-09-14,Nuevo León,Alzheimer,mujeres,1
2026-09-21,Nuevo León,Alzheimer,general,2
2026-09-21,Nuevo León,Alzheimer,hombres,1
2026-09-21,Nuevo León,Alzheimer,mujeres,1
2026-09-28,Nuevo León,Alzheimer,general,2
2026-09-28,Nuevo León,Alzheimer,hombres,1
2026-09-28,Nuevo León,Alzheimer,mujeres,1
2026-10-05,Nuevo León,Alzheimer,general,2
2026-10-05,Nuevo León,Alzheimer,hombres,1
2026-10-05,Nuevo León,Alzheimer,mujeres,1
2026-10-12,Nuevo León,Alzheimer,general,2
2026-10-12,Nuevo León,Alzheimer,hombres,1
2026-10-12,Nuevo León,Alzheimer,mujeres,1
2026-10-19,Nuevo León,Alzheimer,general,2
2026-10-19,Nuevo León,Alzheimer,hombres,1
2026-10-19,Nuevo León,Alzheimer,mujeres,1
2026-10-26,Nuevo León,Alzheimer,general,2
2026-10-26,Nuevo León,Alzheimer,hombres,1
2026-10-26,Nuevo León,Alzheimer,mujeres,1
2026-11-02,Nuevo León,Alzheimer,general,2
2026-11-02,Nuevo León,Alzheimer,hombres,1
2026-11-02,Nuevo León,Alzheimer,mujeres,1
2026-11-09,Nuevo León,Alzheimer,general,2
2026-11-09,Nuevo León,Alzheimer,hombres,1
2026-11-09,Nuevo León,Alzheimer,mujeres,1
2026-11-16,Nuevo León,Alzheimer,general,2
2026-11-16,Nuevo León,Alzheimer,hombres,1
2026-11-16,Nuevo León,Alzheimer,mujeres,1
2026-11-23,Nuevo León,Alzheimer,general,1
2026-11-23,Nuevo León,Alzheimer,hombres,1
2026-11-23,Nuevo León,Alzheimer,mujeres,1
2026-11-30,Nuevo León,Alzheimer,general,1
2026-11-30,Nuevo León,Alzheimer,hombres,1
2026-11-30,Nuevo León,Alzheimer,mujeres,1
2026-12-07,Nuevo León,Alzheimer,general,1
2026-12-07,Nuevo León,Alzheimer,hombres,1
2026-12-07,Nuevo León,Alzheimer,mujeres,1
2026-12-14,Nuevo León,Alzheimer,general,1
2026-12-14,Nuevo León,Alzheimer,hombres,1
2026-12-14,Nuevo León,Alzheimer,mujeres,1
2026-12-21,Nuevo León,Alzheimer,general,1
2026-12-21,Nuevo León,Alzheimer,hombres,1
2026-12-21,Nuevo León,Alzheimer,mujeres,1
2026-12-28,Nuevo León,Alzheimer,general,1
2026-12-28,Nuevo León,Alzheimer,hombres,1
2026-12-28,Nuevo León,Alzheimer,mujeres,1
2027-01-04,Nuevo León,Alzheimer,general,1
2027-01-04,Nuevo León,Alzheimer,hombres,1
2027-01-04,Nuevo León,Alzheimer,mujeres,1
2027-01-11,Nuevo León,Alzheimer,general,1
2027-01-11,Nuevo León,Alzheimer,hombres,1
2027-01-11,Nuevo León,Alzheimer,mujeres,1
2027-01-18,Nuevo León,Alzheimer,general,1
2027-01-18,Nuevo León,Alzheimer,hombres,1
2027-01-18,Nuevo León,Alzheimer,mujeres,1
2027-01-25,Nuevo León,Alzheimer,general,1
2027-01-25,Nuevo León,Alzheimer,hombres,1
2027-01-25,Nuevo León,Alzheimer,mujeres,1
2026-02-02,Oaxaca,Alzheimer,general,2
2026-02-02,Oaxaca,Alzheimer,hombres,0
2026-02-02,Oaxaca,Alzheimer,mujeres,1
2026-02-09,Oaxaca,Alzheimer,general,2
2026-02-09,Oaxaca,Alzheimer,hombres,0
2026-02-09,Oaxaca,Alzheimer,mujeres,1
2026-02-16,Oaxaca,Alzheimer,general,2
2026-02-16,Oaxaca,Alzheimer,hombres,0
2026-02-16,Oaxaca,Alzheimer,mujeres,1
2026-02-23,Oaxaca,Alzheimer,general,2
2026-02-23,Oaxaca,Alzheimer,hombres,0
2026-02-23,Oaxaca,Alzheimer,mujeres,1
2026-03-02,Oaxaca,Alzheimer,general,2
2026-03-02,Oaxaca,Alzheimer,hombres,1
2026-03-02,Oaxaca,Alzheimer,mujeres,1
2026-03-09,Oaxaca,Alzheimer,general,2
2026-03-09,Oaxaca,Alzheimer,hombres,1
2026-03-09,Oaxaca,Alzheimer,mujeres,1
2026-03-16,Oaxaca,Alzheimer,general,1
2026-03-16,Oaxaca,Alzheimer,hombres,1
2026-03-16,Oaxaca,Alzheimer,mujeres,1
2026-03-23,Oaxaca,Alzheimer,general,1
2026-03-23,Oaxaca,Alzheimer,hombres,1
2026-03-23,Oaxaca,Alzheimer,mujeres,1
2026-03-30,Oaxaca,Alzheimer,general,1
2026-03-30,Oaxaca,Alzheimer,hombres,0
2026-03-30,Oaxaca,Alzheimer,mujeres,1
2026-04-06,Oaxaca,Alzheimer,general,1
2026-04-06,Oaxaca,Alzheimer,hombres,0
2026-04-06,Oaxaca,Alzheimer,mujeres,1
2026-04-13,Oaxaca,Alzheimer,general,1
2026-04-13,Oaxaca,Alzheimer,hombres,0
2026-04-13,Oaxaca,Alzheimer,mujeres,1
2026-04-20,Oaxaca,Alzheimer,general,1
2026-04-20,Oaxaca,Alzheimer,hombres,0
2026-04-20,Oaxaca,Alzheimer,mujeres,1
2026-04-27,Oaxaca,Alzheimer,general,1
2026-04-27,Oaxaca,Alzheimer,hombres,0
2026-04-27,Oaxaca,Alzheimer,mujeres,1
2026-05-04,Oaxaca,Alzheimer,general,1
2026-05-04,Oaxaca,Alzheimer,hombres,0
2026-05-04,Oaxaca,Alzheimer,mujeres,1
2026-05-11,Oaxaca,Alzheimer,general,1
2026-05-11,Oaxaca,Alzheimer,hombres,1
2026-05-11,Oaxaca,Alzheimer,mujeres,1
2026-05-18,Oaxaca,Alzheimer,general,1
2026-05-18,Oaxaca,Alzheimer,hombres,1
2026-05-18,Oaxaca,Alzheimer,mujeres,1
2026-05-25,Oaxaca,Alzheimer,general,1
2026-05-25,Oaxaca,Alzheimer,hombres,1
2026-05-25,Oaxaca,Alzheimer,mujeres,1
2026-06-01,Oaxaca,Alzheimer,general,1
2026-06-01,Oaxaca,Alzheimer,hombres,1
2026-06-01,Oaxaca,Alzheimer,mujeres,1
2026-06-08,Oaxaca,Alzheimer,general,2
2026-06-08,Oaxaca,Alzheimer,hombres,0
2026-06-08,Oaxaca,Alzheimer,mujeres,1
2026-06-15,Oaxaca,Alzheimer,general,2
2026-06-15,Oaxaca,Alzheimer,hombres,0
2026-06-15,Oaxaca,Alzheimer,mujeres,1
2026-06-22,Oaxaca,Alzheimer,general,2
2026-06-22,Oaxaca,Alzheimer,hombres,0
2026-06-22,Oaxaca,Alzheimer,mujeres,1
2026-06-29,Oaxaca,Alzheimer,general,2
2026-06-29,Oaxaca,Alzheimer,hombres,1
2026-06-29,Oaxaca,Alzheimer,mujeres,1
2026-07-06,Oaxaca,Alzheimer,general,1
2026-07-06,Oaxaca,Alzheimer,hombres,1
2026-07-06,Oaxaca,Alzheimer,mujeres,1
2026-07-13,Oaxaca,Alzheimer,general,1
2026-07-13,Oaxaca,Alzheimer,hombres,1
2026-07-13,Oaxaca,Alzheimer,mujeres,1
2026-07-20,Oaxaca,Alzheimer,general,1
2026-07-20,Oaxaca,Alzheimer,hombres,0
2026-07-20,Oaxaca,Alzheimer,mujeres,1
2026-07-27,Oaxaca,Alzheimer,general,1
2026-07-27,Oaxaca,Alzheimer,hombres,0
2026-07-27,Oaxaca,Alzheimer,mujeres,1
2026-08-03,Oaxaca,Alzheimer,general,1
2026-08-03,Oaxaca,Alzheimer,hombres,0
2026-08-03,Oaxaca,Alzheimer,mujeres,1
2026-08-10,Oaxaca,Alzheimer,general,1
2026-08-10,Oaxaca,Alzheimer,hombres,0
2026-08-10,Oaxaca,Alzheimer,mujeres,1
2026-08-17,Oaxaca,Alzheimer,general,2
2026-08-17,Oaxaca,Alzheimer,hombres,0
2026-08-17,Oaxaca,Alzheimer,mujeres,1
2026-08-24,Oaxaca,Alzheimer,general,2
2026-08-24,Oaxaca,Alzheimer,hombres,0
2026-08-24,Oaxaca,Alzheimer,mujeres,1
2026-08-31,Oaxaca,Alzheimer,general,2
2026-08-31,Oaxaca,Alzheimer,hombres,0
2026-08-31,Oaxaca,Alzheimer,mujeres,1
2026-09-07,Oaxaca,Alzheimer,general,2
2026-09-07,Oaxaca,Alzheimer,hombres,0
2026-09-07,Oaxaca,Alzheimer,mujeres,1
2026-09-14,Oaxaca,Alzheimer,general,2
2026-09-14,Oaxaca,Alzheimer,hombres,1
2026-09-14,Oaxaca,Alzheimer,mujeres,1
2026-09-21,Oaxaca,Alzheimer,general,2
2026-09-21,Oaxaca,Alzheimer,hombres,1
2026-09-21,Oaxaca,Alzheimer,mujeres,1
2026-09-28,Oaxaca,Alzheimer,general,2
2026-09-28,Oaxaca,Alzheimer,hombres,1
2026-09-28,Oaxaca,Alzheimer,mujeres,1
2026-10-05,Oaxaca,Alzheimer,general,2
2026-10-05,Oaxaca,Alzheimer,hombres,1
2026-10-05,Oaxaca,Alzheimer,mujeres,1
2026-10-12,Oaxaca,Alzheimer,general,1
2026-10-12,Oaxaca,Alzheimer,hombres,1
2026-10-12,Oaxaca,Alzheimer,mujeres,1
2026-10-19,Oaxaca,Alzheimer,general,1
2026-10-19,Oaxaca,Alzheimer,hombres,1
2026-10-19,Oaxaca,Alzheimer,mujeres,1
2026-10-26,Oaxaca,Alzheimer,general,1
2026-10-26,Oaxaca,Alzheimer,hombres,1
2026-10-26,Oaxaca,Alzheimer,mujeres,1
2026-11-02,Oaxaca,Alzheimer,general,2
2026-11-02,Oaxaca,Alzheimer,hombres,0
2026-11-02,Oaxaca,Alzheimer,mujeres,1
2026-11-09,Oaxaca,Alzheimer,general,2
2026-11-09,Oaxaca,Alzheimer,hombres,0
2026-11-09,Oaxaca,Alzheimer,mujeres,1
2026-11-16,Oaxaca,Alzheimer,general,2
2026-11-16,Oaxaca,Alzheimer,hombres,1
2026-11-16,Oaxaca,Alzheimer,mujeres,1
2026-11-23,Oaxaca,Alzheimer,general,2
2026-11-23,Oaxaca,Alzheimer,hombres,1
2026-11-23,Oaxaca,Alzheimer,mujeres,1
2026-11-30,Oaxaca,Alzheimer,general,2
2026-11-30,Oaxaca,Alzheimer,hombres,1
2026-11-30,Oaxaca,Alzheimer,mujeres,1
2026-12-07,Oaxaca,Alzheimer,general,2
2026-12-07,Oaxaca,Alzheimer,hombres,1
2026-12-07,Oaxaca,Alzheimer,mujeres,1
2026-12-14,Oaxaca,Alzheimer,general,1
2026-12-14,Oaxaca,Alzheimer,hombres,0
2026-12-14,Oaxaca,Alzheimer,mujeres,1
2026-12-21,Oaxaca,Alzheimer,general,1
2026-12-21,Oaxaca,Alzheimer,hombres,0
2026-12-21,Oaxaca,Alzheimer,mujeres,1
2026-12-28,Oaxaca,Alzheimer,general,1
2026-12-28,Oaxaca,Alzheimer,hombres,0
2026-12-28,Oaxaca,Alzheimer,mujeres,1
2027-01-04,Oaxaca,Alzheimer,general,1
2027-01-04,Oaxaca,Alzheimer,hombres,0
2027-01-04,Oaxaca,Alzheimer,mujeres,1
2027-01-11,Oaxaca,Alzheimer,general,1
2027-01-11,Oaxaca,Alzheimer,hombres,1
2027-01-11,Oaxaca,Alzheimer,mujeres,1
2027-01-18,Oaxaca,Alzheimer,general,1
2027-01-18,Oaxaca,Alzheimer,hombres,1
2027-01-18,Oaxaca,Alzheimer,mujeres,1
2027-01-25,Oaxaca,Alzheimer,general,1
2027-01-25,Oaxaca,Alzheimer,hombres,1
2027-01-25,Oaxaca,Alzheimer,mujeres,1
2026-02-02,Puebla,Alzheimer,general,2
2026-02-02,Puebla,Alzheimer,hombres,1
2026-02-02,Puebla,Alzheimer,mujeres,0
2026-02-09,Puebla,Alzheimer,general,2
2026-02-09,Puebla,Alzheimer,hombres,1
2026-02-09,Puebla,Alzheimer,mujeres,0
2026-02-16,Puebla,Alzheimer,general,0
2026-02-16,Puebla,Alzheimer,hombres,1
2026-02-16,Puebla,Alzheimer,mujeres,0
2026-02-23,Puebla,Alzheimer,general,0
2026-02-23,Puebla,Alzheimer,hombres,1
2026-02-23,Puebla,Alzheimer,mujeres,0
2026-03-02,Puebla,Alzheimer,general,0
2026-03-02,Puebla,Alzheimer,hombres,1
2026-03-02,Puebla,Alzheimer,mujeres,0
2026-03-09,Puebla,Alzheimer,general,1
2026-03-09,Puebla,Alzheimer,hombres,1
2026-03-09,Puebla,Alzheimer,mujeres,0
2026-03-16,Puebla,Alzheimer,general,1
2026-03-16,Puebla,Alzheimer,hombres,1
2026-03-16,Puebla,Alzheimer,mujeres,0
2026-03-23,Puebla,Alzheimer,general,1
2026-03-23,Puebla,Alzheimer,hombres,1
2026-03-23,Puebla,Alzheimer,mujeres,0
2026-03-30,Puebla,Alzheimer,general,1
2026-03-30,Puebla,Alzheimer,hombres,1
2026-03-30,Puebla,Alzheimer,mujeres,0
2026-04-06,Puebla,Alzheimer,general,0
2026-04-06,Puebla,Alzheimer,hombres,1
2026-04-06,Puebla,Alzheimer,mujeres,0
2026-04-13,Puebla,Alzheimer,general,0
2026-04-13,Puebla,Alzheimer,hombres,1
2026-04-13,Puebla,Alzheimer,mujeres,1
2026-04-20,Puebla,Alzheimer,general,0
2026-04-20,Puebla,Alzheimer,hombres,1
2026-04-20,Puebla,Alzheimer,mujeres,1
2026-04-27,Puebla,Alzheimer,general,1
2026-04-27,Puebla,Alzheimer,hombres,1
2026-04-27,Puebla,Alzheimer,mujeres,1
2026-05-04,Puebla,Alzheimer,general,2
2026-05-04,Puebla,Alzheimer,hombres,1
2026-05-04,Puebla,Alzheimer,mujeres,1
2026-05-11,Puebla,Alzheimer,general,1
2026-05-11,Puebla,Alzheimer,hombres,1
2026-05-11,Puebla,Alzheimer,mujeres,0
2026-05-18,Puebla,Alzheimer,general,0
2026-05-18,Puebla,Alzheimer,hombres,1
2026-05-18,Puebla,Alzheimer,mujeres,0
2026-05-25,Puebla,Alzheimer,general,0
2026-05-25,Puebla,Alzheimer,hombres,1
2026-05-25,Puebla,Alzheimer,mujeres,0
2026-06-01,Puebla,Alzheimer,general,0
2026-06-01,Puebla,Alzheimer,hombres,1
2026-06-01,Puebla,Alzheimer,mujeres,0
2026-06-08,Puebla,Alzheimer,general,0
2026-06-08,Puebla,Alzheimer,hombres,1
2026-06-08,Puebla,Alzheimer,mujeres,0
2026-06-15,Puebla,Alzheimer,general,1
2026-06-15,Puebla,Alzheimer,hombres,1
2026-06-15,Puebla,Alzheimer,mujeres,0
2026-06-22,Puebla,Alzheimer,general,2
2026-06-22,Puebla,Alzheimer,hombres,0
2026-06-22,Puebla,Alzheimer,mujeres,1
2026-06-29,Puebla,Alzheimer,general,2
2026-06-29,Puebla,Alzheimer,hombres,1
2026-06-29,Puebla,Alzheimer,mujeres,1
2026-07-06,Puebla,Alzheimer,general,1
2026-07-06,Puebla,Alzheimer,hombres,1
2026-07-06,Puebla,Alzheimer,mujeres,1
2026-07-13,Puebla,Alzheimer,general,0
2026-07-13,Puebla,Alzheimer,hombres,1
2026-07-13,Puebla,Alzheimer,mujeres,1
2026-07-20,Puebla,Alzheimer,general,0
2026-07-20,Puebla,Alzheimer,hombres,1
2026-07-20,Puebla,Alzheimer,mujeres,1
2026-07-27,Puebla,Alzheimer,general,1
2026-07-27,Puebla,Alzheimer,hombres,1
2026-07-27,Puebla,Alzheimer,mujeres,1
2026-08-03,Puebla,Alzheimer,general,2
2026-08-03,Puebla,Alzheimer,hombres,1
2026-08-03,Puebla,Alzheimer,mujeres,1
2026-08-10,Puebla,Alzheimer,general,2
2026-08-10,Puebla,Alzheimer,hombres,0
2026-08-10,Puebla,Alzheimer,mujeres,1
2026-08-17,Puebla,Alzheimer,general,2
2026-08-17,Puebla,Alzheimer,hombres,0
2026-08-17,Puebla,Alzheimer,mujeres,1
2026-08-24,Puebla,Alzheimer,general,1
2026-08-24,Puebla,Alzheimer,hombres,0
2026-08-24,Puebla,Alzheimer,mujeres,1
2026-08-31,Puebla,Alzheimer,general,0
2026-08-31,Puebla,Alzheimer,hombres,0
2026-08-31,Puebla,Alzheimer,mujeres,1
2026-09-07,Puebla,Alzheimer,general,0
2026-09-07,Puebla,Alzheimer,hombres,0
2026-09-07,Puebla,Alzheimer,mujeres,1
2026-09-14,Puebla,Alzheimer,general,0
2026-09-14,Puebla,Alzheimer,hombres,0
2026-09-14,Puebla,Alzheimer,mujeres,1
2026-09-21,Puebla,Alzheimer,general,2
2026-09-21,Puebla,Alzheimer,hombres,0
2026-09-21,Puebla,Alzheimer,mujeres,1
2026-09-28,Puebla,Alzheimer,general,1
2026-09-28,Puebla,Alzheimer,hombres,0
2026-09-28,Puebla,Alzheimer,mujeres,1
2026-10-05,Puebla,Alzheimer,general,1
2026-10-05,Puebla,Alzheimer,hombres,1
2026-10-05,Puebla,Alzheimer,mujeres,0
2026-10-12,Puebla,Alzheimer,general,1
2026-10-12,Puebla,Alzheimer,hombres,1
2026-10-12,Puebla,Alzheimer,mujeres,0
2026-10-19,Puebla,Alzheimer,general,0
2026-10-19,Puebla,Alzheimer,hombres,1
2026-10-19,Puebla,Alzheimer,mujeres,0
2026-10-26,Puebla,Alzheimer,general,0
2026-10-26,Puebla,Alzheimer,hombres,0
2026-10-26,Puebla,Alzheimer,mujeres,0
2026-11-02,Puebla,Alzheimer,general,1
2026-11-02,Puebla,Alzheimer,hombres,0
2026-11-02,Puebla,Alzheimer,mujeres,1
2026-11-09,Puebla,Alzheimer,general,1
2026-11-09,Puebla,Alzheimer,hombres,0
2026-11-09,Puebla,Alzheimer,mujeres,1
2026-11-16,Puebla,Alzheimer,general,1
2026-11-16,Puebla,Alzheimer,hombres,0
2026-11-16,Puebla,Alzheimer,mujeres,1
2026-11-23,Puebla,Alzheimer,general,2
2026-11-23,Puebla,Alzheimer,hombres,1
2026-11-23,Puebla,Alzheimer,mujeres,1
2026-11-30,Puebla,Alzheimer,general,3
2026-11-30,Puebla,Alzheimer,hombres,1
2026-11-30,Puebla,Alzheimer,mujeres,1
2026-12-07,Puebla,Alzheimer,general,2
2026-12-07,Puebla,Alzheimer,hombres,1
2026-12-07,Puebla,Alzheimer,mujeres,1
2026-12-14,Puebla,Alzheimer,general,1
2026-12-14,Puebla,Alzheimer,hombres,0
2026-12-14,Puebla,Alzheimer,mujeres,0
2026-12-21,Puebla,Alzheimer,general,1
2026-12-21,Puebla,Alzheimer,hombres,0
2026-12-21,Puebla,Alzheimer,mujeres,0
2026-12-28,Puebla,Alzheimer,general,1
2026-12-28,Puebla,Alzheimer,hombres,0
2026-12-28,Puebla,Alzheimer,mujeres,0
2027-01-04,Puebla,Alzheimer,general,0
2027-01-04,Puebla,Alzheimer,hombres,0
2027-01-04,Puebla,Alzheimer,mujeres,0
2027-01-11,Puebla,Alzheimer,general,1
2027-01-11,Puebla,Alzheimer,hombres,1
2027-01-11,Puebla,Alzheimer,mujeres,0
2027-01-18,Puebla,Alzheimer,general,2
2027-01-18,Puebla,Alzheimer,hombres,1
2027-01-18,Puebla,Alzheimer,mujeres,0
2027-01-25,Puebla,Alzheimer,general,2
2027-01-25,Puebla,Alzheimer,hombres,1
2027-01-25,Puebla,Alzheimer,mujeres,0
2026-02-02,Querétaro,Alzheimer,general,1
2026-02-02,Querétaro,Alzheimer,hombres,1
2026-02-02,Querétaro,Alzheimer,mujeres,1
2026-02-09,Querétaro,Alzheimer,general,1
2026-02-09,Querétaro,Alzheimer,hombres,1
2026-02-09,Querétaro,Alzheimer,mujeres,1
2026-02-16,Querétaro,Alzheimer,general,1
2026-02-16,Querétaro,Alzheimer,hombres,1
2026-02-16,Querétaro,Alzheimer,mujeres,1
2026-02-23,Querétaro,Alzheimer,general,1
2026-02-23,Querétaro,Alzheimer,hombres,1
2026-02-23,Querétaro,Alzheimer,mujeres,1
2026-03-02,Querétaro,Alzheimer,general,1
2026-03-02,Querétaro,Alzheimer,hombres,1
2026-03-02,Querétaro,Alzheimer,mujeres,1
2026-03-09,Querétaro,Alzheimer,general,1
2026-03-09,Querétaro,Alzheimer,hombres,1
2026-03-09,Querétaro,Alzheimer,mujeres,1
2026-03-16,Querétaro,Alzheimer,general,1
2026-03-16,Querétaro,Alzheimer,hombres,1
2026-03-16,Querétaro,Alzheimer,mujeres,1
2026-03-23,Querétaro,Alzheimer,general,1
2026-03-23,Querétaro,Alzheimer,hombres,1
2026-03-23,Querétaro,Alzheimer,mujeres,1
2026-03-30,Querétaro,Alzheimer,general,1
2026-03-30,Querétaro,Alzheimer,hombres,0
2026-03-30,Querétaro,Alzheimer,mujeres,1
2026-04-06,Querétaro,Alzheimer,general,1
2026-04-06,Querétaro,Alzheimer,hombres,0
2026-04-06,Querétaro,Alzheimer,mujeres,1
2026-04-13,Querétaro,Alzheimer,general,1
2026-04-13,Querétaro,Alzheimer,hombres,0
2026-04-13,Querétaro,Alzheimer,mujeres,1
2026-04-20,Querétaro,Alzheimer,general,1
2026-04-20,Querétaro,Alzheimer,hombres,0
2026-04-20,Querétaro,Alzheimer,mujeres,1
2026-04-27,Querétaro,Alzheimer,general,1
2026-04-27,Querétaro,Alzheimer,hombres,0
2026-04-27,Querétaro,Alzheimer,mujeres,1
2026-05-04,Querétaro,Alzheimer,general,1
2026-05-04,Querétaro,Alzheimer,hombres,0
2026-05-04,Querétaro,Alzheimer,mujeres,1
2026-05-11,Querétaro,Alzheimer,general,1
2026-05-11,Querétaro,Alzheimer,hombres,0
2026-05-11,Querétaro,Alzheimer,mujeres,1
2026-05-18,Querétaro,Alzheimer,general,1
2026-05-18,Querétaro,Alzheimer,hombres,0
2026-05-18,Querétaro,Alzheimer,mujeres,1
2026-05-25,Querétaro,Alzheimer,general,1
2026-05-25,Querétaro,Alzheimer,hombres,0
2026-05-25,Querétaro,Alzheimer,mujeres,1
2026-06-01,Querétaro,Alzheimer,general,1
2026-06-01,Querétaro,Alzheimer,hombres,0
2026-06-01,Querétaro,Alzheimer,mujeres,1
2026-06-08,Querétaro,Alzheimer,general,1
2026-06-08,Querétaro,Alzheimer,hombres,0
2026-06-08,Querétaro,Alzheimer,mujeres,1
2026-06-15,Querétaro,Alzheimer,general,1
2026-06-15,Querétaro,Alzheimer,hombres,0
2026-06-15,Querétaro,Alzheimer,mujeres,1
2026-06-22,Querétaro,Alzheimer,general,1
2026-06-22,Querétaro,Alzheimer,hombres,0
2026-06-22,Querétaro,Alzheimer,mujeres,1
2026-06-29,Querétaro,Alzheimer,general,1
2026-06-29,Querétaro,Alzheimer,hombres,0
2026-06-29,Querétaro,Alzheimer,mujeres,1
2026-07-06,Querétaro,Alzheimer,general,1
2026-07-06,Querétaro,Alzheimer,hombres,0
2026-07-06,Querétaro,Alzheimer,mujeres,1
2026-07-13,Querétaro,Alzheimer,general,1
2026-07-13,Querétaro,Alzheimer,hombres,1
2026-07-13,Querétaro,Alzheimer,mujeres,1
2026-07-20,Querétaro,Alzheimer,general,1
2026-07-20,Querétaro,Alzheimer,hombres,1
2026-07-20,Querétaro,Alzheimer,mujeres,1
2026-07-27,Querétaro,Alzheimer,general,1
2026-07-27,Querétaro,Alzheimer,hombres,1
2026-07-27,Querétaro,Alzheimer,mujeres,1
2026-08-03,Querétaro,Alzheimer,general,1
2026-08-03,Querétaro,Alzheimer,hombres,1
2026-08-03,Querétaro,Alzheimer,mujeres,1
2026-08-10,Querétaro,Alzheimer,general,1
2026-08-10,Querétaro,Alzheimer,hombres,1
2026-08-10,Querétaro,Alzheimer,mujeres,1
2026-08-17,Querétaro,Alzheimer,general,1
2026-08-17,Querétaro,Alzheimer,hombres,1
2026-08-17,Querétaro,Alzheimer,mujeres,1
2026-08-24,Querétaro,Alzheimer,general,1
2026-08-24,Querétaro,Alzheimer,hombres,1
2026-08-24,Querétaro,Alzheimer,mujeres,1
2026-08-31,Querétaro,Alzheimer,general,1
2026-08-31,Querétaro,Alzheimer,hombres,1
2026-08-31,Querétaro,Alzheimer,mujeres,1
2026-09-07,Querétaro,Alzheimer,general,1
2026-09-07,Querétaro,Alzheimer,hombres,0
2026-09-07,Querétaro,Alzheimer,mujeres,1
2026-09-14,Querétaro,Alzheimer,general,1
2026-09-14,Querétaro,Alzheimer,hombres,0
2026-09-14,Querétaro,Alzheimer,mujeres,1
2026-09-21,Querétaro,Alzheimer,general,1
2026-09-21,Querétaro,Alzheimer,hombres,0
2026-09-21,Querétaro,Alzheimer,mujeres,1
2026-09-28,Querétaro,Alzheimer,general,1
2026-09-28,Querétaro,Alzheimer,hombres,0
2026-09-28,Querétaro,Alzheimer,mujeres,1
2026-10-05,Querétaro,Alzheimer,general,1
2026-10-05,Querétaro,Alzheimer,hombres,0
2026-10-05,Querétaro,Alzheimer,mujeres,1
2026-10-12,Querétaro,Alzheimer,general,1
2026-10-12,Querétaro,Alzheimer,hombres,0
2026-10-12,Querétaro,Alzheimer,mujeres,1
2026-10-19,Querétaro,Alzheimer,general,1
2026-10-19,Querétaro,Alzheimer,hombres,0
2026-10-19,Querétaro,Alzheimer,mujeres,1
2026-10-26,Querétaro,Alzheimer,general,1
2026-10-26,Querétaro,Alzheimer,hombres,0
2026-10-26,Querétaro,Alzheimer,mujeres,1
2026-11-02,Querétaro,Alzheimer,general,1
2026-11-02,Querétaro,Alzheimer,hombres,0
2026-11-02,Querétaro,Alzheimer,mujeres,1
2026-11-09,Querétaro,Alzheimer,general,1
2026-11-09,Querétaro,Alzheimer,hombres,0
2026-11-09,Querétaro,Alzheimer,mujeres,1
2026-11-16,Querétaro,Alzheimer,general,1
2026-11-16,Querétaro,Alzheimer,hombres,0
2026-11-16,Querétaro,Alzheimer,mujeres,1
2026-11-23,Querétaro,Alzheimer,general,1
2026-11-23,Querétaro,Alzheimer,hombres,0
2026-11-23,Querétaro,Alzheimer,mujeres,1
2026-11-30,Querétaro,Alzheimer,general,1
2026-11-30,Querétaro,Alzheimer,hombres,0
2026-11-30,Querétaro,Alzheimer,mujeres,1
2026-12-07,Querétaro,Alzheimer,general,1
2026-12-07,Querétaro,Alzheimer,hombres,0
2026-12-07,Querétaro,Alzheimer,mujeres,1
2026-12-14,Querétaro,Alzheimer,general,1
2026-12-14,Querétaro,Alzheimer,hombres,0
2026-12-14,Querétaro,Alzheimer,mujeres,1
2026-12-21,Querétaro,Alzheimer,general,1
2026-12-21,Querétaro,Alzheimer,hombres,0
2026-12-21,Querétaro,Alzheimer,mujeres,1
2026-12-28,Querétaro,Alzheimer,general,1
2026-12-28,Querétaro,Alzheimer,hombres,0
2026-12-28,Querétaro,Alzheimer,mujeres,1
2027-01-04,Querétaro,Alzheimer,general,1
2027-01-04,Querétaro,Alzheimer,hombres,0
2027-01-04,Querétaro,Alzheimer,mujeres,1
2027-01-11,Querétaro,Alzheimer,general,1
2027-01-11,Querétaro,Alzheimer,hombres,0
2027-01-11,Querétaro,Alzheimer,mujeres,1
2027-01-18,Querétaro,Alzheimer,general,1
2027-01-18,Querétaro,Alzheimer,hombres,0
2027-01-18,Querétaro,Alzheimer,mujeres,1
2027-01-25,Querétaro,Alzheimer,general,1
2027-01-25,Querétaro,Alzheimer,hombres,1
2027-01-25,Querétaro,Alzheimer,mujeres,1
2026-02-02,Quintana Roo,Alzheimer,general,0
2026-02-02,Quintana Roo,Alzheimer,hombres,0
2026-02-02,Quintana Roo,Alzheimer,mujeres,0
2026-02-09,Quintana Roo,Alzheimer,general,0
2026-02-09,Quintana Roo,Alzheimer,hombres,0
2026-02-09,Quintana Roo,Alzheimer,mujeres,0
2026-02-16,Quintana Roo,Alzheimer,general,0
2026-02-16,Quintana Roo,Alzheimer,hombres,0
2026-02-16,Quintana Roo,Alzheimer,mujeres,0
2026-02-23,Quintana Roo,Alzheimer,general,0
2026-02-23,Quintana Roo,Alzheimer,hombres,0
2026-02-23,Quintana Roo,Alzheimer,mujeres,0
2026-03-02,Quintana Roo,Alzheimer,general,0
2026-03-02,Quintana Roo,Alzheimer,hombres,0
2026-03-02,Quintana Roo,Alzheimer,mujeres,0
2026-03-09,Quintana Roo,Alzheimer,general,1
2026-03-09,Quintana Roo,Alzheimer,hombres,0
2026-03-09,Quintana Roo,Alzheimer,mujeres,0
2026-03-16,Quintana Roo,Alzheimer,general,1
2026-03-16,Quintana Roo,Alzheimer,hombres,0
2026-03-16,Quintana Roo,Alzheimer,mujeres,0
2026-03-23,Quintana Roo,Alzheimer,general,1
2026-03-23,Quintana Roo,Alzheimer,hombres,0
2026-03-23,Quintana Roo,Alzheimer,mujeres,0
2026-03-30,Quintana Roo,Alzheimer,general,1
2026-03-30,Quintana Roo,Alzheimer,hombres,0
2026-03-30,Quintana Roo,Alzheimer,mujeres,0
2026-04-06,Quintana Roo,Alzheimer,general,1
2026-04-06,Quintana Roo,Alzheimer,hombres,0
2026-04-06,Quintana Roo,Alzheimer,mujeres,0
2026-04-13,Quintana Roo,Alzheimer,general,1
2026-04-13,Quintana Roo,Alzheimer,hombres,0
2026-04-13,Quintana Roo,Alzheimer,mujeres,0
2026-04-20,Quintana Roo,Alzheimer,general,1
2026-04-20,Quintana Roo,Alzheimer,hombres,0
2026-04-20,Quintana Roo,Alzheimer,mujeres,0
2026-04-27,Quintana Roo,Alzheimer,general,0
2026-04-27,Quintana Roo,Alzheimer,hombres,0
2026-04-27,Quintana Roo,Alzheimer,mujeres,0
2026-05-04,Quintana Roo,Alzheimer,general,0
2026-05-04,Quintana Roo,Alzheimer,hombres,0
2026-05-04,Quintana Roo,Alzheimer,mujeres,0
2026-05-11,Quintana Roo,Alzheimer,general,0
2026-05-11,Quintana Roo,Alzheimer,hombres,0
2026-05-11,Quintana Roo,Alzheimer,mujeres,0
2026-05-18,Quintana Roo,Alzheimer,general,1
2026-05-18,Quintana Roo,Alzheimer,hombres,0
2026-05-18,Quintana Roo,Alzheimer,mujeres,0
2026-05-25,Quintana Roo,Alzheimer,general,0
2026-05-25,Quintana Roo,Alzheimer,hombres,0
2026-05-25,Quintana Roo,Alzheimer,mujeres,0
2026-06-01,Quintana Roo,Alzheimer,general,0
2026-06-01,Quintana Roo,Alzheimer,hombres,0
2026-06-01,Quintana Roo,Alzheimer,mujeres,0
2026-06-08,Quintana Roo,Alzheimer,general,0
2026-06-08,Quintana Roo,Alzheimer,hombres,0
2026-06-08,Quintana Roo,Alzheimer,mujeres,0
2026-06-15,Quintana Roo,Alzheimer,general,0
2026-06-15,Quintana Roo,Alzheimer,hombres,0
2026-06-15,Quintana Roo,Alzheimer,mujeres,0
2026-06-22,Quintana Roo,Alzheimer,general,0
2026-06-22,Quintana Roo,Alzheimer,hombres,0
2026-06-22,Quintana Roo,Alzheimer,mujeres,0
2026-06-29,Quintana Roo,Alzheimer,general,0
2026-06-29,Quintana Roo,Alzheimer,hombres,0
2026-06-29,Quintana Roo,Alzheimer,mujeres,0
2026-07-06,Quintana Roo,Alzheimer,general,0
2026-07-06,Quintana Roo,Alzheimer,hombres,0
2026-07-06,Quintana Roo,Alzheimer,mujeres,0
2026-07-13,Quintana Roo,Alzheimer,general,1
2026-07-13,Quintana Roo,Alzheimer,hombres,0
2026-07-13,Quintana Roo,Alzheimer,mujeres,0
2026-07-20,Quintana Roo,Alzheimer,general,0
2026-07-20,Quintana Roo,Alzheimer,hombres,0
2026-07-20,Quintana Roo,Alzheimer,mujeres,0
2026-07-27,Quintana Roo,Alzheimer,general,0
2026-07-27,Quintana Roo,Alzheimer,hombres,0
2026-07-27,Quintana Roo,Alzheimer,mujeres,0
2026-08-03,Quintana Roo,Alzheimer,general,0
2026-08-03,Quintana Roo,Alzheimer,hombres,0
2026-08-03,Quintana Roo,Alzheimer,mujeres,0
2026-08-10,Quintana Roo,Alzheimer,general,0
2026-08-10,Quintana Roo,Alzheimer,hombres,0
2026-08-10,Quintana Roo,Alzheimer,mujeres,0
2026-08-17,Quintana Roo,Alzheimer,general,0
2026-08-17,Quintana Roo,Alzheimer,hombres,0
2026-08-17,Quintana Roo,Alzheimer,mujeres,0
2026-08-24,Quintana Roo,Alzheimer,general,0
2026-08-24,Quintana Roo,Alzheimer,hombres,0
2026-08-24,Quintana Roo,Alzheimer,mujeres,0
2026-08-31,Quintana Roo,Alzheimer,general,0
2026-08-31,Quintana Roo,Alzheimer,hombres,0
2026-08-31,Quintana Roo,Alzheimer,mujeres,0
2026-09-07,Quintana Roo,Alzheimer,general,0
2026-09-07,Quintana Roo,Alzheimer,hombres,0
2026-09-07,Quintana Roo,Alzheimer,mujeres,0
2026-09-14,Quintana Roo,Alzheimer,general,0
2026-09-14,Quintana Roo,Alzheimer,hombres,0
2026-09-14,Quintana Roo,Alzheimer,mujeres,0
2026-09-21,Quintana Roo,Alzheimer,general,1
2026-09-21,Quintana Roo,Alzheimer,hombres,0
2026-09-21,Quintana Roo,Alzheimer,mujeres,0
2026-09-28,Quintana Roo,Alzheimer,general,1
2026-09-28,Quintana Roo,Alzheimer,hombres,0
2026-09-28,Quintana Roo,Alzheimer,mujeres,0
2026-10-05,Quintana Roo,Alzheimer,general,1
2026-10-05,Quintana Roo,Alzheimer,hombres,0
2026-10-05,Quintana Roo,Alzheimer,mujeres,0
2026-10-12,Quintana Roo,Alzheimer,general,1
2026-10-12,Quintana Roo,Alzheimer,hombres,0
2026-10-12,Quintana Roo,Alzheimer,mujeres,0
2026-10-19,Quintana Roo,Alzheimer,general,0
2026-10-19,Quintana Roo,Alzheimer,hombres,0
2026-10-19,Quintana Roo,Alzheimer,mujeres,0
2026-10-26,Quintana Roo,Alzheimer,general,0
2026-10-26,Quintana Roo,Alzheimer,hombres,0
2026-10-26,Quintana Roo,Alzheimer,mujeres,0
2026-11-02,Quintana Roo,Alzheimer,general,0
2026-11-02,Quintana Roo,Alzheimer,hombres,0
2026-11-02,Quintana Roo,Alzheimer,mujeres,0
2026-11-09,Quintana Roo,Alzheimer,general,0
2026-11-09,Quintana Roo,Alzheimer,hombres,0
2026-11-09,Quintana Roo,Alzheimer,mujeres,0
2026-11-16,Quintana Roo,Alzheimer,general,1
2026-11-16,Quintana Roo,Alzheimer,hombres,0
2026-11-16,Quintana Roo,Alzheimer,mujeres,0
2026-11-23,Quintana Roo,Alzheimer,general,0
2026-11-23,Quintana Roo,Alzheimer,hombres,0
2026-11-23,Quintana Roo,Alzheimer,mujeres,0
2026-11-30,Quintana Roo,Alzheimer,general,0
2026-11-30,Quintana Roo,Alzheimer,hombres,0
2026-11-30,Quintana Roo,Alzheimer,mujeres,0
2026-12-07,Quintana Roo,Alzheimer,general,1
2026-12-07,Quintana Roo,Alzheimer,hombres,0
2026-12-07,Quintana Roo,Alzheimer,mujeres,0
2026-12-14,Quintana Roo,Alzheimer,general,0
2026-12-14,Quintana Roo,Alzheimer,hombres,0
2026-12-14,Quintana Roo,Alzheimer,mujeres,0
2026-12-21,Quintana Roo,Alzheimer,general,0
2026-12-21,Quintana Roo,Alzheimer,hombres,0
2026-12-21,Quintana Roo,Alzheimer,mujeres,0
2026-12-28,Quintana Roo,Alzheimer,general,0
2026-12-28,Quintana Roo,Alzheimer,hombres,0
2026-12-28,Quintana Roo,Alzheimer,mujeres,0
2027-01-04,Quintana Roo,Alzheimer,general,0
2027-01-04,Quintana Roo,Alzheimer,hombres,0
2027-01-04,Quintana Roo,Alzheimer,mujeres,0
2027-01-11,Quintana Roo,Alzheimer,general,0
2027-01-11,Quintana Roo,Alzheimer,hombres,0
2027-01-11,Quintana Roo,Alzheimer,mujeres,0
2027-01-18,Quintana Roo,Alzheimer,general,0
2027-01-18,Quintana Roo,Alzheimer,hombres,0
2027-01-18,Quintana Roo,Alzheimer,mujeres,0
2027-01-25,Quintana Roo,Alzheimer,general,0
2027-01-25,Quintana Roo,Alzheimer,hombres,0
2027-01-25,Quintana Roo,Alzheimer,mujeres,0
2026-02-02,Region Metropolitana alta,Alzheimer,general,9
2026-02-02,Region Metropolitana alta,Alzheimer,hombres,4
2026-02-02,Region Metropolitana alta,Alzheimer,mujeres,5
2026-02-09,Region Metropolitana alta,Alzheimer,general,9
2026-02-09,Region Metropolitana alta,Alzheimer,hombres,5
2026-02-09,Region Metropolitana alta,Alzheimer,mujeres,5
2026-02-16,Region Metropolitana alta,Alzheimer,general,9
2026-02-16,Region Metropolitana alta,Alzheimer,hombres,5
2026-02-16,Region Metropolitana alta,Alzheimer,mujeres,6
2026-02-23,Region Metropolitana alta,Alzheimer,general,8
2026-02-23,Region Metropolitana alta,Alzheimer,hombres,4
2026-02-23,Region Metropolitana alta,Alzheimer,mujeres,6
2026-03-02,Region Metropolitana alta,Alzheimer,general,8
2026-03-02,Region Metropolitana alta,Alzheimer,hombres,4
2026-03-02,Region Metropolitana alta,Alzheimer,mujeres,6
2026-03-09,Region Metropolitana alta,Alzheimer,general,9
2026-03-09,Region Metropolitana alta,Alzheimer,hombres,4
2026-03-09,Region Metropolitana alta,Alzheimer,mujeres,6
2026-03-16,Region Metropolitana alta,Alzheimer,general,9
2026-03-16,Region Metropolitana alta,Alzheimer,hombres,4
2026-03-16,Region Metropolitana alta,Alzheimer,mujeres,6
2026-03-23,Region Metropolitana alta,Alzheimer,general,9
2026-03-23,Region Metropolitana alta,Alzheimer,hombres,4
2026-03-23,Region Metropolitana alta,Alzheimer,mujeres,6
2026-03-30,Region Metropolitana alta,Alzheimer,general,9
2026-03-30,Region Metropolitana alta,Alzheimer,hombres,4
2026-03-30,Region Metropolitana alta,Alzheimer,mujeres,7
2026-04-06,Region Metropolitana alta,Alzheimer,general,9
2026-04-06,Region Metropolitana alta,Alzheimer,hombres,4
2026-04-06,Region Metropolitana alta,Alzheimer,mujeres,7
2026-04-13,Region Metropolitana alta,Alzheimer,general,10
2026-04-13,Region Metropolitana alta,Alzheimer,hombres,4
2026-04-13,Region Metropolitana alta,Alzheimer,mujeres,7
2026-04-20,Region Metropolitana alta,Alzheimer,general,10
2026-04-20,Region Metropolitana alta,Alzheimer,hombres,4
2026-04-20,Region Metropolitana alta,Alzheimer,mujeres,7
2026-04-27,Region Metropolitana alta,Alzheimer,general,10
2026-04-27,Region Metropolitana alta,Alzheimer,hombres,4
2026-04-27,Region Metropolitana alta,Alzheimer,mujeres,6
2026-05-04,Region Metropolitana alta,Alzheimer,general,10
2026-05-04,Region Metropolitana alta,Alzheimer,hombres,4
2026-05-04,Region Metropolitana alta,Alzheimer,mujeres,6
2026-05-11,Region Metropolitana alta,Alzheimer,general,10
2026-05-11,Region Metropolitana alta,Alzheimer,hombres,4
2026-05-11,Region Metropolitana alta,Alzheimer,mujeres,7
2026-05-18,Region Metropolitana alta,Alzheimer,general,10
2026-05-18,Region Metropolitana alta,Alzheimer,hombres,4
2026-05-18,Region Metropolitana alta,Alzheimer,mujeres,7
2026-05-25,Region Metropolitana alta,Alzheimer,general,10
2026-05-25,Region Metropolitana alta,Alzheimer,hombres,4
2026-05-25,Region Metropolitana alta,Alzheimer,mujeres,6
2026-06-01,Region Metropolitana alta,Alzheimer,general,10
2026-06-01,Region Metropolitana alta,Alzheimer,hombres,4
2026-06-01,Region Metropolitana alta,Alzheimer,mujeres,8
2026-06-08,Region Metropolitana alta,Alzheimer,general,11
2026-06-08,Region Metropolitana alta,Alzheimer,hombres,4
2026-06-08,Region Metropolitana alta,Alzheimer,mujeres,7
2026-06-15,Region Metropolitana alta,Alzheimer,general,11
2026-06-15,Region Metropolitana alta,Alzheimer,hombres,4
2026-06-15,Region Metropolitana alta,Alzheimer,mujeres,5
2026-06-22,Region Metropolitana alta,Alzheimer,general,11
2026-06-22,Region Metropolitana alta,Alzheimer,hombres,4
2026-06-22,Region Metropolitana alta,Alzheimer,mujeres,6
2026-06-29,Region Metropolitana alta,Alzheimer,general,9
2026-06-29,Region Metropolitana alta,Alzheimer,hombres,4
2026-06-29,Region Metropolitana alta,Alzheimer,mujeres,6
2026-07-06,Region Metropolitana alta,Alzheimer,general,9
2026-07-06,Region Metropolitana alta,Alzheimer,hombres,5
2026-07-06,Region Metropolitana alta,Alzheimer,mujeres,7
2026-07-13,Region Metropolitana alta,Alzheimer,general,11
2026-07-13,Region Metropolitana alta,Alzheimer,hombres,4
2026-07-13,Region Metropolitana alta,Alzheimer,mujeres,6
2026-07-20,Region Metropolitana alta,Alzheimer,general,11
2026-07-20,Region Metropolitana alta,Alzheimer,hombres,4
2026-07-20,Region Metropolitana alta,Alzheimer,mujeres,5
2026-07-27,Region Metropolitana alta,Alzheimer,general,9
2026-07-27,Region Metropolitana alta,Alzheimer,hombres,4
2026-07-27,Region Metropolitana alta,Alzheimer,mujeres,6
2026-08-03,Region Metropolitana alta,Alzheimer,general,9
2026-08-03,Region Metropolitana alta,Alzheimer,hombres,4
2026-08-03,Region Metropolitana alta,Alzheimer,mujeres,6
2026-08-10,Region Metropolitana alta,Alzheimer,general,12
2026-08-10,Region Metropolitana alta,Alzheimer,hombres,5
2026-08-10,Region Metropolitana alta,Alzheimer,mujeres,6
2026-08-17,Region Metropolitana alta,Alzheimer,general,10
2026-08-17,Region Metropolitana alta,Alzheimer,hombres,4
2026-08-17,Region Metropolitana alta,Alzheimer,mujeres,7
2026-08-24,Region Metropolitana alta,Alzheimer,general,9
2026-08-24,Region Metropolitana alta,Alzheimer,hombres,4
2026-08-24,Region Metropolitana alta,Alzheimer,mujeres,6
2026-08-31,Region Metropolitana alta,Alzheimer,general,9
2026-08-31,Region Metropolitana alta,Alzheimer,hombres,3
2026-08-31,Region Metropolitana alta,Alzheimer,mujeres,7
2026-09-07,Region Metropolitana alta,Alzheimer,general,12
2026-09-07,Region Metropolitana alta,Alzheimer,hombres,4
2026-09-07,Region Metropolitana alta,Alzheimer,mujeres,7
2026-09-14,Region Metropolitana alta,Alzheimer,general,11
2026-09-14,Region Metropolitana alta,Alzheimer,hombres,5
2026-09-14,Region Metropolitana alta,Alzheimer,mujeres,7
2026-09-21,Region Metropolitana alta,Alzheimer,general,11
2026-09-21,Region Metropolitana alta,Alzheimer,hombres,5
2026-09-21,Region Metropolitana alta,Alzheimer,mujeres,7
2026-09-28,Region Metropolitana alta,Alzheimer,general,11
2026-09-28,Region Metropolitana alta,Alzheimer,hombres,4
2026-09-28,Region Metropolitana alta,Alzheimer,mujeres,7
2026-10-05,Region Metropolitana alta,Alzheimer,general,12
2026-10-05,Region Metropolitana alta,Alzheimer,hombres,5
2026-10-05,Region Metropolitana alta,Alzheimer,mujeres,6
2026-10-12,Region Metropolitana alta,Alzheimer,general,12
2026-10-12,Region Metropolitana alta,Alzheimer,hombres,5
2026-10-12,Region Metropolitana alta,Alzheimer,mujeres,7
2026-10-19,Region Metropolitana alta,Alzheimer,general,12
2026-10-19,Region Metropolitana alta,Alzheimer,hombres,4
2026-10-19,Region Metropolitana alta,Alzheimer,mujeres,6
2026-10-26,Region Metropolitana alta,Alzheimer,general,11
2026-10-26,Region Metropolitana alta,Alzheimer,hombres,4
2026-10-26,Region Metropolitana alta,Alzheimer,mujeres,5
2026-11-02,Region Metropolitana alta,Alzheimer,general,11
2026-11-02,Region Metropolitana alta,Alzheimer,hombres,4
2026-11-02,Region Metropolitana alta,Alzheimer,mujeres,5
2026-11-09,Region Metropolitana alta,Alzheimer,general,12
2026-11-09,Region Metropolitana alta,Alzheimer,hombres,4
2026-11-09,Region Metropolitana alta,Alzheimer,mujeres,5
2026-11-16,Region Metropolitana alta,Alzheimer,general,12
2026-11-16,Region Metropolitana alta,Alzheimer,hombres,4
2026-11-16,Region Metropolitana alta,Alzheimer,mujeres,6
2026-11-23,Region Metropolitana alta,Alzheimer,general,11
2026-11-23,Region Metropolitana alta,Alzheimer,hombres,3
2026-11-23,Region Metropolitana alta,Alzheimer,mujeres,5
2026-11-30,Region Metropolitana alta,Alzheimer,general,10
2026-11-30,Region Metropolitana alta,Alzheimer,hombres,3
2026-11-30,Region Metropolitana alta,Alzheimer,mujeres,5
2026-12-07,Region Metropolitana alta,Alzheimer,general,10
2026-12-07,Region Metropolitana alta,Alzheimer,hombres,4
2026-12-07,Region Metropolitana alta,Alzheimer,mujeres,5
2026-12-14,Region Metropolitana alta,Alzheimer,general,10
2026-12-14,Region Metropolitana alta,Alzheimer,hombres,4
2026-12-14,Region Metropolitana alta,Alzheimer,mujeres,5
2026-12-21,Region Metropolitana alta,Alzheimer,general,10
2026-12-21,Region Metropolitana alta,Alzheimer,hombres,4
2026-12-21,Region Metropolitana alta,Alzheimer,mujeres,5
2026-12-28,Region Metropolitana alta,Alzheimer,general,8
2026-12-28,Region Metropolitana alta,Alzheimer,hombres,3
2026-12-28,Region Metropolitana alta,Alzheimer,mujeres,5
2027-01-04,Region Metropolitana alta,Alzheimer,general,10
2027-01-04,Region Metropolitana alta,Alzheimer,hombres,4
2027-01-04,Region Metropolitana alta,Alzheimer,mujeres,5
2027-01-11,Region Metropolitana alta,Alzheimer,general,9
2027-01-11,Region Metropolitana alta,Alzheimer,hombres,4
2027-01-11,Region Metropolitana alta,Alzheimer,mujeres,5
2027-01-18,Region Metropolitana alta,Alzheimer,general,8
2027-01-18,Region Metropolitana alta,Alzheimer,hombres,4
2027-01-18,Region Metropolitana alta,Alzheimer,mujeres,5
2027-01-25,Region Metropolitana alta,Alzheimer,general,8
2027-01-25,Region Metropolitana alta,Alzheimer,hombres,4
2027-01-25,Region Metropolitana alta,Alzheimer,mujeres,0
2026-02-02,Region Rural / dispersa,Alzheimer,general,6
2026-02-02,Region Rural / dispersa,Alzheimer,hombres,3
2026-02-02,Region Rural / dispersa,Alzheimer,mujeres,5
2026-02-09,Region Rural / dispersa,Alzheimer,general,7
2026-02-09,Region Rural / dispersa,Alzheimer,hombres,2
2026-02-09,Region Rural / dispersa,Alzheimer,mujeres,5
2026-02-16,Region Rural / dispersa,Alzheimer,general,9
2026-02-16,Region Rural / dispersa,Alzheimer,hombres,3
2026-02-16,Region Rural / dispersa,Alzheimer,mujeres,9
2026-02-23,Region Rural / dispersa,Alzheimer,general,11
2026-02-23,Region Rural / dispersa,Alzheimer,hombres,3
2026-02-23,Region Rural / dispersa,Alzheimer,mujeres,6
2026-03-02,Region Rural / dispersa,Alzheimer,general,10
2026-03-02,Region Rural / dispersa,Alzheimer,hombres,2
2026-03-02,Region Rural / dispersa,Alzheimer,mujeres,6
2026-03-09,Region Rural / dispersa,Alzheimer,general,4
2026-03-09,Region Rural / dispersa,Alzheimer,hombres,2
2026-03-09,Region Rural / dispersa,Alzheimer,mujeres,3
2026-03-16,Region Rural / dispersa,Alzheimer,general,10
2026-03-16,Region Rural / dispersa,Alzheimer,hombres,2
2026-03-16,Region Rural / dispersa,Alzheimer,mujeres,5
2026-03-23,Region Rural / dispersa,Alzheimer,general,4
2026-03-23,Region Rural / dispersa,Alzheimer,hombres,4
2026-03-23,Region Rural / dispersa,Alzheimer,mujeres,8
2026-03-30,Region Rural / dispersa,Alzheimer,general,5
2026-03-30,Region Rural / dispersa,Alzheimer,hombres,3
2026-03-30,Region Rural / dispersa,Alzheimer,mujeres,3
2026-04-06,Region Rural / dispersa,Alzheimer,general,8
2026-04-06,Region Rural / dispersa,Alzheimer,hombres,0
2026-04-06,Region Rural / dispersa,Alzheimer,mujeres,6
2026-04-13,Region Rural / dispersa,Alzheimer,general,5
2026-04-13,Region Rural / dispersa,Alzheimer,hombres,3
2026-04-13,Region Rural / dispersa,Alzheimer,mujeres,4
2026-04-20,Region Rural / dispersa,Alzheimer,general,5
2026-04-20,Region Rural / dispersa,Alzheimer,hombres,1
2026-04-20,Region Rural / dispersa,Alzheimer,mujeres,6
2026-04-27,Region Rural / dispersa,Alzheimer,general,5
2026-04-27,Region Rural / dispersa,Alzheimer,hombres,0
2026-04-27,Region Rural / dispersa,Alzheimer,mujeres,5
2026-05-04,Region Rural / dispersa,Alzheimer,general,6
2026-05-04,Region Rural / dispersa,Alzheimer,hombres,3
2026-05-04,Region Rural / dispersa,Alzheimer,mujeres,5
2026-05-11,Region Rural / dispersa,Alzheimer,general,3
2026-05-11,Region Rural / dispersa,Alzheimer,hombres,1
2026-05-11,Region Rural / dispersa,Alzheimer,mujeres,6
2026-05-18,Region Rural / dispersa,Alzheimer,general,4
2026-05-18,Region Rural / dispersa,Alzheimer,hombres,1
2026-05-18,Region Rural / dispersa,Alzheimer,mujeres,7
2026-05-25,Region Rural / dispersa,Alzheimer,general,4
2026-05-25,Region Rural / dispersa,Alzheimer,hombres,2
2026-05-25,Region Rural / dispersa,Alzheimer,mujeres,6
2026-06-01,Region Rural / dispersa,Alzheimer,general,7
2026-06-01,Region Rural / dispersa,Alzheimer,hombres,2
2026-06-01,Region Rural / dispersa,Alzheimer,mujeres,6
2026-06-08,Region Rural / dispersa,Alzheimer,general,7
2026-06-08,Region Rural / dispersa,Alzheimer,hombres,3
2026-06-08,Region Rural / dispersa,Alzheimer,mujeres,4
2026-06-15,Region Rural / dispersa,Alzheimer,general,8
2026-06-15,Region Rural / dispersa,Alzheimer,hombres,3
2026-06-15,Region Rural / dispersa,Alzheimer,mujeres,9
2026-06-22,Region Rural / dispersa,Alzheimer,general,9
2026-06-22,Region Rural / dispersa,Alzheimer,hombres,3
2026-06-22,Region Rural / dispersa,Alzheimer,mujeres,3
2026-06-29,Region Rural / dispersa,Alzheimer,general,8
2026-06-29,Region Rural / dispersa,Alzheimer,hombres,3
2026-06-29,Region Rural / dispersa,Alzheimer,mujeres,6
2026-07-06,Region Rural / dispersa,Alzheimer,general,7
2026-07-06,Region Rural / dispersa,Alzheimer,hombres,3
2026-07-06,Region Rural / dispersa,Alzheimer,mujeres,4
2026-07-13,Region Rural / dispersa,Alzheimer,general,7
2026-07-13,Region Rural / dispersa,Alzheimer,hombres,3
2026-07-13,Region Rural / dispersa,Alzheimer,mujeres,5
2026-07-20,Region Rural / dispersa,Alzheimer,general,9
2026-07-20,Region Rural / dispersa,Alzheimer,hombres,3
2026-07-20,Region Rural / dispersa,Alzheimer,mujeres,8
2026-07-27,Region Rural / dispersa,Alzheimer,general,7
2026-07-27,Region Rural / dispersa,Alzheimer,hombres,4
2026-07-27,Region Rural / dispersa,Alzheimer,mujeres,6
2026-08-03,Region Rural / dispersa,Alzheimer,general,7
2026-08-03,Region Rural / dispersa,Alzheimer,hombres,1
2026-08-03,Region Rural / dispersa,Alzheimer,mujeres,3
2026-08-10,Region Rural / dispersa,Alzheimer,general,5
2026-08-10,Region Rural / dispersa,Alzheimer,hombres,2
2026-08-10,Region Rural / dispersa,Alzheimer,mujeres,4
2026-08-17,Region Rural / dispersa,Alzheimer,general,8
2026-08-17,Region Rural / dispersa,Alzheimer,hombres,2
2026-08-17,Region Rural / dispersa,Alzheimer,mujeres,8
2026-08-24,Region Rural / dispersa,Alzheimer,general,5
2026-08-24,Region Rural / dispersa,Alzheimer,hombres,2
2026-08-24,Region Rural / dispersa,Alzheimer,mujeres,4
2026-08-31,Region Rural / dispersa,Alzheimer,general,6
2026-08-31,Region Rural / dispersa,Alzheimer,hombres,1
2026-08-31,Region Rural / dispersa,Alzheimer,mujeres,5
2026-09-07,Region Rural / dispersa,Alzheimer,general,7
2026-09-07,Region Rural / dispersa,Alzheimer,hombres,1
2026-09-07,Region Rural / dispersa,Alzheimer,mujeres,3
2026-09-14,Region Rural / dispersa,Alzheimer,general,5
2026-09-14,Region Rural / dispersa,Alzheimer,hombres,1
2026-09-14,Region Rural / dispersa,Alzheimer,mujeres,5
2026-09-21,Region Rural / dispersa,Alzheimer,general,11
2026-09-21,Region Rural / dispersa,Alzheimer,hombres,2
2026-09-21,Region Rural / dispersa,Alzheimer,mujeres,5
2026-09-28,Region Rural / dispersa,Alzheimer,general,6
2026-09-28,Region Rural / dispersa,Alzheimer,hombres,3
2026-09-28,Region Rural / dispersa,Alzheimer,mujeres,4
2026-10-05,Region Rural / dispersa,Alzheimer,general,6
2026-10-05,Region Rural / dispersa,Alzheimer,hombres,4
2026-10-05,Region Rural / dispersa,Alzheimer,mujeres,3
2026-10-12,Region Rural / dispersa,Alzheimer,general,7
2026-10-12,Region Rural / dispersa,Alzheimer,hombres,2
2026-10-12,Region Rural / dispersa,Alzheimer,mujeres,4
2026-10-19,Region Rural / dispersa,Alzheimer,general,10
2026-10-19,Region Rural / dispersa,Alzheimer,hombres,4
2026-10-19,Region Rural / dispersa,Alzheimer,mujeres,4
2026-10-26,Region Rural / dispersa,Alzheimer,general,6
2026-10-26,Region Rural / dispersa,Alzheimer,hombres,3
2026-10-26,Region Rural / dispersa,Alzheimer,mujeres,5
2026-11-02,Region Rural / dispersa,Alzheimer,general,9
2026-11-02,Region Rural / dispersa,Alzheimer,hombres,3
2026-11-02,Region Rural / dispersa,Alzheimer,mujeres,4
2026-11-09,Region Rural / dispersa,Alzheimer,general,7
2026-11-09,Region Rural / dispersa,Alzheimer,hombres,4
2026-11-09,Region Rural / dispersa,Alzheimer,mujeres,4
2026-11-16,Region Rural / dispersa,Alzheimer,general,9
2026-11-16,Region Rural / dispersa,Alzheimer,hombres,2
2026-11-16,Region Rural / dispersa,Alzheimer,mujeres,4
2026-11-23,Region Rural / dispersa,Alzheimer,general,6
2026-11-23,Region Rural / dispersa,Alzheimer,hombres,1
2026-11-23,Region Rural / dispersa,Alzheimer,mujeres,4
2026-11-30,Region Rural / dispersa,Alzheimer,general,6
2026-11-30,Region Rural / dispersa,Alzheimer,hombres,1
2026-11-30,Region Rural / dispersa,Alzheimer,mujeres,4
2026-12-07,Region Rural / dispersa,Alzheimer,general,6
2026-12-07,Region Rural / dispersa,Alzheimer,hombres,1
2026-12-07,Region Rural / dispersa,Alzheimer,mujeres,3
2026-12-14,Region Rural / dispersa,Alzheimer,general,6
2026-12-14,Region Rural / dispersa,Alzheimer,hombres,2
2026-12-14,Region Rural / dispersa,Alzheimer,mujeres,4
2026-12-21,Region Rural / dispersa,Alzheimer,general,8
2026-12-21,Region Rural / dispersa,Alzheimer,hombres,2
2026-12-21,Region Rural / dispersa,Alzheimer,mujeres,5
2026-12-28,Region Rural / dispersa,Alzheimer,general,4
2026-12-28,Region Rural / dispersa,Alzheimer,hombres,2
2026-12-28,Region Rural / dispersa,Alzheimer,mujeres,6
2027-01-04,Region Rural / dispersa,Alzheimer,general,5
2027-01-04,Region Rural / dispersa,Alzheimer,hombres,2
2027-01-04,Region Rural / dispersa,Alzheimer,mujeres,7
2027-01-11,Region Rural / dispersa,Alzheimer,general,8
2027-01-11,Region Rural / dispersa,Alzheimer,hombres,2
2027-01-11,Region Rural / dispersa,Alzheimer,mujeres,6
2027-01-18,Region Rural / dispersa,Alzheimer,general,9
2027-01-18,Region Rural / dispersa,Alzheimer,hombres,4
2027-01-18,Region Rural / dispersa,Alzheimer,mujeres,7
2027-01-25,Region Rural / dispersa,Alzheimer,general,9
2027-01-25,Region Rural / dispersa,Alzheimer,hombres,3
2027-01-25,Region Rural / dispersa,Alzheimer,mujeres,5
2026-02-02,Region Sur-Sureste vulnerable,Alzheimer,general,6
2026-02-02,Region Sur-Sureste vulnerable,Alzheimer,hombres,4
2026-02-02,Region Sur-Sureste vulnerable,Alzheimer,mujeres,3
2026-02-09,Region Sur-Sureste vulnerable,Alzheimer,general,7
2026-02-09,Region Sur-Sureste vulnerable,Alzheimer,hombres,2
2026-02-09,Region Sur-Sureste vulnerable,Alzheimer,mujeres,3
2026-02-16,Region Sur-Sureste vulnerable,Alzheimer,general,7
2026-02-16,Region Sur-Sureste vulnerable,Alzheimer,hombres,4
2026-02-16,Region Sur-Sureste vulnerable,Alzheimer,mujeres,3
2026-02-23,Region Sur-Sureste vulnerable,Alzheimer,general,5
2026-02-23,Region Sur-Sureste vulnerable,Alzheimer,hombres,3
2026-02-23,Region Sur-Sureste vulnerable,Alzheimer,mujeres,3
2026-03-02,Region Sur-Sureste vulnerable,Alzheimer,general,3
2026-03-02,Region Sur-Sureste vulnerable,Alzheimer,hombres,2
2026-03-02,Region Sur-Sureste vulnerable,Alzheimer,mujeres,1
2026-03-09,Region Sur-Sureste vulnerable,Alzheimer,general,4
2026-03-09,Region Sur-Sureste vulnerable,Alzheimer,hombres,2
2026-03-09,Region Sur-Sureste vulnerable,Alzheimer,mujeres,5
2026-03-16,Region Sur-Sureste vulnerable,Alzheimer,general,5
2026-03-16,Region Sur-Sureste vulnerable,Alzheimer,hombres,1
2026-03-16,Region Sur-Sureste vulnerable,Alzheimer,mujeres,1
2026-03-23,Region Sur-Sureste vulnerable,Alzheimer,general,4
2026-03-23,Region Sur-Sureste vulnerable,Alzheimer,hombres,1
2026-03-23,Region Sur-Sureste vulnerable,Alzheimer,mujeres,4
2026-03-30,Region Sur-Sureste vulnerable,Alzheimer,general,4
2026-03-30,Region Sur-Sureste vulnerable,Alzheimer,hombres,1
2026-03-30,Region Sur-Sureste vulnerable,Alzheimer,mujeres,1
2026-04-06,Region Sur-Sureste vulnerable,Alzheimer,general,3
2026-04-06,Region Sur-Sureste vulnerable,Alzheimer,hombres,1
2026-04-06,Region Sur-Sureste vulnerable,Alzheimer,mujeres,3
2026-04-13,Region Sur-Sureste vulnerable,Alzheimer,general,5
2026-04-13,Region Sur-Sureste vulnerable,Alzheimer,hombres,1
2026-04-13,Region Sur-Sureste vulnerable,Alzheimer,mujeres,1
2026-04-20,Region Sur-Sureste vulnerable,Alzheimer,general,4
2026-04-20,Region Sur-Sureste vulnerable,Alzheimer,hombres,1
2026-04-20,Region Sur-Sureste vulnerable,Alzheimer,mujeres,2
2026-04-27,Region Sur-Sureste vulnerable,Alzheimer,general,3
2026-04-27,Region Sur-Sureste vulnerable,Alzheimer,hombres,1
2026-04-27,Region Sur-Sureste vulnerable,Alzheimer,mujeres,2
2026-05-04,Region Sur-Sureste vulnerable,Alzheimer,general,4
2026-05-04,Region Sur-Sureste vulnerable,Alzheimer,hombres,1
2026-05-04,Region Sur-Sureste vulnerable,Alzheimer,mujeres,2
2026-05-11,Region Sur-Sureste vulnerable,Alzheimer,general,7
2026-05-11,Region Sur-Sureste vulnerable,Alzheimer,hombres,2
2026-05-11,Region Sur-Sureste vulnerable,Alzheimer,mujeres,3
2026-05-18,Region Sur-Sureste vulnerable,Alzheimer,general,3
2026-05-18,Region Sur-Sureste vulnerable,Alzheimer,hombres,1
2026-05-18,Region Sur-Sureste vulnerable,Alzheimer,mujeres,1
2026-05-25,Region Sur-Sureste vulnerable,Alzheimer,general,4
2026-05-25,Region Sur-Sureste vulnerable,Alzheimer,hombres,1
2026-05-25,Region Sur-Sureste vulnerable,Alzheimer,mujeres,4
2026-06-01,Region Sur-Sureste vulnerable,Alzheimer,general,4
2026-06-01,Region Sur-Sureste vulnerable,Alzheimer,hombres,1
2026-06-01,Region Sur-Sureste vulnerable,Alzheimer,mujeres,1
2026-06-08,Region Sur-Sureste vulnerable,Alzheimer,general,6
2026-06-08,Region Sur-Sureste vulnerable,Alzheimer,hombres,1
2026-06-08,Region Sur-Sureste vulnerable,Alzheimer,mujeres,3
2026-06-15,Region Sur-Sureste vulnerable,Alzheimer,general,6
2026-06-15,Region Sur-Sureste vulnerable,Alzheimer,hombres,1
2026-06-15,Region Sur-Sureste vulnerable,Alzheimer,mujeres,2
2026-06-22,Region Sur-Sureste vulnerable,Alzheimer,general,6
2026-06-22,Region Sur-Sureste vulnerable,Alzheimer,hombres,1
2026-06-22,Region Sur-Sureste vulnerable,Alzheimer,mujeres,3
2026-06-29,Region Sur-Sureste vulnerable,Alzheimer,general,6
2026-06-29,Region Sur-Sureste vulnerable,Alzheimer,hombres,2
2026-06-29,Region Sur-Sureste vulnerable,Alzheimer,mujeres,1
2026-07-06,Region Sur-Sureste vulnerable,Alzheimer,general,3
2026-07-06,Region Sur-Sureste vulnerable,Alzheimer,hombres,2
2026-07-06,Region Sur-Sureste vulnerable,Alzheimer,mujeres,2
2026-07-13,Region Sur-Sureste vulnerable,Alzheimer,general,3
2026-07-13,Region Sur-Sureste vulnerable,Alzheimer,hombres,2
2026-07-13,Region Sur-Sureste vulnerable,Alzheimer,mujeres,1
2026-07-20,Region Sur-Sureste vulnerable,Alzheimer,general,3
2026-07-20,Region Sur-Sureste vulnerable,Alzheimer,hombres,1
2026-07-20,Region Sur-Sureste vulnerable,Alzheimer,mujeres,2
2026-07-27,Region Sur-Sureste vulnerable,Alzheimer,general,3
2026-07-27,Region Sur-Sureste vulnerable,Alzheimer,hombres,1
2026-07-27,Region Sur-Sureste vulnerable,Alzheimer,mujeres,3
2026-08-03,Region Sur-Sureste vulnerable,Alzheimer,general,3
2026-08-03,Region Sur-Sureste vulnerable,Alzheimer,hombres,2
2026-08-03,Region Sur-Sureste vulnerable,Alzheimer,mujeres,4
2026-08-10,Region Sur-Sureste vulnerable,Alzheimer,general,4
2026-08-10,Region Sur-Sureste vulnerable,Alzheimer,hombres,2
2026-08-10,Region Sur-Sureste vulnerable,Alzheimer,mujeres,2
2026-08-17,Region Sur-Sureste vulnerable,Alzheimer,general,5
2026-08-17,Region Sur-Sureste vulnerable,Alzheimer,hombres,3
2026-08-17,Region Sur-Sureste vulnerable,Alzheimer,mujeres,5
2026-08-24,Region Sur-Sureste vulnerable,Alzheimer,general,3
2026-08-24,Region Sur-Sureste vulnerable,Alzheimer,hombres,2
2026-08-24,Region Sur-Sureste vulnerable,Alzheimer,mujeres,2
2026-08-31,Region Sur-Sureste vulnerable,Alzheimer,general,3
2026-08-31,Region Sur-Sureste vulnerable,Alzheimer,hombres,2
2026-08-31,Region Sur-Sureste vulnerable,Alzheimer,mujeres,4
2026-09-07,Region Sur-Sureste vulnerable,Alzheimer,general,2
2026-09-07,Region Sur-Sureste vulnerable,Alzheimer,hombres,1
2026-09-07,Region Sur-Sureste vulnerable,Alzheimer,mujeres,5
2026-09-14,Region Sur-Sureste vulnerable,Alzheimer,general,3
2026-09-14,Region Sur-Sureste vulnerable,Alzheimer,hombres,1
2026-09-14,Region Sur-Sureste vulnerable,Alzheimer,mujeres,3
2026-09-21,Region Sur-Sureste vulnerable,Alzheimer,general,5
2026-09-21,Region Sur-Sureste vulnerable,Alzheimer,hombres,2
2026-09-21,Region Sur-Sureste vulnerable,Alzheimer,mujeres,5
2026-09-28,Region Sur-Sureste vulnerable,Alzheimer,general,6
2026-09-28,Region Sur-Sureste vulnerable,Alzheimer,hombres,2
2026-09-28,Region Sur-Sureste vulnerable,Alzheimer,mujeres,5
2026-10-05,Region Sur-Sureste vulnerable,Alzheimer,general,4
2026-10-05,Region Sur-Sureste vulnerable,Alzheimer,hombres,1
2026-10-05,Region Sur-Sureste vulnerable,Alzheimer,mujeres,4
2026-10-12,Region Sur-Sureste vulnerable,Alzheimer,general,4
2026-10-12,Region Sur-Sureste vulnerable,Alzheimer,hombres,1
2026-10-12,Region Sur-Sureste vulnerable,Alzheimer,mujeres,2
2026-10-19,Region Sur-Sureste vulnerable,Alzheimer,general,4
2026-10-19,Region Sur-Sureste vulnerable,Alzheimer,hombres,1
2026-10-19,Region Sur-Sureste vulnerable,Alzheimer,mujeres,2
2026-10-26,Region Sur-Sureste vulnerable,Alzheimer,general,3
2026-10-26,Region Sur-Sureste vulnerable,Alzheimer,hombres,1
2026-10-26,Region Sur-Sureste vulnerable,Alzheimer,mujeres,2
2026-11-02,Region Sur-Sureste vulnerable,Alzheimer,general,3
2026-11-02,Region Sur-Sureste vulnerable,Alzheimer,hombres,1
2026-11-02,Region Sur-Sureste vulnerable,Alzheimer,mujeres,2
2026-11-09,Region Sur-Sureste vulnerable,Alzheimer,general,3
2026-11-09,Region Sur-Sureste vulnerable,Alzheimer,hombres,1
2026-11-09,Region Sur-Sureste vulnerable,Alzheimer,mujeres,1
2026-11-16,Region Sur-Sureste vulnerable,Alzheimer,general,2
2026-11-16,Region Sur-Sureste vulnerable,Alzheimer,hombres,0
2026-11-16,Region Sur-Sureste vulnerable,Alzheimer,mujeres,2
2026-11-23,Region Sur-Sureste vulnerable,Alzheimer,general,4
2026-11-23,Region Sur-Sureste vulnerable,Alzheimer,hombres,1
2026-11-23,Region Sur-Sureste vulnerable,Alzheimer,mujeres,2
2026-11-30,Region Sur-Sureste vulnerable,Alzheimer,general,3
2026-11-30,Region Sur-Sureste vulnerable,Alzheimer,hombres,1
2026-11-30,Region Sur-Sureste vulnerable,Alzheimer,mujeres,0
2026-12-07,Region Sur-Sureste vulnerable,Alzheimer,general,2
2026-12-07,Region Sur-Sureste vulnerable,Alzheimer,hombres,1
2026-12-07,Region Sur-Sureste vulnerable,Alzheimer,mujeres,0
2026-12-14,Region Sur-Sureste vulnerable,Alzheimer,general,2
2026-12-14,Region Sur-Sureste vulnerable,Alzheimer,hombres,1
2026-12-14,Region Sur-Sureste vulnerable,Alzheimer,mujeres,2
2026-12-21,Region Sur-Sureste vulnerable,Alzheimer,general,2
2026-12-21,Region Sur-Sureste vulnerable,Alzheimer,hombres,1
2026-12-21,Region Sur-Sureste vulnerable,Alzheimer,mujeres,4
2026-12-28,Region Sur-Sureste vulnerable,Alzheimer,general,2
2026-12-28,Region Sur-Sureste vulnerable,Alzheimer,hombres,1
2026-12-28,Region Sur-Sureste vulnerable,Alzheimer,mujeres,3
2027-01-04,Region Sur-Sureste vulnerable,Alzheimer,general,2
2027-01-04,Region Sur-Sureste vulnerable,Alzheimer,hombres,1
2027-01-04,Region Sur-Sureste vulnerable,Alzheimer,mujeres,2
2027-01-11,Region Sur-Sureste vulnerable,Alzheimer,general,3
2027-01-11,Region Sur-Sureste vulnerable,Alzheimer,hombres,2
2027-01-11,Region Sur-Sureste vulnerable,Alzheimer,mujeres,3
2027-01-18,Region Sur-Sureste vulnerable,Alzheimer,general,3
2027-01-18,Region Sur-Sureste vulnerable,Alzheimer,hombres,1
2027-01-18,Region Sur-Sureste vulnerable,Alzheimer,mujeres,2
2027-01-25,Region Sur-Sureste vulnerable,Alzheimer,general,3
2027-01-25,Region Sur-Sureste vulnerable,Alzheimer,hombres,3
2027-01-25,Region Sur-Sureste vulnerable,Alzheimer,mujeres,3
2026-02-02,Region Urbana media,Alzheimer,general,20
2026-02-02,Region Urbana media,Alzheimer,hombres,6
2026-02-02,Region Urbana media,Alzheimer,mujeres,21
2026-02-09,Region Urbana media,Alzheimer,general,26
2026-02-09,Region Urbana media,Alzheimer,hombres,11
2026-02-09,Region Urbana media,Alzheimer,mujeres,14
2026-02-16,Region Urbana media,Alzheimer,general,24
2026-02-16,Region Urbana media,Alzheimer,hombres,7
2026-02-16,Region Urbana media,Alzheimer,mujeres,19
2026-02-23,Region Urbana media,Alzheimer,general,39
2026-02-23,Region Urbana media,Alzheimer,hombres,11
2026-02-23,Region Urbana media,Alzheimer,mujeres,17
2026-03-02,Region Urbana media,Alzheimer,general,31
2026-03-02,Region Urbana media,Alzheimer,hombres,12
2026-03-02,Region Urbana media,Alzheimer,mujeres,15
2026-03-09,Region Urbana media,Alzheimer,general,37
2026-03-09,Region Urbana media,Alzheimer,hombres,11
2026-03-09,Region Urbana media,Alzheimer,mujeres,16
2026-03-16,Region Urbana media,Alzheimer,general,20
2026-03-16,Region Urbana media,Alzheimer,hombres,10
2026-03-16,Region Urbana media,Alzheimer,mujeres,19
2026-03-23,Region Urbana media,Alzheimer,general,22
2026-03-23,Region Urbana media,Alzheimer,hombres,9
2026-03-23,Region Urbana media,Alzheimer,mujeres,14
2026-03-30,Region Urbana media,Alzheimer,general,15
2026-03-30,Region Urbana media,Alzheimer,hombres,6
2026-03-30,Region Urbana media,Alzheimer,mujeres,21
2026-04-06,Region Urbana media,Alzheimer,general,22
2026-04-06,Region Urbana media,Alzheimer,hombres,5
2026-04-06,Region Urbana media,Alzheimer,mujeres,12
2026-04-13,Region Urbana media,Alzheimer,general,26
2026-04-13,Region Urbana media,Alzheimer,hombres,5
2026-04-13,Region Urbana media,Alzheimer,mujeres,14
2026-04-20,Region Urbana media,Alzheimer,general,26
2026-04-20,Region Urbana media,Alzheimer,hombres,7
2026-04-20,Region Urbana media,Alzheimer,mujeres,21
2026-04-27,Region Urbana media,Alzheimer,general,26
2026-04-27,Region Urbana media,Alzheimer,hombres,6
2026-04-27,Region Urbana media,Alzheimer,mujeres,21
2026-05-04,Region Urbana media,Alzheimer,general,17
2026-05-04,Region Urbana media,Alzheimer,hombres,7
2026-05-04,Region Urbana media,Alzheimer,mujeres,13
2026-05-11,Region Urbana media,Alzheimer,general,19
2026-05-11,Region Urbana media,Alzheimer,hombres,6
2026-05-11,Region Urbana media,Alzheimer,mujeres,21
2026-05-18,Region Urbana media,Alzheimer,general,29
2026-05-18,Region Urbana media,Alzheimer,hombres,5
2026-05-18,Region Urbana media,Alzheimer,mujeres,14
2026-05-25,Region Urbana media,Alzheimer,general,29
2026-05-25,Region Urbana media,Alzheimer,hombres,10
2026-05-25,Region Urbana media,Alzheimer,mujeres,13
2026-06-01,Region Urbana media,Alzheimer,general,19
2026-06-01,Region Urbana media,Alzheimer,hombres,12
2026-06-01,Region Urbana media,Alzheimer,mujeres,13
2026-06-08,Region Urbana media,Alzheimer,general,32
2026-06-08,Region Urbana media,Alzheimer,hombres,12
2026-06-08,Region Urbana media,Alzheimer,mujeres,19
2026-06-15,Region Urbana media,Alzheimer,general,17
2026-06-15,Region Urbana media,Alzheimer,hombres,7
2026-06-15,Region Urbana media,Alzheimer,mujeres,15
2026-06-22,Region Urbana media,Alzheimer,general,33
2026-06-22,Region Urbana media,Alzheimer,hombres,7
2026-06-22,Region Urbana media,Alzheimer,mujeres,15
2026-06-29,Region Urbana media,Alzheimer,general,26
2026-06-29,Region Urbana media,Alzheimer,hombres,8
2026-06-29,Region Urbana media,Alzheimer,mujeres,13
2026-07-06,Region Urbana media,Alzheimer,general,25
2026-07-06,Region Urbana media,Alzheimer,hombres,7
2026-07-06,Region Urbana media,Alzheimer,mujeres,15
2026-07-13,Region Urbana media,Alzheimer,general,22
2026-07-13,Region Urbana media,Alzheimer,hombres,11
2026-07-13,Region Urbana media,Alzheimer,mujeres,21
2026-07-20,Region Urbana media,Alzheimer,general,26
2026-07-20,Region Urbana media,Alzheimer,hombres,8
2026-07-20,Region Urbana media,Alzheimer,mujeres,13
2026-07-27,Region Urbana media,Alzheimer,general,23
2026-07-27,Region Urbana media,Alzheimer,hombres,8
2026-07-27,Region Urbana media,Alzheimer,mujeres,20
2026-08-03,Region Urbana media,Alzheimer,general,18
2026-08-03,Region Urbana media,Alzheimer,hombres,4
2026-08-03,Region Urbana media,Alzheimer,mujeres,15
2026-08-10,Region Urbana media,Alzheimer,general,26
2026-08-10,Region Urbana media,Alzheimer,hombres,7
2026-08-10,Region Urbana media,Alzheimer,mujeres,21
2026-08-17,Region Urbana media,Alzheimer,general,21
2026-08-17,Region Urbana media,Alzheimer,hombres,6
2026-08-17,Region Urbana media,Alzheimer,mujeres,11
2026-08-24,Region Urbana media,Alzheimer,general,25
2026-08-24,Region Urbana media,Alzheimer,hombres,9
2026-08-24,Region Urbana media,Alzheimer,mujeres,21
2026-08-31,Region Urbana media,Alzheimer,general,17
2026-08-31,Region Urbana media,Alzheimer,hombres,6
2026-08-31,Region Urbana media,Alzheimer,mujeres,12
2026-09-07,Region Urbana media,Alzheimer,general,19
2026-09-07,Region Urbana media,Alzheimer,hombres,5
2026-09-07,Region Urbana media,Alzheimer,mujeres,16
2026-09-14,Region Urbana media,Alzheimer,general,20
2026-09-14,Region Urbana media,Alzheimer,hombres,8
2026-09-14,Region Urbana media,Alzheimer,mujeres,17
2026-09-21,Region Urbana media,Alzheimer,general,28
2026-09-21,Region Urbana media,Alzheimer,hombres,11
2026-09-21,Region Urbana media,Alzheimer,mujeres,15
2026-09-28,Region Urbana media,Alzheimer,general,26
2026-09-28,Region Urbana media,Alzheimer,hombres,13
2026-09-28,Region Urbana media,Alzheimer,mujeres,18
2026-10-05,Region Urbana media,Alzheimer,general,20
2026-10-05,Region Urbana media,Alzheimer,hombres,5
2026-10-05,Region Urbana media,Alzheimer,mujeres,11
2026-10-12,Region Urbana media,Alzheimer,general,23
2026-10-12,Region Urbana media,Alzheimer,hombres,7
2026-10-12,Region Urbana media,Alzheimer,mujeres,18
2026-10-19,Region Urbana media,Alzheimer,general,15
2026-10-19,Region Urbana media,Alzheimer,hombres,5
2026-10-19,Region Urbana media,Alzheimer,mujeres,11
2026-10-26,Region Urbana media,Alzheimer,general,19
2026-10-26,Region Urbana media,Alzheimer,hombres,8
2026-10-26,Region Urbana media,Alzheimer,mujeres,11
2026-11-02,Region Urbana media,Alzheimer,general,22
2026-11-02,Region Urbana media,Alzheimer,hombres,7
2026-11-02,Region Urbana media,Alzheimer,mujeres,11
2026-11-09,Region Urbana media,Alzheimer,general,25
2026-11-09,Region Urbana media,Alzheimer,hombres,4
2026-11-09,Region Urbana media,Alzheimer,mujeres,15
2026-11-16,Region Urbana media,Alzheimer,general,20
2026-11-16,Region Urbana media,Alzheimer,hombres,5
2026-11-16,Region Urbana media,Alzheimer,mujeres,12
2026-11-23,Region Urbana media,Alzheimer,general,16
2026-11-23,Region Urbana media,Alzheimer,hombres,8
2026-11-23,Region Urbana media,Alzheimer,mujeres,11
2026-11-30,Region Urbana media,Alzheimer,general,18
2026-11-30,Region Urbana media,Alzheimer,hombres,5
2026-11-30,Region Urbana media,Alzheimer,mujeres,13
2026-12-07,Region Urbana media,Alzheimer,general,22
2026-12-07,Region Urbana media,Alzheimer,hombres,4
2026-12-07,Region Urbana media,Alzheimer,mujeres,17
2026-12-14,Region Urbana media,Alzheimer,general,24
2026-12-14,Region Urbana media,Alzheimer,hombres,7
2026-12-14,Region Urbana media,Alzheimer,mujeres,13
2026-12-21,Region Urbana media,Alzheimer,general,17
2026-12-21,Region Urbana media,Alzheimer,hombres,4
2026-12-21,Region Urbana media,Alzheimer,mujeres,9
2026-12-28,Region Urbana media,Alzheimer,general,15
2026-12-28,Region Urbana media,Alzheimer,hombres,4
2026-12-28,Region Urbana media,Alzheimer,mujeres,12
2027-01-04,Region Urbana media,Alzheimer,general,17
2027-01-04,Region Urbana media,Alzheimer,hombres,4
2027-01-04,Region Urbana media,Alzheimer,mujeres,10
2027-01-11,Region Urbana media,Alzheimer,general,21
2027-01-11,Region Urbana media,Alzheimer,hombres,7
2027-01-11,Region Urbana media,Alzheimer,mujeres,14
2027-01-18,Region Urbana media,Alzheimer,general,26
2027-01-18,Region Urbana media,Alzheimer,hombres,11
2027-01-18,Region Urbana media,Alzheimer,mujeres,15
2027-01-25,Region Urbana media,Alzheimer,general,25
2027-01-25,Region Urbana media,Alzheimer,hombres,10
2027-01-25,Region Urbana media,Alzheimer,mujeres,16
2026-02-02,San Luis Potosí,Alzheimer,general,1
2026-02-02,San Luis Potosí,Alzheimer,hombres,1
2026-02-02,San Luis Potosí,Alzheimer,mujeres,1
2026-02-09,San Luis Potosí,Alzheimer,general,1
2026-02-09,San Luis Potosí,Alzheimer,hombres,1
2026-02-09,San Luis Potosí,Alzheimer,mujeres,1
2026-02-16,San Luis Potosí,Alzheimer,general,1
2026-02-16,San Luis Potosí,Alzheimer,hombres,1
2026-02-16,San Luis Potosí,Alzheimer,mujeres,1
2026-02-23,San Luis Potosí,Alzheimer,general,1
2026-02-23,San Luis Potosí,Alzheimer,hombres,1
2026-02-23,San Luis Potosí,Alzheimer,mujeres,1
2026-03-02,San Luis Potosí,Alzheimer,general,1
2026-03-02,San Luis Potosí,Alzheimer,hombres,1
2026-03-02,San Luis Potosí,Alzheimer,mujeres,1
2026-03-09,San Luis Potosí,Alzheimer,general,1
2026-03-09,San Luis Potosí,Alzheimer,hombres,1
2026-03-09,San Luis Potosí,Alzheimer,mujeres,1
2026-03-16,San Luis Potosí,Alzheimer,general,1
2026-03-16,San Luis Potosí,Alzheimer,hombres,1
2026-03-16,San Luis Potosí,Alzheimer,mujeres,1
2026-03-23,San Luis Potosí,Alzheimer,general,1
2026-03-23,San Luis Potosí,Alzheimer,hombres,1
2026-03-23,San Luis Potosí,Alzheimer,mujeres,1
2026-03-30,San Luis Potosí,Alzheimer,general,1
2026-03-30,San Luis Potosí,Alzheimer,hombres,1
2026-03-30,San Luis Potosí,Alzheimer,mujeres,1
2026-04-06,San Luis Potosí,Alzheimer,general,1
2026-04-06,San Luis Potosí,Alzheimer,hombres,1
2026-04-06,San Luis Potosí,Alzheimer,mujeres,1
2026-04-13,San Luis Potosí,Alzheimer,general,1
2026-04-13,San Luis Potosí,Alzheimer,hombres,1
2026-04-13,San Luis Potosí,Alzheimer,mujeres,1
2026-04-20,San Luis Potosí,Alzheimer,general,1
2026-04-20,San Luis Potosí,Alzheimer,hombres,1
2026-04-20,San Luis Potosí,Alzheimer,mujeres,1
2026-04-27,San Luis Potosí,Alzheimer,general,1
2026-04-27,San Luis Potosí,Alzheimer,hombres,1
2026-04-27,San Luis Potosí,Alzheimer,mujeres,1
2026-05-04,San Luis Potosí,Alzheimer,general,1
2026-05-04,San Luis Potosí,Alzheimer,hombres,1
2026-05-04,San Luis Potosí,Alzheimer,mujeres,1
2026-05-11,San Luis Potosí,Alzheimer,general,1
2026-05-11,San Luis Potosí,Alzheimer,hombres,1
2026-05-11,San Luis Potosí,Alzheimer,mujeres,1
2026-05-18,San Luis Potosí,Alzheimer,general,1
2026-05-18,San Luis Potosí,Alzheimer,hombres,1
2026-05-18,San Luis Potosí,Alzheimer,mujeres,1
2026-05-25,San Luis Potosí,Alzheimer,general,1
2026-05-25,San Luis Potosí,Alzheimer,hombres,1
2026-05-25,San Luis Potosí,Alzheimer,mujeres,1
2026-06-01,San Luis Potosí,Alzheimer,general,1
2026-06-01,San Luis Potosí,Alzheimer,hombres,1
2026-06-01,San Luis Potosí,Alzheimer,mujeres,1
2026-06-08,San Luis Potosí,Alzheimer,general,1
2026-06-08,San Luis Potosí,Alzheimer,hombres,1
2026-06-08,San Luis Potosí,Alzheimer,mujeres,1
2026-06-15,San Luis Potosí,Alzheimer,general,1
2026-06-15,San Luis Potosí,Alzheimer,hombres,1
2026-06-15,San Luis Potosí,Alzheimer,mujeres,1
2026-06-22,San Luis Potosí,Alzheimer,general,1
2026-06-22,San Luis Potosí,Alzheimer,hombres,1
2026-06-22,San Luis Potosí,Alzheimer,mujeres,1
2026-06-29,San Luis Potosí,Alzheimer,general,1
2026-06-29,San Luis Potosí,Alzheimer,hombres,1
2026-06-29,San Luis Potosí,Alzheimer,mujeres,1
2026-07-06,San Luis Potosí,Alzheimer,general,1
2026-07-06,San Luis Potosí,Alzheimer,hombres,1
2026-07-06,San Luis Potosí,Alzheimer,mujeres,1
2026-07-13,San Luis Potosí,Alzheimer,general,1
2026-07-13,San Luis Potosí,Alzheimer,hombres,1
2026-07-13,San Luis Potosí,Alzheimer,mujeres,1
2026-07-20,San Luis Potosí,Alzheimer,general,1
2026-07-20,San Luis Potosí,Alzheimer,hombres,1
2026-07-20,San Luis Potosí,Alzheimer,mujeres,1
2026-07-27,San Luis Potosí,Alzheimer,general,1
2026-07-27,San Luis Potosí,Alzheimer,hombres,1
2026-07-27,San Luis Potosí,Alzheimer,mujeres,1
2026-08-03,San Luis Potosí,Alzheimer,general,1
2026-08-03,San Luis Potosí,Alzheimer,hombres,1
2026-08-03,San Luis Potosí,Alzheimer,mujeres,1
2026-08-10,San Luis Potosí,Alzheimer,general,1
2026-08-10,San Luis Potosí,Alzheimer,hombres,1
2026-08-10,San Luis Potosí,Alzheimer,mujeres,1
2026-08-17,San Luis Potosí,Alzheimer,general,1
2026-08-17,San Luis Potosí,Alzheimer,hombres,1
2026-08-17,San Luis Potosí,Alzheimer,mujeres,1
2026-08-24,San Luis Potosí,Alzheimer,general,1
2026-08-24,San Luis Potosí,Alzheimer,hombres,1
2026-08-24,San Luis Potosí,Alzheimer,mujeres,1
2026-08-31,San Luis Potosí,Alzheimer,general,1
2026-08-31,San Luis Potosí,Alzheimer,hombres,1
2026-08-31,San Luis Potosí,Alzheimer,mujeres,1
2026-09-07,San Luis Potosí,Alzheimer,general,1
2026-09-07,San Luis Potosí,Alzheimer,hombres,1
2026-09-07,San Luis Potosí,Alzheimer,mujeres,1
2026-09-14,San Luis Potosí,Alzheimer,general,1
2026-09-14,San Luis Potosí,Alzheimer,hombres,1
2026-09-14,San Luis Potosí,Alzheimer,mujeres,1
2026-09-21,San Luis Potosí,Alzheimer,general,1
2026-09-21,San Luis Potosí,Alzheimer,hombres,1
2026-09-21,San Luis Potosí,Alzheimer,mujeres,1
2026-09-28,San Luis Potosí,Alzheimer,general,1
2026-09-28,San Luis Potosí,Alzheimer,hombres,1
2026-09-28,San Luis Potosí,Alzheimer,mujeres,1
2026-10-05,San Luis Potosí,Alzheimer,general,1
2026-10-05,San Luis Potosí,Alzheimer,hombres,1
2026-10-05,San Luis Potosí,Alzheimer,mujeres,1
2026-10-12,San Luis Potosí,Alzheimer,general,1
2026-10-12,San Luis Potosí,Alzheimer,hombres,1
2026-10-12,San Luis Potosí,Alzheimer,mujeres,1
2026-10-19,San Luis Potosí,Alzheimer,general,1
2026-10-19,San Luis Potosí,Alzheimer,hombres,1
2026-10-19,San Luis Potosí,Alzheimer,mujeres,1
2026-10-26,San Luis Potosí,Alzheimer,general,1
2026-10-26,San Luis Potosí,Alzheimer,hombres,1
2026-10-26,San Luis Potosí,Alzheimer,mujeres,1
2026-11-02,San Luis Potosí,Alzheimer,general,1
2026-11-02,San Luis Potosí,Alzheimer,hombres,1
2026-11-02,San Luis Potosí,Alzheimer,mujeres,1
2026-11-09,San Luis Potosí,Alzheimer,general,1
2026-11-09,San Luis Potosí,Alzheimer,hombres,1
2026-11-09,San Luis Potosí,Alzheimer,mujeres,1
2026-11-16,San Luis Potosí,Alzheimer,general,1
2026-11-16,San Luis Potosí,Alzheimer,hombres,1
2026-11-16,San Luis Potosí,Alzheimer,mujeres,1
2026-11-23,San Luis Potosí,Alzheimer,general,1
2026-11-23,San Luis Potosí,Alzheimer,hombres,0
2026-11-23,San Luis Potosí,Alzheimer,mujeres,1
2026-11-30,San Luis Potosí,Alzheimer,general,1
2026-11-30,San Luis Potosí,Alzheimer,hombres,0
2026-11-30,San Luis Potosí,Alzheimer,mujeres,1
2026-12-07,San Luis Potosí,Alzheimer,general,1
2026-12-07,San Luis Potosí,Alzheimer,hombres,0
2026-12-07,San Luis Potosí,Alzheimer,mujeres,1
2026-12-14,San Luis Potosí,Alzheimer,general,1
2026-12-14,San Luis Potosí,Alzheimer,hombres,0
2026-12-14,San Luis Potosí,Alzheimer,mujeres,1
2026-12-21,San Luis Potosí,Alzheimer,general,1
2026-12-21,San Luis Potosí,Alzheimer,hombres,0
2026-12-21,San Luis Potosí,Alzheimer,mujeres,1
2026-12-28,San Luis Potosí,Alzheimer,general,1
2026-12-28,San Luis Potosí,Alzheimer,hombres,0
2026-12-28,San Luis Potosí,Alzheimer,mujeres,1
2027-01-04,San Luis Potosí,Alzheimer,general,1
2027-01-04,San Luis Potosí,Alzheimer,hombres,1
2027-01-04,San Luis Potosí,Alzheimer,mujeres,1
2027-01-11,San Luis Potosí,Alzheimer,general,1
2027-01-11,San Luis Potosí,Alzheimer,hombres,1
2027-01-11,San Luis Potosí,Alzheimer,mujeres,1
2027-01-18,San Luis Potosí,Alzheimer,general,1
2027-01-18,San Luis Potosí,Alzheimer,hombres,1
2027-01-18,San Luis Potosí,Alzheimer,mujeres,1
2027-01-25,San Luis Potosí,Alzheimer,general,1
2027-01-25,San Luis Potosí,Alzheimer,hombres,1
2027-01-25,San Luis Potosí,Alzheimer,mujeres,1
2026-02-02,Sinaloa,Alzheimer,general,7
2026-02-02,Sinaloa,Alzheimer,hombres,2
2026-02-02,Sinaloa,Alzheimer,mujeres,4
2026-02-09,Sinaloa,Alzheimer,general,3
2026-02-09,Sinaloa,Alzheimer,hombres,0
2026-02-09,Sinaloa,Alzheimer,mujeres,4
2026-02-16,Sinaloa,Alzheimer,general,4
2026-02-16,Sinaloa,Alzheimer,hombres,2
2026-02-16,Sinaloa,Alzheimer,mujeres,3
2026-02-23,Sinaloa,Alzheimer,general,4
2026-02-23,Sinaloa,Alzheimer,hombres,2
2026-02-23,Sinaloa,Alzheimer,mujeres,1
2026-03-02,Sinaloa,Alzheimer,general,5
2026-03-02,Sinaloa,Alzheimer,hombres,1
2026-03-02,Sinaloa,Alzheimer,mujeres,2
2026-03-09,Sinaloa,Alzheimer,general,4
2026-03-09,Sinaloa,Alzheimer,hombres,1
2026-03-09,Sinaloa,Alzheimer,mujeres,3
2026-03-16,Sinaloa,Alzheimer,general,6
2026-03-16,Sinaloa,Alzheimer,hombres,2
2026-03-16,Sinaloa,Alzheimer,mujeres,3
2026-03-23,Sinaloa,Alzheimer,general,5
2026-03-23,Sinaloa,Alzheimer,hombres,3
2026-03-23,Sinaloa,Alzheimer,mujeres,2
2026-03-30,Sinaloa,Alzheimer,general,4
2026-03-30,Sinaloa,Alzheimer,hombres,1
2026-03-30,Sinaloa,Alzheimer,mujeres,3
2026-04-06,Sinaloa,Alzheimer,general,3
2026-04-06,Sinaloa,Alzheimer,hombres,1
2026-04-06,Sinaloa,Alzheimer,mujeres,2
2026-04-13,Sinaloa,Alzheimer,general,2
2026-04-13,Sinaloa,Alzheimer,hombres,1
2026-04-13,Sinaloa,Alzheimer,mujeres,2
2026-04-20,Sinaloa,Alzheimer,general,5
2026-04-20,Sinaloa,Alzheimer,hombres,1
2026-04-20,Sinaloa,Alzheimer,mujeres,2
2026-04-27,Sinaloa,Alzheimer,general,9
2026-04-27,Sinaloa,Alzheimer,hombres,1
2026-04-27,Sinaloa,Alzheimer,mujeres,2
2026-05-04,Sinaloa,Alzheimer,general,7
2026-05-04,Sinaloa,Alzheimer,hombres,1
2026-05-04,Sinaloa,Alzheimer,mujeres,2
2026-05-11,Sinaloa,Alzheimer,general,6
2026-05-11,Sinaloa,Alzheimer,hombres,0
2026-05-11,Sinaloa,Alzheimer,mujeres,3
2026-05-18,Sinaloa,Alzheimer,general,7
2026-05-18,Sinaloa,Alzheimer,hombres,1
2026-05-18,Sinaloa,Alzheimer,mujeres,1
2026-05-25,Sinaloa,Alzheimer,general,5
2026-05-25,Sinaloa,Alzheimer,hombres,1
2026-05-25,Sinaloa,Alzheimer,mujeres,1
2026-06-01,Sinaloa,Alzheimer,general,4
2026-06-01,Sinaloa,Alzheimer,hombres,2
2026-06-01,Sinaloa,Alzheimer,mujeres,2
2026-06-08,Sinaloa,Alzheimer,general,5
2026-06-08,Sinaloa,Alzheimer,hombres,1
2026-06-08,Sinaloa,Alzheimer,mujeres,2
2026-06-15,Sinaloa,Alzheimer,general,7
2026-06-15,Sinaloa,Alzheimer,hombres,2
2026-06-15,Sinaloa,Alzheimer,mujeres,2
2026-06-22,Sinaloa,Alzheimer,general,6
2026-06-22,Sinaloa,Alzheimer,hombres,1
2026-06-22,Sinaloa,Alzheimer,mujeres,2
2026-06-29,Sinaloa,Alzheimer,general,6
2026-06-29,Sinaloa,Alzheimer,hombres,1
2026-06-29,Sinaloa,Alzheimer,mujeres,3
2026-07-06,Sinaloa,Alzheimer,general,9
2026-07-06,Sinaloa,Alzheimer,hombres,1
2026-07-06,Sinaloa,Alzheimer,mujeres,2
2026-07-13,Sinaloa,Alzheimer,general,8
2026-07-13,Sinaloa,Alzheimer,hombres,2
2026-07-13,Sinaloa,Alzheimer,mujeres,1
2026-07-20,Sinaloa,Alzheimer,general,6
2026-07-20,Sinaloa,Alzheimer,hombres,0
2026-07-20,Sinaloa,Alzheimer,mujeres,1
2026-07-27,Sinaloa,Alzheimer,general,5
2026-07-27,Sinaloa,Alzheimer,hombres,2
2026-07-27,Sinaloa,Alzheimer,mujeres,2
2026-08-03,Sinaloa,Alzheimer,general,5
2026-08-03,Sinaloa,Alzheimer,hombres,0
2026-08-03,Sinaloa,Alzheimer,mujeres,2
2026-08-10,Sinaloa,Alzheimer,general,6
2026-08-10,Sinaloa,Alzheimer,hombres,1
2026-08-10,Sinaloa,Alzheimer,mujeres,1
2026-08-17,Sinaloa,Alzheimer,general,3
2026-08-17,Sinaloa,Alzheimer,hombres,1
2026-08-17,Sinaloa,Alzheimer,mujeres,3
2026-08-24,Sinaloa,Alzheimer,general,4
2026-08-24,Sinaloa,Alzheimer,hombres,1
2026-08-24,Sinaloa,Alzheimer,mujeres,1
2026-08-31,Sinaloa,Alzheimer,general,3
2026-08-31,Sinaloa,Alzheimer,hombres,1
2026-08-31,Sinaloa,Alzheimer,mujeres,2
2026-09-07,Sinaloa,Alzheimer,general,6
2026-09-07,Sinaloa,Alzheimer,hombres,0
2026-09-07,Sinaloa,Alzheimer,mujeres,1
2026-09-14,Sinaloa,Alzheimer,general,4
2026-09-14,Sinaloa,Alzheimer,hombres,1
2026-09-14,Sinaloa,Alzheimer,mujeres,2
2026-09-21,Sinaloa,Alzheimer,general,5
2026-09-21,Sinaloa,Alzheimer,hombres,0
2026-09-21,Sinaloa,Alzheimer,mujeres,2
2026-09-28,Sinaloa,Alzheimer,general,4
2026-09-28,Sinaloa,Alzheimer,hombres,2
2026-09-28,Sinaloa,Alzheimer,mujeres,1
2026-10-05,Sinaloa,Alzheimer,general,5
2026-10-05,Sinaloa,Alzheimer,hombres,2
2026-10-05,Sinaloa,Alzheimer,mujeres,1
2026-10-12,Sinaloa,Alzheimer,general,4
2026-10-12,Sinaloa,Alzheimer,hombres,1
2026-10-12,Sinaloa,Alzheimer,mujeres,1
2026-10-19,Sinaloa,Alzheimer,general,4
2026-10-19,Sinaloa,Alzheimer,hombres,0
2026-10-19,Sinaloa,Alzheimer,mujeres,2
2026-10-26,Sinaloa,Alzheimer,general,3
2026-10-26,Sinaloa,Alzheimer,hombres,2
2026-10-26,Sinaloa,Alzheimer,mujeres,0
2026-11-02,Sinaloa,Alzheimer,general,4
2026-11-02,Sinaloa,Alzheimer,hombres,3
2026-11-02,Sinaloa,Alzheimer,mujeres,1
2026-11-09,Sinaloa,Alzheimer,general,3
2026-11-09,Sinaloa,Alzheimer,hombres,2
2026-11-09,Sinaloa,Alzheimer,mujeres,2
2026-11-16,Sinaloa,Alzheimer,general,4
2026-11-16,Sinaloa,Alzheimer,hombres,1
2026-11-16,Sinaloa,Alzheimer,mujeres,2
2026-11-23,Sinaloa,Alzheimer,general,3
2026-11-23,Sinaloa,Alzheimer,hombres,0
2026-11-23,Sinaloa,Alzheimer,mujeres,0
2026-11-30,Sinaloa,Alzheimer,general,4
2026-11-30,Sinaloa,Alzheimer,hombres,0
2026-11-30,Sinaloa,Alzheimer,mujeres,2
2026-12-07,Sinaloa,Alzheimer,general,3
2026-12-07,Sinaloa,Alzheimer,hombres,2
2026-12-07,Sinaloa,Alzheimer,mujeres,2
2026-12-14,Sinaloa,Alzheimer,general,4
2026-12-14,Sinaloa,Alzheimer,hombres,0
2026-12-14,Sinaloa,Alzheimer,mujeres,1
2026-12-21,Sinaloa,Alzheimer,general,4
2026-12-21,Sinaloa,Alzheimer,hombres,0
2026-12-21,Sinaloa,Alzheimer,mujeres,1
2026-12-28,Sinaloa,Alzheimer,general,3
2026-12-28,Sinaloa,Alzheimer,hombres,1
2026-12-28,Sinaloa,Alzheimer,mujeres,2
2027-01-04,Sinaloa,Alzheimer,general,4
2027-01-04,Sinaloa,Alzheimer,hombres,0
2027-01-04,Sinaloa,Alzheimer,mujeres,2
2027-01-11,Sinaloa,Alzheimer,general,4
2027-01-11,Sinaloa,Alzheimer,hombres,1
2027-01-11,Sinaloa,Alzheimer,mujeres,3
2027-01-18,Sinaloa,Alzheimer,general,6
2027-01-18,Sinaloa,Alzheimer,hombres,1
2027-01-18,Sinaloa,Alzheimer,mujeres,2
2027-01-25,Sinaloa,Alzheimer,general,4
2027-01-25,Sinaloa,Alzheimer,hombres,2
2027-01-25,Sinaloa,Alzheimer,mujeres,1
2026-02-02,Sonora,Alzheimer,general,1
2026-02-02,Sonora,Alzheimer,hombres,0
2026-02-02,Sonora,Alzheimer,mujeres,1
2026-02-09,Sonora,Alzheimer,general,1
2026-02-09,Sonora,Alzheimer,hombres,0
2026-02-09,Sonora,Alzheimer,mujeres,1
2026-02-16,Sonora,Alzheimer,general,1
2026-02-16,Sonora,Alzheimer,hombres,0
2026-02-16,Sonora,Alzheimer,mujeres,1
2026-02-23,Sonora,Alzheimer,general,1
2026-02-23,Sonora,Alzheimer,hombres,0
2026-02-23,Sonora,Alzheimer,mujeres,1
2026-03-02,Sonora,Alzheimer,general,1
2026-03-02,Sonora,Alzheimer,hombres,0
2026-03-02,Sonora,Alzheimer,mujeres,0
2026-03-09,Sonora,Alzheimer,general,1
2026-03-09,Sonora,Alzheimer,hombres,0
2026-03-09,Sonora,Alzheimer,mujeres,1
2026-03-16,Sonora,Alzheimer,general,1
2026-03-16,Sonora,Alzheimer,hombres,0
2026-03-16,Sonora,Alzheimer,mujeres,2
2026-03-23,Sonora,Alzheimer,general,1
2026-03-23,Sonora,Alzheimer,hombres,0
2026-03-23,Sonora,Alzheimer,mujeres,1
2026-03-30,Sonora,Alzheimer,general,1
2026-03-30,Sonora,Alzheimer,hombres,0
2026-03-30,Sonora,Alzheimer,mujeres,0
2026-04-06,Sonora,Alzheimer,general,1
2026-04-06,Sonora,Alzheimer,hombres,0
2026-04-06,Sonora,Alzheimer,mujeres,1
2026-04-13,Sonora,Alzheimer,general,1
2026-04-13,Sonora,Alzheimer,hombres,0
2026-04-13,Sonora,Alzheimer,mujeres,1
2026-04-20,Sonora,Alzheimer,general,1
2026-04-20,Sonora,Alzheimer,hombres,0
2026-04-20,Sonora,Alzheimer,mujeres,2
2026-04-27,Sonora,Alzheimer,general,1
2026-04-27,Sonora,Alzheimer,hombres,0
2026-04-27,Sonora,Alzheimer,mujeres,1
2026-05-04,Sonora,Alzheimer,general,1
2026-05-04,Sonora,Alzheimer,hombres,0
2026-05-04,Sonora,Alzheimer,mujeres,2
2026-05-11,Sonora,Alzheimer,general,1
2026-05-11,Sonora,Alzheimer,hombres,0
2026-05-11,Sonora,Alzheimer,mujeres,1
2026-05-18,Sonora,Alzheimer,general,1
2026-05-18,Sonora,Alzheimer,hombres,0
2026-05-18,Sonora,Alzheimer,mujeres,1
2026-05-25,Sonora,Alzheimer,general,1
2026-05-25,Sonora,Alzheimer,hombres,0
2026-05-25,Sonora,Alzheimer,mujeres,2
2026-06-01,Sonora,Alzheimer,general,1
2026-06-01,Sonora,Alzheimer,hombres,0
2026-06-01,Sonora,Alzheimer,mujeres,1
2026-06-08,Sonora,Alzheimer,general,1
2026-06-08,Sonora,Alzheimer,hombres,0
2026-06-08,Sonora,Alzheimer,mujeres,2
2026-06-15,Sonora,Alzheimer,general,1
2026-06-15,Sonora,Alzheimer,hombres,0
2026-06-15,Sonora,Alzheimer,mujeres,1
2026-06-22,Sonora,Alzheimer,general,1
2026-06-22,Sonora,Alzheimer,hombres,0
2026-06-22,Sonora,Alzheimer,mujeres,2
2026-06-29,Sonora,Alzheimer,general,1
2026-06-29,Sonora,Alzheimer,hombres,0
2026-06-29,Sonora,Alzheimer,mujeres,2
2026-07-06,Sonora,Alzheimer,general,1
2026-07-06,Sonora,Alzheimer,hombres,0
2026-07-06,Sonora,Alzheimer,mujeres,0
2026-07-13,Sonora,Alzheimer,general,1
2026-07-13,Sonora,Alzheimer,hombres,0
2026-07-13,Sonora,Alzheimer,mujeres,1
2026-07-20,Sonora,Alzheimer,general,1
2026-07-20,Sonora,Alzheimer,hombres,0
2026-07-20,Sonora,Alzheimer,mujeres,1
2026-07-27,Sonora,Alzheimer,general,1
2026-07-27,Sonora,Alzheimer,hombres,0
2026-07-27,Sonora,Alzheimer,mujeres,0
2026-08-03,Sonora,Alzheimer,general,1
2026-08-03,Sonora,Alzheimer,hombres,0
2026-08-03,Sonora,Alzheimer,mujeres,0
2026-08-10,Sonora,Alzheimer,general,1
2026-08-10,Sonora,Alzheimer,hombres,0
2026-08-10,Sonora,Alzheimer,mujeres,0
2026-08-17,Sonora,Alzheimer,general,1
2026-08-17,Sonora,Alzheimer,hombres,0
2026-08-17,Sonora,Alzheimer,mujeres,0
2026-08-24,Sonora,Alzheimer,general,1
2026-08-24,Sonora,Alzheimer,hombres,0
2026-08-24,Sonora,Alzheimer,mujeres,1
2026-08-31,Sonora,Alzheimer,general,1
2026-08-31,Sonora,Alzheimer,hombres,0
2026-08-31,Sonora,Alzheimer,mujeres,2
2026-09-07,Sonora,Alzheimer,general,1
2026-09-07,Sonora,Alzheimer,hombres,0
2026-09-07,Sonora,Alzheimer,mujeres,1
2026-09-14,Sonora,Alzheimer,general,1
2026-09-14,Sonora,Alzheimer,hombres,0
2026-09-14,Sonora,Alzheimer,mujeres,0
2026-09-21,Sonora,Alzheimer,general,1
2026-09-21,Sonora,Alzheimer,hombres,0
2026-09-21,Sonora,Alzheimer,mujeres,1
2026-09-28,Sonora,Alzheimer,general,1
2026-09-28,Sonora,Alzheimer,hombres,0
2026-09-28,Sonora,Alzheimer,mujeres,0
2026-10-05,Sonora,Alzheimer,general,1
2026-10-05,Sonora,Alzheimer,hombres,0
2026-10-05,Sonora,Alzheimer,mujeres,1
2026-10-12,Sonora,Alzheimer,general,1
2026-10-12,Sonora,Alzheimer,hombres,0
2026-10-12,Sonora,Alzheimer,mujeres,0
2026-10-19,Sonora,Alzheimer,general,1
2026-10-19,Sonora,Alzheimer,hombres,0
2026-10-19,Sonora,Alzheimer,mujeres,0
2026-10-26,Sonora,Alzheimer,general,1
2026-10-26,Sonora,Alzheimer,hombres,0
2026-10-26,Sonora,Alzheimer,mujeres,2
2026-11-02,Sonora,Alzheimer,general,1
2026-11-02,Sonora,Alzheimer,hombres,0
2026-11-02,Sonora,Alzheimer,mujeres,0
2026-11-09,Sonora,Alzheimer,general,1
2026-11-09,Sonora,Alzheimer,hombres,0
2026-11-09,Sonora,Alzheimer,mujeres,2
2026-11-16,Sonora,Alzheimer,general,1
2026-11-16,Sonora,Alzheimer,hombres,0
2026-11-16,Sonora,Alzheimer,mujeres,1
2026-11-23,Sonora,Alzheimer,general,1
2026-11-23,Sonora,Alzheimer,hombres,0
2026-11-23,Sonora,Alzheimer,mujeres,1
2026-11-30,Sonora,Alzheimer,general,1
2026-11-30,Sonora,Alzheimer,hombres,0
2026-11-30,Sonora,Alzheimer,mujeres,1
2026-12-07,Sonora,Alzheimer,general,1
2026-12-07,Sonora,Alzheimer,hombres,0
2026-12-07,Sonora,Alzheimer,mujeres,0
2026-12-14,Sonora,Alzheimer,general,1
2026-12-14,Sonora,Alzheimer,hombres,0
2026-12-14,Sonora,Alzheimer,mujeres,1
2026-12-21,Sonora,Alzheimer,general,1
2026-12-21,Sonora,Alzheimer,hombres,0
2026-12-21,Sonora,Alzheimer,mujeres,1
2026-12-28,Sonora,Alzheimer,general,1
2026-12-28,Sonora,Alzheimer,hombres,0
2026-12-28,Sonora,Alzheimer,mujeres,1
2027-01-04,Sonora,Alzheimer,general,1
2027-01-04,Sonora,Alzheimer,hombres,0
2027-01-04,Sonora,Alzheimer,mujeres,0
2027-01-11,Sonora,Alzheimer,general,1
2027-01-11,Sonora,Alzheimer,hombres,0
2027-01-11,Sonora,Alzheimer,mujeres,1
2027-01-18,Sonora,Alzheimer,general,1
2027-01-18,Sonora,Alzheimer,hombres,0
2027-01-18,Sonora,Alzheimer,mujeres,1
2027-01-25,Sonora,Alzheimer,general,1
2027-01-25,Sonora,Alzheimer,hombres,0
2027-01-25,Sonora,Alzheimer,mujeres,1
2026-02-02,Tabasco,Alzheimer,general,1
2026-02-02,Tabasco,Alzheimer,hombres,0
2026-02-02,Tabasco,Alzheimer,mujeres,0
2026-02-09,Tabasco,Alzheimer,general,1
2026-02-09,Tabasco,Alzheimer,hombres,0
2026-02-09,Tabasco,Alzheimer,mujeres,0
2026-02-16,Tabasco,Alzheimer,general,1
2026-02-16,Tabasco,Alzheimer,hombres,0
2026-02-16,Tabasco,Alzheimer,mujeres,0
2026-02-23,Tabasco,Alzheimer,general,1
2026-02-23,Tabasco,Alzheimer,hombres,0
2026-02-23,Tabasco,Alzheimer,mujeres,0
2026-03-02,Tabasco,Alzheimer,general,1
2026-03-02,Tabasco,Alzheimer,hombres,0
2026-03-02,Tabasco,Alzheimer,mujeres,0
2026-03-09,Tabasco,Alzheimer,general,1
2026-03-09,Tabasco,Alzheimer,hombres,0
2026-03-09,Tabasco,Alzheimer,mujeres,0
2026-03-16,Tabasco,Alzheimer,general,1
2026-03-16,Tabasco,Alzheimer,hombres,1
2026-03-16,Tabasco,Alzheimer,mujeres,0
2026-03-23,Tabasco,Alzheimer,general,1
2026-03-23,Tabasco,Alzheimer,hombres,1
2026-03-23,Tabasco,Alzheimer,mujeres,0
2026-03-30,Tabasco,Alzheimer,general,1
2026-03-30,Tabasco,Alzheimer,hombres,0
2026-03-30,Tabasco,Alzheimer,mujeres,0
2026-04-06,Tabasco,Alzheimer,general,1
2026-04-06,Tabasco,Alzheimer,hombres,0
2026-04-06,Tabasco,Alzheimer,mujeres,0
2026-04-13,Tabasco,Alzheimer,general,1
2026-04-13,Tabasco,Alzheimer,hombres,0
2026-04-13,Tabasco,Alzheimer,mujeres,0
2026-04-20,Tabasco,Alzheimer,general,1
2026-04-20,Tabasco,Alzheimer,hombres,0
2026-04-20,Tabasco,Alzheimer,mujeres,0
2026-04-27,Tabasco,Alzheimer,general,1
2026-04-27,Tabasco,Alzheimer,hombres,0
2026-04-27,Tabasco,Alzheimer,mujeres,0
2026-05-04,Tabasco,Alzheimer,general,1
2026-05-04,Tabasco,Alzheimer,hombres,1
2026-05-04,Tabasco,Alzheimer,mujeres,0
2026-05-11,Tabasco,Alzheimer,general,1
2026-05-11,Tabasco,Alzheimer,hombres,1
2026-05-11,Tabasco,Alzheimer,mujeres,0
2026-05-18,Tabasco,Alzheimer,general,1
2026-05-18,Tabasco,Alzheimer,hombres,1
2026-05-18,Tabasco,Alzheimer,mujeres,0
2026-05-25,Tabasco,Alzheimer,general,1
2026-05-25,Tabasco,Alzheimer,hombres,1
2026-05-25,Tabasco,Alzheimer,mujeres,0
2026-06-01,Tabasco,Alzheimer,general,1
2026-06-01,Tabasco,Alzheimer,hombres,0
2026-06-01,Tabasco,Alzheimer,mujeres,0
2026-06-08,Tabasco,Alzheimer,general,1
2026-06-08,Tabasco,Alzheimer,hombres,0
2026-06-08,Tabasco,Alzheimer,mujeres,0
2026-06-15,Tabasco,Alzheimer,general,1
2026-06-15,Tabasco,Alzheimer,hombres,0
2026-06-15,Tabasco,Alzheimer,mujeres,0
2026-06-22,Tabasco,Alzheimer,general,1
2026-06-22,Tabasco,Alzheimer,hombres,0
2026-06-22,Tabasco,Alzheimer,mujeres,0
2026-06-29,Tabasco,Alzheimer,general,1
2026-06-29,Tabasco,Alzheimer,hombres,1
2026-06-29,Tabasco,Alzheimer,mujeres,0
2026-07-06,Tabasco,Alzheimer,general,1
2026-07-06,Tabasco,Alzheimer,hombres,1
2026-07-06,Tabasco,Alzheimer,mujeres,0
2026-07-13,Tabasco,Alzheimer,general,1
2026-07-13,Tabasco,Alzheimer,hombres,0
2026-07-13,Tabasco,Alzheimer,mujeres,0
2026-07-20,Tabasco,Alzheimer,general,1
2026-07-20,Tabasco,Alzheimer,hombres,0
2026-07-20,Tabasco,Alzheimer,mujeres,0
2026-07-27,Tabasco,Alzheimer,general,1
2026-07-27,Tabasco,Alzheimer,hombres,0
2026-07-27,Tabasco,Alzheimer,mujeres,0
2026-08-03,Tabasco,Alzheimer,general,1
2026-08-03,Tabasco,Alzheimer,hombres,0
2026-08-03,Tabasco,Alzheimer,mujeres,0
2026-08-10,Tabasco,Alzheimer,general,1
2026-08-10,Tabasco,Alzheimer,hombres,0
2026-08-10,Tabasco,Alzheimer,mujeres,0
2026-08-17,Tabasco,Alzheimer,general,1
2026-08-17,Tabasco,Alzheimer,hombres,0
2026-08-17,Tabasco,Alzheimer,mujeres,0
2026-08-24,Tabasco,Alzheimer,general,1
2026-08-24,Tabasco,Alzheimer,hombres,0
2026-08-24,Tabasco,Alzheimer,mujeres,0
2026-08-31,Tabasco,Alzheimer,general,1
2026-08-31,Tabasco,Alzheimer,hombres,0
2026-08-31,Tabasco,Alzheimer,mujeres,0
2026-09-07,Tabasco,Alzheimer,general,1
2026-09-07,Tabasco,Alzheimer,hombres,0
2026-09-07,Tabasco,Alzheimer,mujeres,0
2026-09-14,Tabasco,Alzheimer,general,1
2026-09-14,Tabasco,Alzheimer,hombres,0
2026-09-14,Tabasco,Alzheimer,mujeres,0
2026-09-21,Tabasco,Alzheimer,general,1
2026-09-21,Tabasco,Alzheimer,hombres,1
2026-09-21,Tabasco,Alzheimer,mujeres,0
2026-09-28,Tabasco,Alzheimer,general,1
2026-09-28,Tabasco,Alzheimer,hombres,1
2026-09-28,Tabasco,Alzheimer,mujeres,0
2026-10-05,Tabasco,Alzheimer,general,1
2026-10-05,Tabasco,Alzheimer,hombres,1
2026-10-05,Tabasco,Alzheimer,mujeres,0
2026-10-12,Tabasco,Alzheimer,general,1
2026-10-12,Tabasco,Alzheimer,hombres,1
2026-10-12,Tabasco,Alzheimer,mujeres,0
2026-10-19,Tabasco,Alzheimer,general,1
2026-10-19,Tabasco,Alzheimer,hombres,0
2026-10-19,Tabasco,Alzheimer,mujeres,0
2026-10-26,Tabasco,Alzheimer,general,1
2026-10-26,Tabasco,Alzheimer,hombres,0
2026-10-26,Tabasco,Alzheimer,mujeres,0
2026-11-02,Tabasco,Alzheimer,general,1
2026-11-02,Tabasco,Alzheimer,hombres,0
2026-11-02,Tabasco,Alzheimer,mujeres,0
2026-11-09,Tabasco,Alzheimer,general,1
2026-11-09,Tabasco,Alzheimer,hombres,0
2026-11-09,Tabasco,Alzheimer,mujeres,0
2026-11-16,Tabasco,Alzheimer,general,1
2026-11-16,Tabasco,Alzheimer,hombres,1
2026-11-16,Tabasco,Alzheimer,mujeres,0
2026-11-23,Tabasco,Alzheimer,general,1
2026-11-23,Tabasco,Alzheimer,hombres,0
2026-11-23,Tabasco,Alzheimer,mujeres,0
2026-11-30,Tabasco,Alzheimer,general,1
2026-11-30,Tabasco,Alzheimer,hombres,0
2026-11-30,Tabasco,Alzheimer,mujeres,0
2026-12-07,Tabasco,Alzheimer,general,1
2026-12-07,Tabasco,Alzheimer,hombres,0
2026-12-07,Tabasco,Alzheimer,mujeres,0
2026-12-14,Tabasco,Alzheimer,general,1
2026-12-14,Tabasco,Alzheimer,hombres,0
2026-12-14,Tabasco,Alzheimer,mujeres,0
2026-12-21,Tabasco,Alzheimer,general,1
2026-12-21,Tabasco,Alzheimer,hombres,0
2026-12-21,Tabasco,Alzheimer,mujeres,0
2026-12-28,Tabasco,Alzheimer,general,1
2026-12-28,Tabasco,Alzheimer,hombres,0
2026-12-28,Tabasco,Alzheimer,mujeres,0
2027-01-04,Tabasco,Alzheimer,general,1
2027-01-04,Tabasco,Alzheimer,hombres,0
2027-01-04,Tabasco,Alzheimer,mujeres,0
2027-01-11,Tabasco,Alzheimer,general,1
2027-01-11,Tabasco,Alzheimer,hombres,0
2027-01-11,Tabasco,Alzheimer,mujeres,0
2027-01-18,Tabasco,Alzheimer,general,1
2027-01-18,Tabasco,Alzheimer,hombres,0
2027-01-18,Tabasco,Alzheimer,mujeres,0
2027-01-25,Tabasco,Alzheimer,general,1
2027-01-25,Tabasco,Alzheimer,hombres,0
2027-01-25,Tabasco,Alzheimer,mujeres,0
2026-02-02,Tamaulipas,Alzheimer,general,1
2026-02-02,Tamaulipas,Alzheimer,hombres,1
2026-02-02,Tamaulipas,Alzheimer,mujeres,2
2026-02-09,Tamaulipas,Alzheimer,general,1
2026-02-09,Tamaulipas,Alzheimer,hombres,1
2026-02-09,Tamaulipas,Alzheimer,mujeres,2
2026-02-16,Tamaulipas,Alzheimer,general,2
2026-02-16,Tamaulipas,Alzheimer,hombres,1
2026-02-16,Tamaulipas,Alzheimer,mujeres,2
2026-02-23,Tamaulipas,Alzheimer,general,1
2026-02-23,Tamaulipas,Alzheimer,hombres,1
2026-02-23,Tamaulipas,Alzheimer,mujeres,2
2026-03-02,Tamaulipas,Alzheimer,general,1
2026-03-02,Tamaulipas,Alzheimer,hombres,1
2026-03-02,Tamaulipas,Alzheimer,mujeres,2
2026-03-09,Tamaulipas,Alzheimer,general,4
2026-03-09,Tamaulipas,Alzheimer,hombres,1
2026-03-09,Tamaulipas,Alzheimer,mujeres,2
2026-03-16,Tamaulipas,Alzheimer,general,1
2026-03-16,Tamaulipas,Alzheimer,hombres,1
2026-03-16,Tamaulipas,Alzheimer,mujeres,2
2026-03-23,Tamaulipas,Alzheimer,general,0
2026-03-23,Tamaulipas,Alzheimer,hombres,1
2026-03-23,Tamaulipas,Alzheimer,mujeres,2
2026-03-30,Tamaulipas,Alzheimer,general,2
2026-03-30,Tamaulipas,Alzheimer,hombres,1
2026-03-30,Tamaulipas,Alzheimer,mujeres,2
2026-04-06,Tamaulipas,Alzheimer,general,0
2026-04-06,Tamaulipas,Alzheimer,hombres,1
2026-04-06,Tamaulipas,Alzheimer,mujeres,2
2026-04-13,Tamaulipas,Alzheimer,general,2
2026-04-13,Tamaulipas,Alzheimer,hombres,1
2026-04-13,Tamaulipas,Alzheimer,mujeres,2
2026-04-20,Tamaulipas,Alzheimer,general,1
2026-04-20,Tamaulipas,Alzheimer,hombres,1
2026-04-20,Tamaulipas,Alzheimer,mujeres,2
2026-04-27,Tamaulipas,Alzheimer,general,0
2026-04-27,Tamaulipas,Alzheimer,hombres,1
2026-04-27,Tamaulipas,Alzheimer,mujeres,2
2026-05-04,Tamaulipas,Alzheimer,general,1
2026-05-04,Tamaulipas,Alzheimer,hombres,1
2026-05-04,Tamaulipas,Alzheimer,mujeres,2
2026-05-11,Tamaulipas,Alzheimer,general,0
2026-05-11,Tamaulipas,Alzheimer,hombres,1
2026-05-11,Tamaulipas,Alzheimer,mujeres,2
2026-05-18,Tamaulipas,Alzheimer,general,0
2026-05-18,Tamaulipas,Alzheimer,hombres,1
2026-05-18,Tamaulipas,Alzheimer,mujeres,2
2026-05-25,Tamaulipas,Alzheimer,general,0
2026-05-25,Tamaulipas,Alzheimer,hombres,1
2026-05-25,Tamaulipas,Alzheimer,mujeres,2
2026-06-01,Tamaulipas,Alzheimer,general,1
2026-06-01,Tamaulipas,Alzheimer,hombres,1
2026-06-01,Tamaulipas,Alzheimer,mujeres,2
2026-06-08,Tamaulipas,Alzheimer,general,1
2026-06-08,Tamaulipas,Alzheimer,hombres,1
2026-06-08,Tamaulipas,Alzheimer,mujeres,2
2026-06-15,Tamaulipas,Alzheimer,general,1
2026-06-15,Tamaulipas,Alzheimer,hombres,1
2026-06-15,Tamaulipas,Alzheimer,mujeres,2
2026-06-22,Tamaulipas,Alzheimer,general,0
2026-06-22,Tamaulipas,Alzheimer,hombres,1
2026-06-22,Tamaulipas,Alzheimer,mujeres,2
2026-06-29,Tamaulipas,Alzheimer,general,0
2026-06-29,Tamaulipas,Alzheimer,hombres,1
2026-06-29,Tamaulipas,Alzheimer,mujeres,2
2026-07-06,Tamaulipas,Alzheimer,general,0
2026-07-06,Tamaulipas,Alzheimer,hombres,1
2026-07-06,Tamaulipas,Alzheimer,mujeres,2
2026-07-13,Tamaulipas,Alzheimer,general,1
2026-07-13,Tamaulipas,Alzheimer,hombres,1
2026-07-13,Tamaulipas,Alzheimer,mujeres,2
2026-07-20,Tamaulipas,Alzheimer,general,0
2026-07-20,Tamaulipas,Alzheimer,hombres,1
2026-07-20,Tamaulipas,Alzheimer,mujeres,2
2026-07-27,Tamaulipas,Alzheimer,general,0
2026-07-27,Tamaulipas,Alzheimer,hombres,1
2026-07-27,Tamaulipas,Alzheimer,mujeres,2
2026-08-03,Tamaulipas,Alzheimer,general,1
2026-08-03,Tamaulipas,Alzheimer,hombres,1
2026-08-03,Tamaulipas,Alzheimer,mujeres,2
2026-08-10,Tamaulipas,Alzheimer,general,2
2026-08-10,Tamaulipas,Alzheimer,hombres,1
2026-08-10,Tamaulipas,Alzheimer,mujeres,2
2026-08-17,Tamaulipas,Alzheimer,general,0
2026-08-17,Tamaulipas,Alzheimer,hombres,1
2026-08-17,Tamaulipas,Alzheimer,mujeres,2
2026-08-24,Tamaulipas,Alzheimer,general,0
2026-08-24,Tamaulipas,Alzheimer,hombres,1
2026-08-24,Tamaulipas,Alzheimer,mujeres,2
2026-08-31,Tamaulipas,Alzheimer,general,0
2026-08-31,Tamaulipas,Alzheimer,hombres,1
2026-08-31,Tamaulipas,Alzheimer,mujeres,2
2026-09-07,Tamaulipas,Alzheimer,general,0
2026-09-07,Tamaulipas,Alzheimer,hombres,1
2026-09-07,Tamaulipas,Alzheimer,mujeres,2
2026-09-14,Tamaulipas,Alzheimer,general,2
2026-09-14,Tamaulipas,Alzheimer,hombres,1
2026-09-14,Tamaulipas,Alzheimer,mujeres,2
2026-09-21,Tamaulipas,Alzheimer,general,3
2026-09-21,Tamaulipas,Alzheimer,hombres,1
2026-09-21,Tamaulipas,Alzheimer,mujeres,2
2026-09-28,Tamaulipas,Alzheimer,general,0
2026-09-28,Tamaulipas,Alzheimer,hombres,1
2026-09-28,Tamaulipas,Alzheimer,mujeres,2
2026-10-05,Tamaulipas,Alzheimer,general,0
2026-10-05,Tamaulipas,Alzheimer,hombres,1
2026-10-05,Tamaulipas,Alzheimer,mujeres,2
2026-10-12,Tamaulipas,Alzheimer,general,1
2026-10-12,Tamaulipas,Alzheimer,hombres,1
2026-10-12,Tamaulipas,Alzheimer,mujeres,2
2026-10-19,Tamaulipas,Alzheimer,general,2
2026-10-19,Tamaulipas,Alzheimer,hombres,1
2026-10-19,Tamaulipas,Alzheimer,mujeres,2
2026-10-26,Tamaulipas,Alzheimer,general,0
2026-10-26,Tamaulipas,Alzheimer,hombres,1
2026-10-26,Tamaulipas,Alzheimer,mujeres,2
2026-11-02,Tamaulipas,Alzheimer,general,2
2026-11-02,Tamaulipas,Alzheimer,hombres,1
2026-11-02,Tamaulipas,Alzheimer,mujeres,2
2026-11-09,Tamaulipas,Alzheimer,general,1
2026-11-09,Tamaulipas,Alzheimer,hombres,1
2026-11-09,Tamaulipas,Alzheimer,mujeres,2
2026-11-16,Tamaulipas,Alzheimer,general,1
2026-11-16,Tamaulipas,Alzheimer,hombres,1
2026-11-16,Tamaulipas,Alzheimer,mujeres,2
2026-11-23,Tamaulipas,Alzheimer,general,1
2026-11-23,Tamaulipas,Alzheimer,hombres,1
2026-11-23,Tamaulipas,Alzheimer,mujeres,2
2026-11-30,Tamaulipas,Alzheimer,general,0
2026-11-30,Tamaulipas,Alzheimer,hombres,1
2026-11-30,Tamaulipas,Alzheimer,mujeres,2
2026-12-07,Tamaulipas,Alzheimer,general,0
2026-12-07,Tamaulipas,Alzheimer,hombres,1
2026-12-07,Tamaulipas,Alzheimer,mujeres,1
2026-12-14,Tamaulipas,Alzheimer,general,0
2026-12-14,Tamaulipas,Alzheimer,hombres,1
2026-12-14,Tamaulipas,Alzheimer,mujeres,1
2026-12-21,Tamaulipas,Alzheimer,general,0
2026-12-21,Tamaulipas,Alzheimer,hombres,1
2026-12-21,Tamaulipas,Alzheimer,mujeres,1
2026-12-28,Tamaulipas,Alzheimer,general,1
2026-12-28,Tamaulipas,Alzheimer,hombres,1
2026-12-28,Tamaulipas,Alzheimer,mujeres,1
2027-01-04,Tamaulipas,Alzheimer,general,0
2027-01-04,Tamaulipas,Alzheimer,hombres,1
2027-01-04,Tamaulipas,Alzheimer,mujeres,1
2027-01-11,Tamaulipas,Alzheimer,general,1
2027-01-11,Tamaulipas,Alzheimer,hombres,1
2027-01-11,Tamaulipas,Alzheimer,mujeres,1
2027-01-18,Tamaulipas,Alzheimer,general,1
2027-01-18,Tamaulipas,Alzheimer,hombres,1
2027-01-18,Tamaulipas,Alzheimer,mujeres,2
2027-01-25,Tamaulipas,Alzheimer,general,0
2027-01-25,Tamaulipas,Alzheimer,hombres,1
2027-01-25,Tamaulipas,Alzheimer,mujeres,2
2026-02-02,Tlaxcala,Alzheimer,general,0
2026-02-02,Tlaxcala,Alzheimer,hombres,0
2026-02-02,Tlaxcala,Alzheimer,mujeres,0
2026-02-09,Tlaxcala,Alzheimer,general,0
2026-02-09,Tlaxcala,Alzheimer,hombres,0
2026-02-09,Tlaxcala,Alzheimer,mujeres,0
2026-02-16,Tlaxcala,Alzheimer,general,0
2026-02-16,Tlaxcala,Alzheimer,hombres,0
2026-02-16,Tlaxcala,Alzheimer,mujeres,0
2026-02-23,Tlaxcala,Alzheimer,general,0
2026-02-23,Tlaxcala,Alzheimer,hombres,0
2026-02-23,Tlaxcala,Alzheimer,mujeres,0
2026-03-02,Tlaxcala,Alzheimer,general,0
2026-03-02,Tlaxcala,Alzheimer,hombres,0
2026-03-02,Tlaxcala,Alzheimer,mujeres,0
2026-03-09,Tlaxcala,Alzheimer,general,0
2026-03-09,Tlaxcala,Alzheimer,hombres,0
2026-03-09,Tlaxcala,Alzheimer,mujeres,0
2026-03-16,Tlaxcala,Alzheimer,general,0
2026-03-16,Tlaxcala,Alzheimer,hombres,0
2026-03-16,Tlaxcala,Alzheimer,mujeres,0
2026-03-23,Tlaxcala,Alzheimer,general,0
2026-03-23,Tlaxcala,Alzheimer,hombres,0
2026-03-23,Tlaxcala,Alzheimer,mujeres,0
2026-03-30,Tlaxcala,Alzheimer,general,0
2026-03-30,Tlaxcala,Alzheimer,hombres,0
2026-03-30,Tlaxcala,Alzheimer,mujeres,0
2026-04-06,Tlaxcala,Alzheimer,general,0
2026-04-06,Tlaxcala,Alzheimer,hombres,0
2026-04-06,Tlaxcala,Alzheimer,mujeres,0
2026-04-13,Tlaxcala,Alzheimer,general,0
2026-04-13,Tlaxcala,Alzheimer,hombres,0
2026-04-13,Tlaxcala,Alzheimer,mujeres,0
2026-04-20,Tlaxcala,Alzheimer,general,0
2026-04-20,Tlaxcala,Alzheimer,hombres,0
2026-04-20,Tlaxcala,Alzheimer,mujeres,0
2026-04-27,Tlaxcala,Alzheimer,general,0
2026-04-27,Tlaxcala,Alzheimer,hombres,0
2026-04-27,Tlaxcala,Alzheimer,mujeres,0
2026-05-04,Tlaxcala,Alzheimer,general,0
2026-05-04,Tlaxcala,Alzheimer,hombres,0
2026-05-04,Tlaxcala,Alzheimer,mujeres,0
2026-05-11,Tlaxcala,Alzheimer,general,0
2026-05-11,Tlaxcala,Alzheimer,hombres,0
2026-05-11,Tlaxcala,Alzheimer,mujeres,0
2026-05-18,Tlaxcala,Alzheimer,general,0
2026-05-18,Tlaxcala,Alzheimer,hombres,0
2026-05-18,Tlaxcala,Alzheimer,mujeres,0
2026-05-25,Tlaxcala,Alzheimer,general,0
2026-05-25,Tlaxcala,Alzheimer,hombres,0
2026-05-25,Tlaxcala,Alzheimer,mujeres,0
2026-06-01,Tlaxcala,Alzheimer,general,0
2026-06-01,Tlaxcala,Alzheimer,hombres,0
2026-06-01,Tlaxcala,Alzheimer,mujeres,0
2026-06-08,Tlaxcala,Alzheimer,general,0
2026-06-08,Tlaxcala,Alzheimer,hombres,0
2026-06-08,Tlaxcala,Alzheimer,mujeres,0
2026-06-15,Tlaxcala,Alzheimer,general,0
2026-06-15,Tlaxcala,Alzheimer,hombres,0
2026-06-15,Tlaxcala,Alzheimer,mujeres,0
2026-06-22,Tlaxcala,Alzheimer,general,0
2026-06-22,Tlaxcala,Alzheimer,hombres,0
2026-06-22,Tlaxcala,Alzheimer,mujeres,0
2026-06-29,Tlaxcala,Alzheimer,general,0
2026-06-29,Tlaxcala,Alzheimer,hombres,0
2026-06-29,Tlaxcala,Alzheimer,mujeres,0
2026-07-06,Tlaxcala,Alzheimer,general,0
2026-07-06,Tlaxcala,Alzheimer,hombres,0
2026-07-06,Tlaxcala,Alzheimer,mujeres,0
2026-07-13,Tlaxcala,Alzheimer,general,0
2026-07-13,Tlaxcala,Alzheimer,hombres,0
2026-07-13,Tlaxcala,Alzheimer,mujeres,0
2026-07-20,Tlaxcala,Alzheimer,general,0
2026-07-20,Tlaxcala,Alzheimer,hombres,0
2026-07-20,Tlaxcala,Alzheimer,mujeres,0
2026-07-27,Tlaxcala,Alzheimer,general,0
2026-07-27,Tlaxcala,Alzheimer,hombres,0
2026-07-27,Tlaxcala,Alzheimer,mujeres,0
2026-08-03,Tlaxcala,Alzheimer,general,0
2026-08-03,Tlaxcala,Alzheimer,hombres,0
2026-08-03,Tlaxcala,Alzheimer,mujeres,0
2026-08-10,Tlaxcala,Alzheimer,general,0
2026-08-10,Tlaxcala,Alzheimer,hombres,0
2026-08-10,Tlaxcala,Alzheimer,mujeres,0
2026-08-17,Tlaxcala,Alzheimer,general,0
2026-08-17,Tlaxcala,Alzheimer,hombres,0
2026-08-17,Tlaxcala,Alzheimer,mujeres,0
2026-08-24,Tlaxcala,Alzheimer,general,0
2026-08-24,Tlaxcala,Alzheimer,hombres,0
2026-08-24,Tlaxcala,Alzheimer,mujeres,0
2026-08-31,Tlaxcala,Alzheimer,general,0
2026-08-31,Tlaxcala,Alzheimer,hombres,0
2026-08-31,Tlaxcala,Alzheimer,mujeres,0
2026-09-07,Tlaxcala,Alzheimer,general,0
2026-09-07,Tlaxcala,Alzheimer,hombres,0
2026-09-07,Tlaxcala,Alzheimer,mujeres,0
2026-09-14,Tlaxcala,Alzheimer,general,0
2026-09-14,Tlaxcala,Alzheimer,hombres,0
2026-09-14,Tlaxcala,Alzheimer,mujeres,0
2026-09-21,Tlaxcala,Alzheimer,general,0
2026-09-21,Tlaxcala,Alzheimer,hombres,0
2026-09-21,Tlaxcala,Alzheimer,mujeres,0
2026-09-28,Tlaxcala,Alzheimer,general,0
2026-09-28,Tlaxcala,Alzheimer,hombres,0
2026-09-28,Tlaxcala,Alzheimer,mujeres,0
2026-10-05,Tlaxcala,Alzheimer,general,0
2026-10-05,Tlaxcala,Alzheimer,hombres,0
2026-10-05,Tlaxcala,Alzheimer,mujeres,0
2026-10-12,Tlaxcala,Alzheimer,general,0
2026-10-12,Tlaxcala,Alzheimer,hombres,0
2026-10-12,Tlaxcala,Alzheimer,mujeres,0
2026-10-19,Tlaxcala,Alzheimer,general,0
2026-10-19,Tlaxcala,Alzheimer,hombres,0
2026-10-19,Tlaxcala,Alzheimer,mujeres,0
2026-10-26,Tlaxcala,Alzheimer,general,0
2026-10-26,Tlaxcala,Alzheimer,hombres,0
2026-10-26,Tlaxcala,Alzheimer,mujeres,0
2026-11-02,Tlaxcala,Alzheimer,general,0
2026-11-02,Tlaxcala,Alzheimer,hombres,0
2026-11-02,Tlaxcala,Alzheimer,mujeres,0
2026-11-09,Tlaxcala,Alzheimer,general,0
2026-11-09,Tlaxcala,Alzheimer,hombres,0
2026-11-09,Tlaxcala,Alzheimer,mujeres,0
2026-11-16,Tlaxcala,Alzheimer,general,0
2026-11-16,Tlaxcala,Alzheimer,hombres,0
2026-11-16,Tlaxcala,Alzheimer,mujeres,0
2026-11-23,Tlaxcala,Alzheimer,general,0
2026-11-23,Tlaxcala,Alzheimer,hombres,0
2026-11-23,Tlaxcala,Alzheimer,mujeres,0
2026-11-30,Tlaxcala,Alzheimer,general,0
2026-11-30,Tlaxcala,Alzheimer,hombres,0
2026-11-30,Tlaxcala,Alzheimer,mujeres,0
2026-12-07,Tlaxcala,Alzheimer,general,0
2026-12-07,Tlaxcala,Alzheimer,hombres,0
2026-12-07,Tlaxcala,Alzheimer,mujeres,0
2026-12-14,Tlaxcala,Alzheimer,general,0
2026-12-14,Tlaxcala,Alzheimer,hombres,0
2026-12-14,Tlaxcala,Alzheimer,mujeres,0
2026-12-21,Tlaxcala,Alzheimer,general,0
2026-12-21,Tlaxcala,Alzheimer,hombres,0
2026-12-21,Tlaxcala,Alzheimer,mujeres,0
2026-12-28,Tlaxcala,Alzheimer,general,0
2026-12-28,Tlaxcala,Alzheimer,hombres,0
2026-12-28,Tlaxcala,Alzheimer,mujeres,0
2027-01-04,Tlaxcala,Alzheimer,general,0
2027-01-04,Tlaxcala,Alzheimer,hombres,0
2027-01-04,Tlaxcala,Alzheimer,mujeres,0
2027-01-11,Tlaxcala,Alzheimer,general,0
2027-01-11,Tlaxcala,Alzheimer,hombres,0
2027-01-11,Tlaxcala,Alzheimer,mujeres,0
2027-01-18,Tlaxcala,Alzheimer,general,0
2027-01-18,Tlaxcala,Alzheimer,hombres,0
2027-01-18,Tlaxcala,Alzheimer,mujeres,0
2027-01-25,Tlaxcala,Alzheimer,general,0
2027-01-25,Tlaxcala,Alzheimer,hombres,0
2027-01-25,Tlaxcala,Alzheimer,mujeres,0
2026-02-02,Veracruz,Alzheimer,general,5
2026-02-02,Veracruz,Alzheimer,hombres,1
2026-02-02,Veracruz,Alzheimer,mujeres,2
2026-02-09,Veracruz,Alzheimer,general,2
2026-02-09,Veracruz,Alzheimer,hombres,1
2026-02-09,Veracruz,Alzheimer,mujeres,2
2026-02-16,Veracruz,Alzheimer,general,1
2026-02-16,Veracruz,Alzheimer,hombres,1
2026-02-16,Veracruz,Alzheimer,mujeres,1
2026-02-23,Veracruz,Alzheimer,general,3
2026-02-23,Veracruz,Alzheimer,hombres,1
2026-02-23,Veracruz,Alzheimer,mujeres,1
2026-03-02,Veracruz,Alzheimer,general,2
2026-03-02,Veracruz,Alzheimer,hombres,1
2026-03-02,Veracruz,Alzheimer,mujeres,3
2026-03-09,Veracruz,Alzheimer,general,3
2026-03-09,Veracruz,Alzheimer,hombres,1
2026-03-09,Veracruz,Alzheimer,mujeres,2
2026-03-16,Veracruz,Alzheimer,general,3
2026-03-16,Veracruz,Alzheimer,hombres,1
2026-03-16,Veracruz,Alzheimer,mujeres,2
2026-03-23,Veracruz,Alzheimer,general,2
2026-03-23,Veracruz,Alzheimer,hombres,1
2026-03-23,Veracruz,Alzheimer,mujeres,1
2026-03-30,Veracruz,Alzheimer,general,1
2026-03-30,Veracruz,Alzheimer,hombres,1
2026-03-30,Veracruz,Alzheimer,mujeres,1
2026-04-06,Veracruz,Alzheimer,general,4
2026-04-06,Veracruz,Alzheimer,hombres,1
2026-04-06,Veracruz,Alzheimer,mujeres,1
2026-04-13,Veracruz,Alzheimer,general,4
2026-04-13,Veracruz,Alzheimer,hombres,1
2026-04-13,Veracruz,Alzheimer,mujeres,1
2026-04-20,Veracruz,Alzheimer,general,2
2026-04-20,Veracruz,Alzheimer,hombres,1
2026-04-20,Veracruz,Alzheimer,mujeres,1
2026-04-27,Veracruz,Alzheimer,general,3
2026-04-27,Veracruz,Alzheimer,hombres,1
2026-04-27,Veracruz,Alzheimer,mujeres,2
2026-05-04,Veracruz,Alzheimer,general,5
2026-05-04,Veracruz,Alzheimer,hombres,1
2026-05-04,Veracruz,Alzheimer,mujeres,2
2026-05-11,Veracruz,Alzheimer,general,2
2026-05-11,Veracruz,Alzheimer,hombres,1
2026-05-11,Veracruz,Alzheimer,mujeres,1
2026-05-18,Veracruz,Alzheimer,general,3
2026-05-18,Veracruz,Alzheimer,hombres,1
2026-05-18,Veracruz,Alzheimer,mujeres,0
2026-05-25,Veracruz,Alzheimer,general,2
2026-05-25,Veracruz,Alzheimer,hombres,1
2026-05-25,Veracruz,Alzheimer,mujeres,1
2026-06-01,Veracruz,Alzheimer,general,5
2026-06-01,Veracruz,Alzheimer,hombres,1
2026-06-01,Veracruz,Alzheimer,mujeres,2
2026-06-08,Veracruz,Alzheimer,general,2
2026-06-08,Veracruz,Alzheimer,hombres,1
2026-06-08,Veracruz,Alzheimer,mujeres,2
2026-06-15,Veracruz,Alzheimer,general,4
2026-06-15,Veracruz,Alzheimer,hombres,1
2026-06-15,Veracruz,Alzheimer,mujeres,2
2026-06-22,Veracruz,Alzheimer,general,1
2026-06-22,Veracruz,Alzheimer,hombres,1
2026-06-22,Veracruz,Alzheimer,mujeres,1
2026-06-29,Veracruz,Alzheimer,general,3
2026-06-29,Veracruz,Alzheimer,hombres,1
2026-06-29,Veracruz,Alzheimer,mujeres,2
2026-07-06,Veracruz,Alzheimer,general,3
2026-07-06,Veracruz,Alzheimer,hombres,1
2026-07-06,Veracruz,Alzheimer,mujeres,2
2026-07-13,Veracruz,Alzheimer,general,3
2026-07-13,Veracruz,Alzheimer,hombres,1
2026-07-13,Veracruz,Alzheimer,mujeres,1
2026-07-20,Veracruz,Alzheimer,general,1
2026-07-20,Veracruz,Alzheimer,hombres,1
2026-07-20,Veracruz,Alzheimer,mujeres,1
2026-07-27,Veracruz,Alzheimer,general,1
2026-07-27,Veracruz,Alzheimer,hombres,1
2026-07-27,Veracruz,Alzheimer,mujeres,2
2026-08-03,Veracruz,Alzheimer,general,3
2026-08-03,Veracruz,Alzheimer,hombres,1
2026-08-03,Veracruz,Alzheimer,mujeres,3
2026-08-10,Veracruz,Alzheimer,general,2
2026-08-10,Veracruz,Alzheimer,hombres,1
2026-08-10,Veracruz,Alzheimer,mujeres,1
2026-08-17,Veracruz,Alzheimer,general,2
2026-08-17,Veracruz,Alzheimer,hombres,1
2026-08-17,Veracruz,Alzheimer,mujeres,1
2026-08-24,Veracruz,Alzheimer,general,2
2026-08-24,Veracruz,Alzheimer,hombres,1
2026-08-24,Veracruz,Alzheimer,mujeres,1
2026-08-31,Veracruz,Alzheimer,general,4
2026-08-31,Veracruz,Alzheimer,hombres,1
2026-08-31,Veracruz,Alzheimer,mujeres,1
2026-09-07,Veracruz,Alzheimer,general,2
2026-09-07,Veracruz,Alzheimer,hombres,1
2026-09-07,Veracruz,Alzheimer,mujeres,2
2026-09-14,Veracruz,Alzheimer,general,3
2026-09-14,Veracruz,Alzheimer,hombres,1
2026-09-14,Veracruz,Alzheimer,mujeres,1
2026-09-21,Veracruz,Alzheimer,general,1
2026-09-21,Veracruz,Alzheimer,hombres,1
2026-09-21,Veracruz,Alzheimer,mujeres,0
2026-09-28,Veracruz,Alzheimer,general,2
2026-09-28,Veracruz,Alzheimer,hombres,1
2026-09-28,Veracruz,Alzheimer,mujeres,0
2026-10-05,Veracruz,Alzheimer,general,3
2026-10-05,Veracruz,Alzheimer,hombres,1
2026-10-05,Veracruz,Alzheimer,mujeres,2
2026-10-12,Veracruz,Alzheimer,general,1
2026-10-12,Veracruz,Alzheimer,hombres,1
2026-10-12,Veracruz,Alzheimer,mujeres,2
2026-10-19,Veracruz,Alzheimer,general,3
2026-10-19,Veracruz,Alzheimer,hombres,1
2026-10-19,Veracruz,Alzheimer,mujeres,3
2026-10-26,Veracruz,Alzheimer,general,1
2026-10-26,Veracruz,Alzheimer,hombres,1
2026-10-26,Veracruz,Alzheimer,mujeres,0
2026-11-02,Veracruz,Alzheimer,general,3
2026-11-02,Veracruz,Alzheimer,hombres,1
2026-11-02,Veracruz,Alzheimer,mujeres,2
2026-11-09,Veracruz,Alzheimer,general,2
2026-11-09,Veracruz,Alzheimer,hombres,1
2026-11-09,Veracruz,Alzheimer,mujeres,1
2026-11-16,Veracruz,Alzheimer,general,4
2026-11-16,Veracruz,Alzheimer,hombres,1
2026-11-16,Veracruz,Alzheimer,mujeres,2
2026-11-23,Veracruz,Alzheimer,general,5
2026-11-23,Veracruz,Alzheimer,hombres,1
2026-11-23,Veracruz,Alzheimer,mujeres,2
2026-11-30,Veracruz,Alzheimer,general,3
2026-11-30,Veracruz,Alzheimer,hombres,1
2026-11-30,Veracruz,Alzheimer,mujeres,1
2026-12-07,Veracruz,Alzheimer,general,2
2026-12-07,Veracruz,Alzheimer,hombres,1
2026-12-07,Veracruz,Alzheimer,mujeres,2
2026-12-14,Veracruz,Alzheimer,general,2
2026-12-14,Veracruz,Alzheimer,hombres,1
2026-12-14,Veracruz,Alzheimer,mujeres,0
2026-12-21,Veracruz,Alzheimer,general,2
2026-12-21,Veracruz,Alzheimer,hombres,1
2026-12-21,Veracruz,Alzheimer,mujeres,1
2026-12-28,Veracruz,Alzheimer,general,1
2026-12-28,Veracruz,Alzheimer,hombres,1
2026-12-28,Veracruz,Alzheimer,mujeres,1
2027-01-04,Veracruz,Alzheimer,general,2
2027-01-04,Veracruz,Alzheimer,hombres,1
2027-01-04,Veracruz,Alzheimer,mujeres,1
2027-01-11,Veracruz,Alzheimer,general,4
2027-01-11,Veracruz,Alzheimer,hombres,1
2027-01-11,Veracruz,Alzheimer,mujeres,2
2027-01-18,Veracruz,Alzheimer,general,3
2027-01-18,Veracruz,Alzheimer,hombres,1
2027-01-18,Veracruz,Alzheimer,mujeres,3
2027-01-25,Veracruz,Alzheimer,general,6
2027-01-25,Veracruz,Alzheimer,hombres,1
2027-01-25,Veracruz,Alzheimer,mujeres,3
2026-02-02,Yucatán,Alzheimer,general,1
2026-02-02,Yucatán,Alzheimer,hombres,0
2026-02-02,Yucatán,Alzheimer,mujeres,0
2026-02-09,Yucatán,Alzheimer,general,1
2026-02-09,Yucatán,Alzheimer,hombres,0
2026-02-09,Yucatán,Alzheimer,mujeres,0
2026-02-16,Yucatán,Alzheimer,general,1
2026-02-16,Yucatán,Alzheimer,hombres,0
2026-02-16,Yucatán,Alzheimer,mujeres,0
2026-02-23,Yucatán,Alzheimer,general,1
2026-02-23,Yucatán,Alzheimer,hombres,0
2026-02-23,Yucatán,Alzheimer,mujeres,0
2026-03-02,Yucatán,Alzheimer,general,1
2026-03-02,Yucatán,Alzheimer,hombres,0
2026-03-02,Yucatán,Alzheimer,mujeres,0
2026-03-09,Yucatán,Alzheimer,general,1
2026-03-09,Yucatán,Alzheimer,hombres,0
2026-03-09,Yucatán,Alzheimer,mujeres,0
2026-03-16,Yucatán,Alzheimer,general,1
2026-03-16,Yucatán,Alzheimer,hombres,0
2026-03-16,Yucatán,Alzheimer,mujeres,0
2026-03-23,Yucatán,Alzheimer,general,1
2026-03-23,Yucatán,Alzheimer,hombres,0
2026-03-23,Yucatán,Alzheimer,mujeres,0
2026-03-30,Yucatán,Alzheimer,general,1
2026-03-30,Yucatán,Alzheimer,hombres,0
2026-03-30,Yucatán,Alzheimer,mujeres,0
2026-04-06,Yucatán,Alzheimer,general,1
2026-04-06,Yucatán,Alzheimer,hombres,0
2026-04-06,Yucatán,Alzheimer,mujeres,0
2026-04-13,Yucatán,Alzheimer,general,1
2026-04-13,Yucatán,Alzheimer,hombres,0
2026-04-13,Yucatán,Alzheimer,mujeres,0
2026-04-20,Yucatán,Alzheimer,general,1
2026-04-20,Yucatán,Alzheimer,hombres,0
2026-04-20,Yucatán,Alzheimer,mujeres,0
2026-04-27,Yucatán,Alzheimer,general,1
2026-04-27,Yucatán,Alzheimer,hombres,0
2026-04-27,Yucatán,Alzheimer,mujeres,0
2026-05-04,Yucatán,Alzheimer,general,1
2026-05-04,Yucatán,Alzheimer,hombres,0
2026-05-04,Yucatán,Alzheimer,mujeres,0
2026-05-11,Yucatán,Alzheimer,general,1
2026-05-11,Yucatán,Alzheimer,hombres,0
2026-05-11,Yucatán,Alzheimer,mujeres,0
2026-05-18,Yucatán,Alzheimer,general,1
2026-05-18,Yucatán,Alzheimer,hombres,0
2026-05-18,Yucatán,Alzheimer,mujeres,0
2026-05-25,Yucatán,Alzheimer,general,1
2026-05-25,Yucatán,Alzheimer,hombres,0
2026-05-25,Yucatán,Alzheimer,mujeres,0
2026-06-01,Yucatán,Alzheimer,general,0
2026-06-01,Yucatán,Alzheimer,hombres,0
2026-06-01,Yucatán,Alzheimer,mujeres,0
2026-06-08,Yucatán,Alzheimer,general,0
2026-06-08,Yucatán,Alzheimer,hombres,0
2026-06-08,Yucatán,Alzheimer,mujeres,0
2026-06-15,Yucatán,Alzheimer,general,0
2026-06-15,Yucatán,Alzheimer,hombres,0
2026-06-15,Yucatán,Alzheimer,mujeres,0
2026-06-22,Yucatán,Alzheimer,general,0
2026-06-22,Yucatán,Alzheimer,hombres,0
2026-06-22,Yucatán,Alzheimer,mujeres,0
2026-06-29,Yucatán,Alzheimer,general,0
2026-06-29,Yucatán,Alzheimer,hombres,0
2026-06-29,Yucatán,Alzheimer,mujeres,0
2026-07-06,Yucatán,Alzheimer,general,0
2026-07-06,Yucatán,Alzheimer,hombres,0
2026-07-06,Yucatán,Alzheimer,mujeres,0
2026-07-13,Yucatán,Alzheimer,general,0
2026-07-13,Yucatán,Alzheimer,hombres,0
2026-07-13,Yucatán,Alzheimer,mujeres,0
2026-07-20,Yucatán,Alzheimer,general,0
2026-07-20,Yucatán,Alzheimer,hombres,0
2026-07-20,Yucatán,Alzheimer,mujeres,0
2026-07-27,Yucatán,Alzheimer,general,0
2026-07-27,Yucatán,Alzheimer,hombres,0
2026-07-27,Yucatán,Alzheimer,mujeres,0
2026-08-03,Yucatán,Alzheimer,general,0
2026-08-03,Yucatán,Alzheimer,hombres,0
2026-08-03,Yucatán,Alzheimer,mujeres,0
2026-08-10,Yucatán,Alzheimer,general,0
2026-08-10,Yucatán,Alzheimer,hombres,0
2026-08-10,Yucatán,Alzheimer,mujeres,0
2026-08-17,Yucatán,Alzheimer,general,0
2026-08-17,Yucatán,Alzheimer,hombres,0
2026-08-17,Yucatán,Alzheimer,mujeres,0
2026-08-24,Yucatán,Alzheimer,general,0
2026-08-24,Yucatán,Alzheimer,hombres,0
2026-08-24,Yucatán,Alzheimer,mujeres,0
2026-08-31,Yucatán,Alzheimer,general,1
2026-08-31,Yucatán,Alzheimer,hombres,0
2026-08-31,Yucatán,Alzheimer,mujeres,0
2026-09-07,Yucatán,Alzheimer,general,1
2026-09-07,Yucatán,Alzheimer,hombres,0
2026-09-07,Yucatán,Alzheimer,mujeres,0
2026-09-14,Yucatán,Alzheimer,general,1
2026-09-14,Yucatán,Alzheimer,hombres,0
2026-09-14,Yucatán,Alzheimer,mujeres,0
2026-09-21,Yucatán,Alzheimer,general,1
2026-09-21,Yucatán,Alzheimer,hombres,0
2026-09-21,Yucatán,Alzheimer,mujeres,0
2026-09-28,Yucatán,Alzheimer,general,1
2026-09-28,Yucatán,Alzheimer,hombres,0
2026-09-28,Yucatán,Alzheimer,mujeres,0
2026-10-05,Yucatán,Alzheimer,general,0
2026-10-05,Yucatán,Alzheimer,hombres,0
2026-10-05,Yucatán,Alzheimer,mujeres,0
2026-10-12,Yucatán,Alzheimer,general,0
2026-10-12,Yucatán,Alzheimer,hombres,0
2026-10-12,Yucatán,Alzheimer,mujeres,0
2026-10-19,Yucatán,Alzheimer,general,0
2026-10-19,Yucatán,Alzheimer,hombres,0
2026-10-19,Yucatán,Alzheimer,mujeres,0
2026-10-26,Yucatán,Alzheimer,general,0
2026-10-26,Yucatán,Alzheimer,hombres,0
2026-10-26,Yucatán,Alzheimer,mujeres,0
2026-11-02,Yucatán,Alzheimer,general,0
2026-11-02,Yucatán,Alzheimer,hombres,0
2026-11-02,Yucatán,Alzheimer,mujeres,0
2026-11-09,Yucatán,Alzheimer,general,0
2026-11-09,Yucatán,Alzheimer,hombres,0
2026-11-09,Yucatán,Alzheimer,mujeres,0
2026-11-16,Yucatán,Alzheimer,general,0
2026-11-16,Yucatán,Alzheimer,hombres,0
2026-11-16,Yucatán,Alzheimer,mujeres,0
2026-11-23,Yucatán,Alzheimer,general,0
2026-11-23,Yucatán,Alzheimer,hombres,0
2026-11-23,Yucatán,Alzheimer,mujeres,0
2026-11-30,Yucatán,Alzheimer,general,0
2026-11-30,Yucatán,Alzheimer,hombres,0
2026-11-30,Yucatán,Alzheimer,mujeres,0
2026-12-07,Yucatán,Alzheimer,general,0
2026-12-07,Yucatán,Alzheimer,hombres,0
2026-12-07,Yucatán,Alzheimer,mujeres,0
2026-12-14,Yucatán,Alzheimer,general,0
2026-12-14,Yucatán,Alzheimer,hombres,0
2026-12-14,Yucatán,Alzheimer,mujeres,0
2026-12-21,Yucatán,Alzheimer,general,0
2026-12-21,Yucatán,Alzheimer,hombres,0
2026-12-21,Yucatán,Alzheimer,mujeres,0
2026-12-28,Yucatán,Alzheimer,general,0
2026-12-28,Yucatán,Alzheimer,hombres,0
2026-12-28,Yucatán,Alzheimer,mujeres,0
2027-01-04,Yucatán,Alzheimer,general,0
2027-01-04,Yucatán,Alzheimer,hombres,0
2027-01-04,Yucatán,Alzheimer,mujeres,0
2027-01-11,Yucatán,Alzheimer,general,0
2027-01-11,Yucatán,Alzheimer,hombres,0
2027-01-11,Yucatán,Alzheimer,mujeres,0
2027-01-18,Yucatán,Alzheimer,general,0
2027-01-18,Yucatán,Alzheimer,hombres,0
2027-01-18,Yucatán,Alzheimer,mujeres,0
2027-01-25,Yucatán,Alzheimer,general,0
2027-01-25,Yucatán,Alzheimer,hombres,0
2027-01-25,Yucatán,Alzheimer,mujeres,0
2026-02-02,Zacatecas,Alzheimer,general,1
2026-02-02,Zacatecas,Alzheimer,hombres,0
2026-02-02,Zacatecas,Alzheimer,mujeres,0
2026-02-09,Zacatecas,Alzheimer,general,1
2026-02-09,Zacatecas,Alzheimer,hombres,0
2026-02-09,Zacatecas,Alzheimer,mujeres,0
2026-02-16,Zacatecas,Alzheimer,general,1
2026-02-16,Zacatecas,Alzheimer,hombres,0
2026-02-16,Zacatecas,Alzheimer,mujeres,0
2026-02-23,Zacatecas,Alzheimer,general,1
2026-02-23,Zacatecas,Alzheimer,hombres,0
2026-02-23,Zacatecas,Alzheimer,mujeres,0
2026-03-02,Zacatecas,Alzheimer,general,1
2026-03-02,Zacatecas,Alzheimer,hombres,0
2026-03-02,Zacatecas,Alzheimer,mujeres,0
2026-03-09,Zacatecas,Alzheimer,general,1
2026-03-09,Zacatecas,Alzheimer,hombres,0
2026-03-09,Zacatecas,Alzheimer,mujeres,0
2026-03-16,Zacatecas,Alzheimer,general,1
2026-03-16,Zacatecas,Alzheimer,hombres,0
2026-03-16,Zacatecas,Alzheimer,mujeres,0
2026-03-23,Zacatecas,Alzheimer,general,1
2026-03-23,Zacatecas,Alzheimer,hombres,0
2026-03-23,Zacatecas,Alzheimer,mujeres,0
2026-03-30,Zacatecas,Alzheimer,general,1
2026-03-30,Zacatecas,Alzheimer,hombres,0
2026-03-30,Zacatecas,Alzheimer,mujeres,0
2026-04-06,Zacatecas,Alzheimer,general,1
2026-04-06,Zacatecas,Alzheimer,hombres,0
2026-04-06,Zacatecas,Alzheimer,mujeres,0
2026-04-13,Zacatecas,Alzheimer,general,1
2026-04-13,Zacatecas,Alzheimer,hombres,0
2026-04-13,Zacatecas,Alzheimer,mujeres,0
2026-04-20,Zacatecas,Alzheimer,general,1
2026-04-20,Zacatecas,Alzheimer,hombres,0
2026-04-20,Zacatecas,Alzheimer,mujeres,0
2026-04-27,Zacatecas,Alzheimer,general,1
2026-04-27,Zacatecas,Alzheimer,hombres,0
2026-04-27,Zacatecas,Alzheimer,mujeres,0
2026-05-04,Zacatecas,Alzheimer,general,1
2026-05-04,Zacatecas,Alzheimer,hombres,0
2026-05-04,Zacatecas,Alzheimer,mujeres,0
2026-05-11,Zacatecas,Alzheimer,general,1
2026-05-11,Zacatecas,Alzheimer,hombres,0
2026-05-11,Zacatecas,Alzheimer,mujeres,0
2026-05-18,Zacatecas,Alzheimer,general,1
2026-05-18,Zacatecas,Alzheimer,hombres,0
2026-05-18,Zacatecas,Alzheimer,mujeres,0
2026-05-25,Zacatecas,Alzheimer,general,1
2026-05-25,Zacatecas,Alzheimer,hombres,0
2026-05-25,Zacatecas,Alzheimer,mujeres,0
2026-06-01,Zacatecas,Alzheimer,general,1
2026-06-01,Zacatecas,Alzheimer,hombres,0
2026-06-01,Zacatecas,Alzheimer,mujeres,0
2026-06-08,Zacatecas,Alzheimer,general,1
2026-06-08,Zacatecas,Alzheimer,hombres,0
2026-06-08,Zacatecas,Alzheimer,mujeres,0
2026-06-15,Zacatecas,Alzheimer,general,1
2026-06-15,Zacatecas,Alzheimer,hombres,0
2026-06-15,Zacatecas,Alzheimer,mujeres,0
2026-06-22,Zacatecas,Alzheimer,general,1
2026-06-22,Zacatecas,Alzheimer,hombres,0
2026-06-22,Zacatecas,Alzheimer,mujeres,0
2026-06-29,Zacatecas,Alzheimer,general,1
2026-06-29,Zacatecas,Alzheimer,hombres,0
2026-06-29,Zacatecas,Alzheimer,mujeres,0
2026-07-06,Zacatecas,Alzheimer,general,1
2026-07-06,Zacatecas,Alzheimer,hombres,0
2026-07-06,Zacatecas,Alzheimer,mujeres,0
2026-07-13,Zacatecas,Alzheimer,general,1
2026-07-13,Zacatecas,Alzheimer,hombres,0
2026-07-13,Zacatecas,Alzheimer,mujeres,0
2026-07-20,Zacatecas,Alzheimer,general,1
2026-07-20,Zacatecas,Alzheimer,hombres,0
2026-07-20,Zacatecas,Alzheimer,mujeres,0
2026-07-27,Zacatecas,Alzheimer,general,1
2026-07-27,Zacatecas,Alzheimer,hombres,0
2026-07-27,Zacatecas,Alzheimer,mujeres,0
2026-08-03,Zacatecas,Alzheimer,general,1
2026-08-03,Zacatecas,Alzheimer,hombres,0
2026-08-03,Zacatecas,Alzheimer,mujeres,0
2026-08-10,Zacatecas,Alzheimer,general,1
2026-08-10,Zacatecas,Alzheimer,hombres,0
2026-08-10,Zacatecas,Alzheimer,mujeres,0
2026-08-17,Zacatecas,Alzheimer,general,1
2026-08-17,Zacatecas,Alzheimer,hombres,0
2026-08-17,Zacatecas,Alzheimer,mujeres,0
2026-08-24,Zacatecas,Alzheimer,general,1
2026-08-24,Zacatecas,Alzheimer,hombres,0
2026-08-24,Zacatecas,Alzheimer,mujeres,0
2026-08-31,Zacatecas,Alzheimer,general,1
2026-08-31,Zacatecas,Alzheimer,hombres,0
2026-08-31,Zacatecas,Alzheimer,mujeres,0
2026-09-07,Zacatecas,Alzheimer,general,1
2026-09-07,Zacatecas,Alzheimer,hombres,0
2026-09-07,Zacatecas,Alzheimer,mujeres,0
2026-09-14,Zacatecas,Alzheimer,general,1
2026-09-14,Zacatecas,Alzheimer,hombres,0
2026-09-14,Zacatecas,Alzheimer,mujeres,0
2026-09-21,Zacatecas,Alzheimer,general,1
2026-09-21,Zacatecas,Alzheimer,hombres,0
2026-09-21,Zacatecas,Alzheimer,mujeres,0
2026-09-28,Zacatecas,Alzheimer,general,1
2026-09-28,Zacatecas,Alzheimer,hombres,0
2026-09-28,Zacatecas,Alzheimer,mujeres,0
2026-10-05,Zacatecas,Alzheimer,general,1
2026-10-05,Zacatecas,Alzheimer,hombres,0
2026-10-05,Zacatecas,Alzheimer,mujeres,0
2026-10-12,Zacatecas,Alzheimer,general,1
2026-10-12,Zacatecas,Alzheimer,hombres,0
2026-10-12,Zacatecas,Alzheimer,mujeres,0
2026-10-19,Zacatecas,Alzheimer,general,1
2026-10-19,Zacatecas,Alzheimer,hombres,0
2026-10-19,Zacatecas,Alzheimer,mujeres,0
2026-10-26,Zacatecas,Alzheimer,general,1
2026-10-26,Zacatecas,Alzheimer,hombres,0
2026-10-26,Zacatecas,Alzheimer,mujeres,0
2026-11-02,Zacatecas,Alzheimer,general,1
2026-11-02,Zacatecas,Alzheimer,hombres,0
2026-11-02,Zacatecas,Alzheimer,mujeres,0
2026-11-09,Zacatecas,Alzheimer,general,1
2026-11-09,Zacatecas,Alzheimer,hombres,0
2026-11-09,Zacatecas,Alzheimer,mujeres,0
2026-11-16,Zacatecas,Alzheimer,general,1
2026-11-16,Zacatecas,Alzheimer,hombres,0
2026-11-16,Zacatecas,Alzheimer,mujeres,0
2026-11-23,Zacatecas,Alzheimer,general,1
2026-11-23,Zacatecas,Alzheimer,hombres,0
2026-11-23,Zacatecas,Alzheimer,mujeres,0
2026-11-30,Zacatecas,Alzheimer,general,1
2026-11-30,Zacatecas,Alzheimer,hombres,0
2026-11-30,Zacatecas,Alzheimer,mujeres,0
2026-12-07,Zacatecas,Alzheimer,general,1
2026-12-07,Zacatecas,Alzheimer,hombres,0
2026-12-07,Zacatecas,Alzheimer,mujeres,0
2026-12-14,Zacatecas,Alzheimer,general,1
2026-12-14,Zacatecas,Alzheimer,hombres,0
2026-12-14,Zacatecas,Alzheimer,mujeres,0
2026-12-21,Zacatecas,Alzheimer,general,1
2026-12-21,Zacatecas,Alzheimer,hombres,0
2026-12-21,Zacatecas,Alzheimer,mujeres,0
2026-12-28,Zacatecas,Alzheimer,general,1
2026-12-28,Zacatecas,Alzheimer,hombres,0
2026-12-28,Zacatecas,Alzheimer,mujeres,0
2027-01-04,Zacatecas,Alzheimer,general,1
2027-01-04,Zacatecas,Alzheimer,hombres,0
2027-01-04,Zacatecas,Alzheimer,mujeres,0
2027-01-11,Zacatecas,Alzheimer,general,1
2027-01-11,Zacatecas,Alzheimer,hombres,0
2027-01-11,Zacatecas,Alzheimer,mujeres,0
2027-01-18,Zacatecas,Alzheimer,general,1
2027-01-18,Zacatecas,Alzheimer,hombres,0
2027-01-18,Zacatecas,Alzheimer,mujeres,0
2027-01-25,Zacatecas,Alzheimer,general,1
2027-01-25,Zacatecas,Alzheimer,hombres,0
2027-01-25,Zacatecas,Alzheimer,mujeres,0
2026-02-02,Aguascalientes,Depresión,general,31
2026-02-02,Aguascalientes,Depresión,hombres,6
2026-02-02,Aguascalientes,Depresión,mujeres,16
2026-02-09,Aguascalientes,Depresión,general,34
2026-02-09,Aguascalientes,Depresión,hombres,6
2026-02-09,Aguascalientes,Depresión,mujeres,24
2026-02-16,Aguascalientes,Depresión,general,37
2026-02-16,Aguascalientes,Depresión,hombres,5
2026-02-16,Aguascalientes,Depresión,mujeres,16
2026-02-23,Aguascalientes,Depresión,general,31
2026-02-23,Aguascalientes,Depresión,hombres,4
2026-02-23,Aguascalientes,Depresión,mujeres,19
2026-03-02,Aguascalientes,Depresión,general,28
2026-03-02,Aguascalientes,Depresión,hombres,5
2026-03-02,Aguascalientes,Depresión,mujeres,15
2026-03-09,Aguascalientes,Depresión,general,30
2026-03-09,Aguascalientes,Depresión,hombres,5
2026-03-09,Aguascalientes,Depresión,mujeres,16
2026-03-16,Aguascalientes,Depresión,general,26
2026-03-16,Aguascalientes,Depresión,hombres,4
2026-03-16,Aguascalientes,Depresión,mujeres,16
2026-03-23,Aguascalientes,Depresión,general,27
2026-03-23,Aguascalientes,Depresión,hombres,4
2026-03-23,Aguascalientes,Depresión,mujeres,26
2026-03-30,Aguascalientes,Depresión,general,23
2026-03-30,Aguascalientes,Depresión,hombres,5
2026-03-30,Aguascalientes,Depresión,mujeres,24
2026-04-06,Aguascalientes,Depresión,general,35
2026-04-06,Aguascalientes,Depresión,hombres,7
2026-04-06,Aguascalientes,Depresión,mujeres,23
2026-04-13,Aguascalientes,Depresión,general,27
2026-04-13,Aguascalientes,Depresión,hombres,8
2026-04-13,Aguascalientes,Depresión,mujeres,33
2026-04-20,Aguascalientes,Depresión,general,36
2026-04-20,Aguascalientes,Depresión,hombres,8
2026-04-20,Aguascalientes,Depresión,mujeres,31
2026-04-27,Aguascalientes,Depresión,general,25
2026-04-27,Aguascalientes,Depresión,hombres,7
2026-04-27,Aguascalientes,Depresión,mujeres,31
2026-05-04,Aguascalientes,Depresión,general,27
2026-05-04,Aguascalientes,Depresión,hombres,7
2026-05-04,Aguascalientes,Depresión,mujeres,28
2026-05-11,Aguascalientes,Depresión,general,31
2026-05-11,Aguascalientes,Depresión,hombres,8
2026-05-11,Aguascalientes,Depresión,mujeres,35
2026-05-18,Aguascalientes,Depresión,general,30
2026-05-18,Aguascalientes,Depresión,hombres,6
2026-05-18,Aguascalientes,Depresión,mujeres,30
2026-05-25,Aguascalientes,Depresión,general,28
2026-05-25,Aguascalientes,Depresión,hombres,9
2026-05-25,Aguascalientes,Depresión,mujeres,25
2026-06-01,Aguascalientes,Depresión,general,29
2026-06-01,Aguascalientes,Depresión,hombres,9
2026-06-01,Aguascalientes,Depresión,mujeres,30
2026-06-08,Aguascalientes,Depresión,general,23
2026-06-08,Aguascalientes,Depresión,hombres,9
2026-06-08,Aguascalientes,Depresión,mujeres,19
2026-06-15,Aguascalientes,Depresión,general,23
2026-06-15,Aguascalientes,Depresión,hombres,8
2026-06-15,Aguascalientes,Depresión,mujeres,23
2026-06-22,Aguascalientes,Depresión,general,19
2026-06-22,Aguascalientes,Depresión,hombres,9
2026-06-22,Aguascalientes,Depresión,mujeres,22
2026-06-29,Aguascalientes,Depresión,general,16
2026-06-29,Aguascalientes,Depresión,hombres,10
2026-06-29,Aguascalientes,Depresión,mujeres,20
2026-07-06,Aguascalientes,Depresión,general,21
2026-07-06,Aguascalientes,Depresión,hombres,8
2026-07-06,Aguascalientes,Depresión,mujeres,20
2026-07-13,Aguascalientes,Depresión,general,20
2026-07-13,Aguascalientes,Depresión,hombres,12
2026-07-13,Aguascalientes,Depresión,mujeres,28
2026-07-20,Aguascalientes,Depresión,general,23
2026-07-20,Aguascalientes,Depresión,hombres,11
2026-07-20,Aguascalientes,Depresión,mujeres,35
2026-07-27,Aguascalientes,Depresión,general,19
2026-07-27,Aguascalientes,Depresión,hombres,5
2026-07-27,Aguascalientes,Depresión,mujeres,19
2026-08-03,Aguascalientes,Depresión,general,21
2026-08-03,Aguascalientes,Depresión,hombres,13
2026-08-03,Aguascalientes,Depresión,mujeres,28
2026-08-10,Aguascalientes,Depresión,general,23
2026-08-10,Aguascalientes,Depresión,hombres,10
2026-08-10,Aguascalientes,Depresión,mujeres,31
2026-08-17,Aguascalientes,Depresión,general,26
2026-08-17,Aguascalientes,Depresión,hombres,9
2026-08-17,Aguascalientes,Depresión,mujeres,30
2026-08-24,Aguascalientes,Depresión,general,25
2026-08-24,Aguascalientes,Depresión,hombres,11
2026-08-24,Aguascalientes,Depresión,mujeres,18
2026-08-31,Aguascalientes,Depresión,general,22
2026-08-31,Aguascalientes,Depresión,hombres,6
2026-08-31,Aguascalientes,Depresión,mujeres,25
2026-09-07,Aguascalientes,Depresión,general,20
2026-09-07,Aguascalientes,Depresión,hombres,7
2026-09-07,Aguascalientes,Depresión,mujeres,28
2026-09-14,Aguascalientes,Depresión,general,20
2026-09-14,Aguascalientes,Depresión,hombres,8
2026-09-14,Aguascalientes,Depresión,mujeres,22
2026-09-21,Aguascalientes,Depresión,general,15
2026-09-21,Aguascalientes,Depresión,hombres,10
2026-09-21,Aguascalientes,Depresión,mujeres,22
2026-09-28,Aguascalientes,Depresión,general,24
2026-09-28,Aguascalientes,Depresión,hombres,7
2026-09-28,Aguascalientes,Depresión,mujeres,28
2026-10-05,Aguascalientes,Depresión,general,25
2026-10-05,Aguascalientes,Depresión,hombres,6
2026-10-05,Aguascalientes,Depresión,mujeres,31
2026-10-12,Aguascalientes,Depresión,general,15
2026-10-12,Aguascalientes,Depresión,hombres,7
2026-10-12,Aguascalientes,Depresión,mujeres,27
2026-10-19,Aguascalientes,Depresión,general,17
2026-10-19,Aguascalientes,Depresión,hombres,10
2026-10-19,Aguascalientes,Depresión,mujeres,22
2026-10-26,Aguascalientes,Depresión,general,17
2026-10-26,Aguascalientes,Depresión,hombres,5
2026-10-26,Aguascalientes,Depresión,mujeres,24
2026-11-02,Aguascalientes,Depresión,general,15
2026-11-02,Aguascalientes,Depresión,hombres,6
2026-11-02,Aguascalientes,Depresión,mujeres,20
2026-11-09,Aguascalientes,Depresión,general,11
2026-11-09,Aguascalientes,Depresión,hombres,9
2026-11-09,Aguascalientes,Depresión,mujeres,26
2026-11-16,Aguascalientes,Depresión,general,19
2026-11-16,Aguascalientes,Depresión,hombres,4
2026-11-16,Aguascalientes,Depresión,mujeres,25
2026-11-23,Aguascalientes,Depresión,general,20
2026-11-23,Aguascalientes,Depresión,hombres,5
2026-11-23,Aguascalientes,Depresión,mujeres,23
2026-11-30,Aguascalientes,Depresión,general,12
2026-11-30,Aguascalientes,Depresión,hombres,8
2026-11-30,Aguascalientes,Depresión,mujeres,17
2026-12-07,Aguascalientes,Depresión,general,13
2026-12-07,Aguascalientes,Depresión,hombres,4
2026-12-07,Aguascalientes,Depresión,mujeres,24
2026-12-14,Aguascalientes,Depresión,general,12
2026-12-14,Aguascalientes,Depresión,hombres,6
2026-12-14,Aguascalientes,Depresión,mujeres,17
2026-12-21,Aguascalientes,Depresión,general,7
2026-12-21,Aguascalientes,Depresión,hombres,3
2026-12-21,Aguascalientes,Depresión,mujeres,13
2026-12-28,Aguascalientes,Depresión,general,14
2026-12-28,Aguascalientes,Depresión,hombres,4
2026-12-28,Aguascalientes,Depresión,mujeres,14
2027-01-04,Aguascalientes,Depresión,general,11
2027-01-04,Aguascalientes,Depresión,hombres,4
2027-01-04,Aguascalientes,Depresión,mujeres,16
2027-01-11,Aguascalientes,Depresión,general,13
2027-01-11,Aguascalientes,Depresión,hombres,7
2027-01-11,Aguascalientes,Depresión,mujeres,22
2027-01-18,Aguascalientes,Depresión,general,12
2027-01-18,Aguascalientes,Depresión,hombres,8
2027-01-18,Aguascalientes,Depresión,mujeres,25
2027-01-25,Aguascalientes,Depresión,general,12
2027-01-25,Aguascalientes,Depresión,hombres,7
2027-01-25,Aguascalientes,Depresión,mujeres,19
2026-02-02,Baja California,Depresión,general,95
2026-02-02,Baja California,Depresión,hombres,29
2026-02-02,Baja California,Depresión,mujeres,69
2026-02-09,Baja California,Depresión,general,132
2026-02-09,Baja California,Depresión,hombres,33
2026-02-09,Baja California,Depresión,mujeres,82
2026-02-16,Baja California,Depresión,general,127
2026-02-16,Baja California,Depresión,hombres,25
2026-02-16,Baja California,Depresión,mujeres,68
2026-02-23,Baja California,Depresión,general,116
2026-02-23,Baja California,Depresión,hombres,34
2026-02-23,Baja California,Depresión,mujeres,66
2026-03-02,Baja California,Depresión,general,125
2026-03-02,Baja California,Depresión,hombres,33
2026-03-02,Baja California,Depresión,mujeres,63
2026-03-09,Baja California,Depresión,general,133
2026-03-09,Baja California,Depresión,hombres,27
2026-03-09,Baja California,Depresión,mujeres,67
2026-03-16,Baja California,Depresión,general,105
2026-03-16,Baja California,Depresión,hombres,28
2026-03-16,Baja California,Depresión,mujeres,62
2026-03-23,Baja California,Depresión,general,123
2026-03-23,Baja California,Depresión,hombres,33
2026-03-23,Baja California,Depresión,mujeres,60
2026-03-30,Baja California,Depresión,general,115
2026-03-30,Baja California,Depresión,hombres,24
2026-03-30,Baja California,Depresión,mujeres,59
2026-04-06,Baja California,Depresión,general,109
2026-04-06,Baja California,Depresión,hombres,35
2026-04-06,Baja California,Depresión,mujeres,49
2026-04-13,Baja California,Depresión,general,124
2026-04-13,Baja California,Depresión,hombres,38
2026-04-13,Baja California,Depresión,mujeres,64
2026-04-20,Baja California,Depresión,general,108
2026-04-20,Baja California,Depresión,hombres,32
2026-04-20,Baja California,Depresión,mujeres,71
2026-04-27,Baja California,Depresión,general,121
2026-04-27,Baja California,Depresión,hombres,29
2026-04-27,Baja California,Depresión,mujeres,65
2026-05-04,Baja California,Depresión,general,107
2026-05-04,Baja California,Depresión,hombres,32
2026-05-04,Baja California,Depresión,mujeres,61
2026-05-11,Baja California,Depresión,general,111
2026-05-11,Baja California,Depresión,hombres,34
2026-05-11,Baja California,Depresión,mujeres,67
2026-05-18,Baja California,Depresión,general,123
2026-05-18,Baja California,Depresión,hombres,40
2026-05-18,Baja California,Depresión,mujeres,70
2026-05-25,Baja California,Depresión,general,120
2026-05-25,Baja California,Depresión,hombres,39
2026-05-25,Baja California,Depresión,mujeres,72
2026-06-01,Baja California,Depresión,general,102
2026-06-01,Baja California,Depresión,hombres,27
2026-06-01,Baja California,Depresión,mujeres,63
2026-06-08,Baja California,Depresión,general,127
2026-06-08,Baja California,Depresión,hombres,37
2026-06-08,Baja California,Depresión,mujeres,72
2026-06-15,Baja California,Depresión,general,107
2026-06-15,Baja California,Depresión,hombres,30
2026-06-15,Baja California,Depresión,mujeres,62
2026-06-22,Baja California,Depresión,general,114
2026-06-22,Baja California,Depresión,hombres,28
2026-06-22,Baja California,Depresión,mujeres,59
2026-06-29,Baja California,Depresión,general,115
2026-06-29,Baja California,Depresión,hombres,39
2026-06-29,Baja California,Depresión,mujeres,57
2026-07-06,Baja California,Depresión,general,129
2026-07-06,Baja California,Depresión,hombres,30
2026-07-06,Baja California,Depresión,mujeres,60
2026-07-13,Baja California,Depresión,general,142
2026-07-13,Baja California,Depresión,hombres,41
2026-07-13,Baja California,Depresión,mujeres,68
2026-07-20,Baja California,Depresión,general,94
2026-07-20,Baja California,Depresión,hombres,28
2026-07-20,Baja California,Depresión,mujeres,61
2026-07-27,Baja California,Depresión,general,111
2026-07-27,Baja California,Depresión,hombres,33
2026-07-27,Baja California,Depresión,mujeres,68
2026-08-03,Baja California,Depresión,general,111
2026-08-03,Baja California,Depresión,hombres,30
2026-08-03,Baja California,Depresión,mujeres,59
2026-08-10,Baja California,Depresión,general,117
2026-08-10,Baja California,Depresión,hombres,39
2026-08-10,Baja California,Depresión,mujeres,63
2026-08-17,Baja California,Depresión,general,102
2026-08-17,Baja California,Depresión,hombres,24
2026-08-17,Baja California,Depresión,mujeres,59
2026-08-24,Baja California,Depresión,general,98
2026-08-24,Baja California,Depresión,hombres,33
2026-08-24,Baja California,Depresión,mujeres,67
2026-08-31,Baja California,Depresión,general,103
2026-08-31,Baja California,Depresión,hombres,28
2026-08-31,Baja California,Depresión,mujeres,66
2026-09-07,Baja California,Depresión,general,134
2026-09-07,Baja California,Depresión,hombres,30
2026-09-07,Baja California,Depresión,mujeres,68
2026-09-14,Baja California,Depresión,general,112
2026-09-14,Baja California,Depresión,hombres,30
2026-09-14,Baja California,Depresión,mujeres,73
2026-09-21,Baja California,Depresión,general,84
2026-09-21,Baja California,Depresión,hombres,34
2026-09-21,Baja California,Depresión,mujeres,63
2026-09-28,Baja California,Depresión,general,97
2026-09-28,Baja California,Depresión,hombres,32
2026-09-28,Baja California,Depresión,mujeres,60
2026-10-05,Baja California,Depresión,general,90
2026-10-05,Baja California,Depresión,hombres,32
2026-10-05,Baja California,Depresión,mujeres,65
2026-10-12,Baja California,Depresión,general,112
2026-10-12,Baja California,Depresión,hombres,31
2026-10-12,Baja California,Depresión,mujeres,67
2026-10-19,Baja California,Depresión,general,100
2026-10-19,Baja California,Depresión,hombres,30
2026-10-19,Baja California,Depresión,mujeres,63
2026-10-26,Baja California,Depresión,general,115
2026-10-26,Baja California,Depresión,hombres,35
2026-10-26,Baja California,Depresión,mujeres,63
2026-11-02,Baja California,Depresión,general,101
2026-11-02,Baja California,Depresión,hombres,29
2026-11-02,Baja California,Depresión,mujeres,57
2026-11-09,Baja California,Depresión,general,118
2026-11-09,Baja California,Depresión,hombres,32
2026-11-09,Baja California,Depresión,mujeres,59
2026-11-16,Baja California,Depresión,general,91
2026-11-16,Baja California,Depresión,hombres,37
2026-11-16,Baja California,Depresión,mujeres,56
2026-11-23,Baja California,Depresión,general,118
2026-11-23,Baja California,Depresión,hombres,39
2026-11-23,Baja California,Depresión,mujeres,60
2026-11-30,Baja California,Depresión,general,108
2026-11-30,Baja California,Depresión,hombres,34
2026-11-30,Baja California,Depresión,mujeres,60
2026-12-07,Baja California,Depresión,general,114
2026-12-07,Baja California,Depresión,hombres,29
2026-12-07,Baja California,Depresión,mujeres,60
2026-12-14,Baja California,Depresión,general,119
2026-12-14,Baja California,Depresión,hombres,31
2026-12-14,Baja California,Depresión,mujeres,61
2026-12-21,Baja California,Depresión,general,110
2026-12-21,Baja California,Depresión,hombres,39
2026-12-21,Baja California,Depresión,mujeres,60
2026-12-28,Baja California,Depresión,general,122
2026-12-28,Baja California,Depresión,hombres,38
2026-12-28,Baja California,Depresión,mujeres,61
2027-01-04,Baja California,Depresión,general,117
2027-01-04,Baja California,Depresión,hombres,31
2027-01-04,Baja California,Depresión,mujeres,59
2027-01-11,Baja California,Depresión,general,133
2027-01-11,Baja California,Depresión,hombres,26
2027-01-11,Baja California,Depresión,mujeres,74
2027-01-18,Baja California,Depresión,general,115
2027-01-18,Baja California,Depresión,hombres,32
2027-01-18,Baja California,Depresión,mujeres,73
2027-01-25,Baja California,Depresión,general,123
2027-01-25,Baja California,Depresión,hombres,40
2027-01-25,Baja California,Depresión,mujeres,74
2026-02-02,Baja California Sur,Depresión,general,16
2026-02-02,Baja California Sur,Depresión,hombres,5
2026-02-02,Baja California Sur,Depresión,mujeres,10
2026-02-09,Baja California Sur,Depresión,general,17
2026-02-09,Baja California Sur,Depresión,hombres,5
2026-02-09,Baja California Sur,Depresión,mujeres,12
2026-02-16,Baja California Sur,Depresión,general,14
2026-02-16,Baja California Sur,Depresión,hombres,5
2026-02-16,Baja California Sur,Depresión,mujeres,10
2026-02-23,Baja California Sur,Depresión,general,16
2026-02-23,Baja California Sur,Depresión,hombres,2
2026-02-23,Baja California Sur,Depresión,mujeres,9
2026-03-02,Baja California Sur,Depresión,general,13
2026-03-02,Baja California Sur,Depresión,hombres,4
2026-03-02,Baja California Sur,Depresión,mujeres,12
2026-03-09,Baja California Sur,Depresión,general,10
2026-03-09,Baja California Sur,Depresión,hombres,6
2026-03-09,Baja California Sur,Depresión,mujeres,8
2026-03-16,Baja California Sur,Depresión,general,12
2026-03-16,Baja California Sur,Depresión,hombres,2
2026-03-16,Baja California Sur,Depresión,mujeres,9
2026-03-23,Baja California Sur,Depresión,general,12
2026-03-23,Baja California Sur,Depresión,hombres,5
2026-03-23,Baja California Sur,Depresión,mujeres,13
2026-03-30,Baja California Sur,Depresión,general,15
2026-03-30,Baja California Sur,Depresión,hombres,5
2026-03-30,Baja California Sur,Depresión,mujeres,12
2026-04-06,Baja California Sur,Depresión,general,10
2026-04-06,Baja California Sur,Depresión,hombres,5
2026-04-06,Baja California Sur,Depresión,mujeres,9
2026-04-13,Baja California Sur,Depresión,general,11
2026-04-13,Baja California Sur,Depresión,hombres,5
2026-04-13,Baja California Sur,Depresión,mujeres,10
2026-04-20,Baja California Sur,Depresión,general,18
2026-04-20,Baja California Sur,Depresión,hombres,4
2026-04-20,Baja California Sur,Depresión,mujeres,9
2026-04-27,Baja California Sur,Depresión,general,14
2026-04-27,Baja California Sur,Depresión,hombres,2
2026-04-27,Baja California Sur,Depresión,mujeres,8
2026-05-04,Baja California Sur,Depresión,general,6
2026-05-04,Baja California Sur,Depresión,hombres,6
2026-05-04,Baja California Sur,Depresión,mujeres,6
2026-05-11,Baja California Sur,Depresión,general,14
2026-05-11,Baja California Sur,Depresión,hombres,5
2026-05-11,Baja California Sur,Depresión,mujeres,5
2026-05-18,Baja California Sur,Depresión,general,10
2026-05-18,Baja California Sur,Depresión,hombres,2
2026-05-18,Baja California Sur,Depresión,mujeres,9
2026-05-25,Baja California Sur,Depresión,general,9
2026-05-25,Baja California Sur,Depresión,hombres,1
2026-05-25,Baja California Sur,Depresión,mujeres,6
2026-06-01,Baja California Sur,Depresión,general,8
2026-06-01,Baja California Sur,Depresión,hombres,3
2026-06-01,Baja California Sur,Depresión,mujeres,7
2026-06-08,Baja California Sur,Depresión,general,8
2026-06-08,Baja California Sur,Depresión,hombres,7
2026-06-08,Baja California Sur,Depresión,mujeres,12
2026-06-15,Baja California Sur,Depresión,general,7
2026-06-15,Baja California Sur,Depresión,hombres,1
2026-06-15,Baja California Sur,Depresión,mujeres,9
2026-06-22,Baja California Sur,Depresión,general,9
2026-06-22,Baja California Sur,Depresión,hombres,3
2026-06-22,Baja California Sur,Depresión,mujeres,11
2026-06-29,Baja California Sur,Depresión,general,7
2026-06-29,Baja California Sur,Depresión,hombres,2
2026-06-29,Baja California Sur,Depresión,mujeres,11
2026-07-06,Baja California Sur,Depresión,general,9
2026-07-06,Baja California Sur,Depresión,hombres,3
2026-07-06,Baja California Sur,Depresión,mujeres,9
2026-07-13,Baja California Sur,Depresión,general,13
2026-07-13,Baja California Sur,Depresión,hombres,6
2026-07-13,Baja California Sur,Depresión,mujeres,12
2026-07-20,Baja California Sur,Depresión,general,11
2026-07-20,Baja California Sur,Depresión,hombres,7
2026-07-20,Baja California Sur,Depresión,mujeres,8
2026-07-27,Baja California Sur,Depresión,general,10
2026-07-27,Baja California Sur,Depresión,hombres,5
2026-07-27,Baja California Sur,Depresión,mujeres,11
2026-08-03,Baja California Sur,Depresión,general,12
2026-08-03,Baja California Sur,Depresión,hombres,5
2026-08-03,Baja California Sur,Depresión,mujeres,9
2026-08-10,Baja California Sur,Depresión,general,13
2026-08-10,Baja California Sur,Depresión,hombres,6
2026-08-10,Baja California Sur,Depresión,mujeres,10
2026-08-17,Baja California Sur,Depresión,general,12
2026-08-17,Baja California Sur,Depresión,hombres,6
2026-08-17,Baja California Sur,Depresión,mujeres,11
2026-08-24,Baja California Sur,Depresión,general,9
2026-08-24,Baja California Sur,Depresión,hombres,4
2026-08-24,Baja California Sur,Depresión,mujeres,10
2026-08-31,Baja California Sur,Depresión,general,11
2026-08-31,Baja California Sur,Depresión,hombres,4
2026-08-31,Baja California Sur,Depresión,mujeres,11
2026-09-07,Baja California Sur,Depresión,general,8
2026-09-07,Baja California Sur,Depresión,hombres,5
2026-09-07,Baja California Sur,Depresión,mujeres,9
2026-09-14,Baja California Sur,Depresión,general,8
2026-09-14,Baja California Sur,Depresión,hombres,8
2026-09-14,Baja California Sur,Depresión,mujeres,9
2026-09-21,Baja California Sur,Depresión,general,11
2026-09-21,Baja California Sur,Depresión,hombres,6
2026-09-21,Baja California Sur,Depresión,mujeres,9
2026-09-28,Baja California Sur,Depresión,general,10
2026-09-28,Baja California Sur,Depresión,hombres,4
2026-09-28,Baja California Sur,Depresión,mujeres,9
2026-10-05,Baja California Sur,Depresión,general,8
2026-10-05,Baja California Sur,Depresión,hombres,6
2026-10-05,Baja California Sur,Depresión,mujeres,7
2026-10-12,Baja California Sur,Depresión,general,8
2026-10-12,Baja California Sur,Depresión,hombres,6
2026-10-12,Baja California Sur,Depresión,mujeres,12
2026-10-19,Baja California Sur,Depresión,general,11
2026-10-19,Baja California Sur,Depresión,hombres,7
2026-10-19,Baja California Sur,Depresión,mujeres,7
2026-10-26,Baja California Sur,Depresión,general,11
2026-10-26,Baja California Sur,Depresión,hombres,9
2026-10-26,Baja California Sur,Depresión,mujeres,12
2026-11-02,Baja California Sur,Depresión,general,10
2026-11-02,Baja California Sur,Depresión,hombres,9
2026-11-02,Baja California Sur,Depresión,mujeres,10
2026-11-09,Baja California Sur,Depresión,general,12
2026-11-09,Baja California Sur,Depresión,hombres,4
2026-11-09,Baja California Sur,Depresión,mujeres,11
2026-11-16,Baja California Sur,Depresión,general,12
2026-11-16,Baja California Sur,Depresión,hombres,8
2026-11-16,Baja California Sur,Depresión,mujeres,8
2026-11-23,Baja California Sur,Depresión,general,10
2026-11-23,Baja California Sur,Depresión,hombres,6
2026-11-23,Baja California Sur,Depresión,mujeres,7
2026-11-30,Baja California Sur,Depresión,general,9
2026-11-30,Baja California Sur,Depresión,hombres,5
2026-11-30,Baja California Sur,Depresión,mujeres,10
2026-12-07,Baja California Sur,Depresión,general,7
2026-12-07,Baja California Sur,Depresión,hombres,8
2026-12-07,Baja California Sur,Depresión,mujeres,8
2026-12-14,Baja California Sur,Depresión,general,6
2026-12-14,Baja California Sur,Depresión,hombres,3
2026-12-14,Baja California Sur,Depresión,mujeres,8
2026-12-21,Baja California Sur,Depresión,general,6
2026-12-21,Baja California Sur,Depresión,hombres,6
2026-12-21,Baja California Sur,Depresión,mujeres,6
2026-12-28,Baja California Sur,Depresión,general,7
2026-12-28,Baja California Sur,Depresión,hombres,6
2026-12-28,Baja California Sur,Depresión,mujeres,7
2027-01-04,Baja California Sur,Depresión,general,7
2027-01-04,Baja California Sur,Depresión,hombres,11
2027-01-04,Baja California Sur,Depresión,mujeres,7
2027-01-11,Baja California Sur,Depresión,general,9
2027-01-11,Baja California Sur,Depresión,hombres,10
2027-01-11,Baja California Sur,Depresión,mujeres,10
2027-01-18,Baja California Sur,Depresión,general,10
2027-01-18,Baja California Sur,Depresión,hombres,9
2027-01-18,Baja California Sur,Depresión,mujeres,8
2027-01-25,Baja California Sur,Depresión,general,11
2027-01-25,Baja California Sur,Depresión,hombres,7
2027-01-25,Baja California Sur,Depresión,mujeres,10
2026-02-02,Campeche,Depresión,general,44
2026-02-02,Campeche,Depresión,hombres,15
2026-02-02,Campeche,Depresión,mujeres,23
2026-02-09,Campeche,Depresión,general,37
2026-02-09,Campeche,Depresión,hombres,8
2026-02-09,Campeche,Depresión,mujeres,23
2026-02-16,Campeche,Depresión,general,44
2026-02-16,Campeche,Depresión,hombres,6
2026-02-16,Campeche,Depresión,mujeres,25
2026-02-23,Campeche,Depresión,general,34
2026-02-23,Campeche,Depresión,hombres,8
2026-02-23,Campeche,Depresión,mujeres,26
2026-03-02,Campeche,Depresión,general,37
2026-03-02,Campeche,Depresión,hombres,8
2026-03-02,Campeche,Depresión,mujeres,30
2026-03-09,Campeche,Depresión,general,37
2026-03-09,Campeche,Depresión,hombres,8
2026-03-09,Campeche,Depresión,mujeres,19
2026-03-16,Campeche,Depresión,general,38
2026-03-16,Campeche,Depresión,hombres,8
2026-03-16,Campeche,Depresión,mujeres,23
2026-03-23,Campeche,Depresión,general,37
2026-03-23,Campeche,Depresión,hombres,10
2026-03-23,Campeche,Depresión,mujeres,16
2026-03-30,Campeche,Depresión,general,35
2026-03-30,Campeche,Depresión,hombres,4
2026-03-30,Campeche,Depresión,mujeres,27
2026-04-06,Campeche,Depresión,general,32
2026-04-06,Campeche,Depresión,hombres,9
2026-04-06,Campeche,Depresión,mujeres,26
2026-04-13,Campeche,Depresión,general,21
2026-04-13,Campeche,Depresión,hombres,11
2026-04-13,Campeche,Depresión,mujeres,18
2026-04-20,Campeche,Depresión,general,32
2026-04-20,Campeche,Depresión,hombres,11
2026-04-20,Campeche,Depresión,mujeres,15
2026-04-27,Campeche,Depresión,general,31
2026-04-27,Campeche,Depresión,hombres,9
2026-04-27,Campeche,Depresión,mujeres,16
2026-05-04,Campeche,Depresión,general,39
2026-05-04,Campeche,Depresión,hombres,9
2026-05-04,Campeche,Depresión,mujeres,12
2026-05-11,Campeche,Depresión,general,49
2026-05-11,Campeche,Depresión,hombres,8
2026-05-11,Campeche,Depresión,mujeres,19
2026-05-18,Campeche,Depresión,general,41
2026-05-18,Campeche,Depresión,hombres,6
2026-05-18,Campeche,Depresión,mujeres,23
2026-05-25,Campeche,Depresión,general,41
2026-05-25,Campeche,Depresión,hombres,8
2026-05-25,Campeche,Depresión,mujeres,24
2026-06-01,Campeche,Depresión,general,41
2026-06-01,Campeche,Depresión,hombres,6
2026-06-01,Campeche,Depresión,mujeres,24
2026-06-08,Campeche,Depresión,general,37
2026-06-08,Campeche,Depresión,hombres,6
2026-06-08,Campeche,Depresión,mujeres,23
2026-06-15,Campeche,Depresión,general,35
2026-06-15,Campeche,Depresión,hombres,6
2026-06-15,Campeche,Depresión,mujeres,27
2026-06-22,Campeche,Depresión,general,38
2026-06-22,Campeche,Depresión,hombres,7
2026-06-22,Campeche,Depresión,mujeres,26
2026-06-29,Campeche,Depresión,general,31
2026-06-29,Campeche,Depresión,hombres,5
2026-06-29,Campeche,Depresión,mujeres,16
2026-07-06,Campeche,Depresión,general,32
2026-07-06,Campeche,Depresión,hombres,7
2026-07-06,Campeche,Depresión,mujeres,22
2026-07-13,Campeche,Depresión,general,30
2026-07-13,Campeche,Depresión,hombres,8
2026-07-13,Campeche,Depresión,mujeres,20
2026-07-20,Campeche,Depresión,general,44
2026-07-20,Campeche,Depresión,hombres,6
2026-07-20,Campeche,Depresión,mujeres,23
2026-07-27,Campeche,Depresión,general,45
2026-07-27,Campeche,Depresión,hombres,7
2026-07-27,Campeche,Depresión,mujeres,23
2026-08-03,Campeche,Depresión,general,45
2026-08-03,Campeche,Depresión,hombres,7
2026-08-03,Campeche,Depresión,mujeres,17
2026-08-10,Campeche,Depresión,general,44
2026-08-10,Campeche,Depresión,hombres,9
2026-08-10,Campeche,Depresión,mujeres,20
2026-08-17,Campeche,Depresión,general,38
2026-08-17,Campeche,Depresión,hombres,5
2026-08-17,Campeche,Depresión,mujeres,20
2026-08-24,Campeche,Depresión,general,29
2026-08-24,Campeche,Depresión,hombres,8
2026-08-24,Campeche,Depresión,mujeres,20
2026-08-31,Campeche,Depresión,general,30
2026-08-31,Campeche,Depresión,hombres,7
2026-08-31,Campeche,Depresión,mujeres,23
2026-09-07,Campeche,Depresión,general,32
2026-09-07,Campeche,Depresión,hombres,8
2026-09-07,Campeche,Depresión,mujeres,23
2026-09-14,Campeche,Depresión,general,24
2026-09-14,Campeche,Depresión,hombres,10
2026-09-14,Campeche,Depresión,mujeres,23
2026-09-21,Campeche,Depresión,general,25
2026-09-21,Campeche,Depresión,hombres,6
2026-09-21,Campeche,Depresión,mujeres,23
2026-09-28,Campeche,Depresión,general,32
2026-09-28,Campeche,Depresión,hombres,8
2026-09-28,Campeche,Depresión,mujeres,24
2026-10-05,Campeche,Depresión,general,31
2026-10-05,Campeche,Depresión,hombres,11
2026-10-05,Campeche,Depresión,mujeres,31
2026-10-12,Campeche,Depresión,general,37
2026-10-12,Campeche,Depresión,hombres,8
2026-10-12,Campeche,Depresión,mujeres,17
2026-10-19,Campeche,Depresión,general,34
2026-10-19,Campeche,Depresión,hombres,7
2026-10-19,Campeche,Depresión,mujeres,19
2026-10-26,Campeche,Depresión,general,30
2026-10-26,Campeche,Depresión,hombres,6
2026-10-26,Campeche,Depresión,mujeres,26
2026-11-02,Campeche,Depresión,general,27
2026-11-02,Campeche,Depresión,hombres,7
2026-11-02,Campeche,Depresión,mujeres,25
2026-11-09,Campeche,Depresión,general,34
2026-11-09,Campeche,Depresión,hombres,8
2026-11-09,Campeche,Depresión,mujeres,22
2026-11-16,Campeche,Depresión,general,30
2026-11-16,Campeche,Depresión,hombres,4
2026-11-16,Campeche,Depresión,mujeres,22
2026-11-23,Campeche,Depresión,general,26
2026-11-23,Campeche,Depresión,hombres,5
2026-11-23,Campeche,Depresión,mujeres,23
2026-11-30,Campeche,Depresión,general,31
2026-11-30,Campeche,Depresión,hombres,8
2026-11-30,Campeche,Depresión,mujeres,25
2026-12-07,Campeche,Depresión,general,24
2026-12-07,Campeche,Depresión,hombres,8
2026-12-07,Campeche,Depresión,mujeres,26
2026-12-14,Campeche,Depresión,general,28
2026-12-14,Campeche,Depresión,hombres,10
2026-12-14,Campeche,Depresión,mujeres,17
2026-12-21,Campeche,Depresión,general,20
2026-12-21,Campeche,Depresión,hombres,6
2026-12-21,Campeche,Depresión,mujeres,20
2026-12-28,Campeche,Depresión,general,18
2026-12-28,Campeche,Depresión,hombres,5
2026-12-28,Campeche,Depresión,mujeres,16
2027-01-04,Campeche,Depresión,general,26
2027-01-04,Campeche,Depresión,hombres,4
2027-01-04,Campeche,Depresión,mujeres,17
2027-01-11,Campeche,Depresión,general,28
2027-01-11,Campeche,Depresión,hombres,12
2027-01-11,Campeche,Depresión,mujeres,22
2027-01-18,Campeche,Depresión,general,23
2027-01-18,Campeche,Depresión,hombres,7
2027-01-18,Campeche,Depresión,mujeres,27
2027-01-25,Campeche,Depresión,general,36
2027-01-25,Campeche,Depresión,hombres,7
2027-01-25,Campeche,Depresión,mujeres,32
2026-02-02,Chiapas,Depresión,general,52
2026-02-02,Chiapas,Depresión,hombres,7
2026-02-02,Chiapas,Depresión,mujeres,43
2026-02-09,Chiapas,Depresión,general,57
2026-02-09,Chiapas,Depresión,hombres,14
2026-02-09,Chiapas,Depresión,mujeres,37
2026-02-16,Chiapas,Depresión,general,70
2026-02-16,Chiapas,Depresión,hombres,28
2026-02-16,Chiapas,Depresión,mujeres,41
2026-02-23,Chiapas,Depresión,general,59
2026-02-23,Chiapas,Depresión,hombres,31
2026-02-23,Chiapas,Depresión,mujeres,45
2026-03-02,Chiapas,Depresión,general,63
2026-03-02,Chiapas,Depresión,hombres,19
2026-03-02,Chiapas,Depresión,mujeres,51
2026-03-09,Chiapas,Depresión,general,86
2026-03-09,Chiapas,Depresión,hombres,12
2026-03-09,Chiapas,Depresión,mujeres,64
2026-03-16,Chiapas,Depresión,general,60
2026-03-16,Chiapas,Depresión,hombres,11
2026-03-16,Chiapas,Depresión,mujeres,59
2026-03-23,Chiapas,Depresión,general,65
2026-03-23,Chiapas,Depresión,hombres,11
2026-03-23,Chiapas,Depresión,mujeres,57
2026-03-30,Chiapas,Depresión,general,43
2026-03-30,Chiapas,Depresión,hombres,17
2026-03-30,Chiapas,Depresión,mujeres,52
2026-04-06,Chiapas,Depresión,general,35
2026-04-06,Chiapas,Depresión,hombres,15
2026-04-06,Chiapas,Depresión,mujeres,47
2026-04-13,Chiapas,Depresión,general,38
2026-04-13,Chiapas,Depresión,hombres,14
2026-04-13,Chiapas,Depresión,mujeres,30
2026-04-20,Chiapas,Depresión,general,42
2026-04-20,Chiapas,Depresión,hombres,14
2026-04-20,Chiapas,Depresión,mujeres,29
2026-04-27,Chiapas,Depresión,general,39
2026-04-27,Chiapas,Depresión,hombres,23
2026-04-27,Chiapas,Depresión,mujeres,39
2026-05-04,Chiapas,Depresión,general,41
2026-05-04,Chiapas,Depresión,hombres,25
2026-05-04,Chiapas,Depresión,mujeres,53
2026-05-11,Chiapas,Depresión,general,56
2026-05-11,Chiapas,Depresión,hombres,21
2026-05-11,Chiapas,Depresión,mujeres,47
2026-05-18,Chiapas,Depresión,general,51
2026-05-18,Chiapas,Depresión,hombres,13
2026-05-18,Chiapas,Depresión,mujeres,44
2026-05-25,Chiapas,Depresión,general,42
2026-05-25,Chiapas,Depresión,hombres,11
2026-05-25,Chiapas,Depresión,mujeres,47
2026-06-01,Chiapas,Depresión,general,37
2026-06-01,Chiapas,Depresión,hombres,13
2026-06-01,Chiapas,Depresión,mujeres,53
2026-06-08,Chiapas,Depresión,general,45
2026-06-08,Chiapas,Depresión,hombres,13
2026-06-08,Chiapas,Depresión,mujeres,38
2026-06-15,Chiapas,Depresión,general,53
2026-06-15,Chiapas,Depresión,hombres,19
2026-06-15,Chiapas,Depresión,mujeres,42
2026-06-22,Chiapas,Depresión,general,50
2026-06-22,Chiapas,Depresión,hombres,23
2026-06-22,Chiapas,Depresión,mujeres,43
2026-06-29,Chiapas,Depresión,general,60
2026-06-29,Chiapas,Depresión,hombres,25
2026-06-29,Chiapas,Depresión,mujeres,45
2026-07-06,Chiapas,Depresión,general,52
2026-07-06,Chiapas,Depresión,hombres,16
2026-07-06,Chiapas,Depresión,mujeres,47
2026-07-13,Chiapas,Depresión,general,52
2026-07-13,Chiapas,Depresión,hombres,16
2026-07-13,Chiapas,Depresión,mujeres,42
2026-07-20,Chiapas,Depresión,general,45
2026-07-20,Chiapas,Depresión,hombres,9
2026-07-20,Chiapas,Depresión,mujeres,39
2026-07-27,Chiapas,Depresión,general,42
2026-07-27,Chiapas,Depresión,hombres,12
2026-07-27,Chiapas,Depresión,mujeres,26
2026-08-03,Chiapas,Depresión,general,37
2026-08-03,Chiapas,Depresión,hombres,20
2026-08-03,Chiapas,Depresión,mujeres,33
2026-08-10,Chiapas,Depresión,general,48
2026-08-10,Chiapas,Depresión,hombres,14
2026-08-10,Chiapas,Depresión,mujeres,44
2026-08-17,Chiapas,Depresión,general,49
2026-08-17,Chiapas,Depresión,hombres,29
2026-08-17,Chiapas,Depresión,mujeres,38
2026-08-24,Chiapas,Depresión,general,56
2026-08-24,Chiapas,Depresión,hombres,26
2026-08-24,Chiapas,Depresión,mujeres,42
2026-08-31,Chiapas,Depresión,general,40
2026-08-31,Chiapas,Depresión,hombres,25
2026-08-31,Chiapas,Depresión,mujeres,52
2026-09-07,Chiapas,Depresión,general,30
2026-09-07,Chiapas,Depresión,hombres,16
2026-09-07,Chiapas,Depresión,mujeres,38
2026-09-14,Chiapas,Depresión,general,38
2026-09-14,Chiapas,Depresión,hombres,13
2026-09-14,Chiapas,Depresión,mujeres,40
2026-09-21,Chiapas,Depresión,general,52
2026-09-21,Chiapas,Depresión,hombres,11
2026-09-21,Chiapas,Depresión,mujeres,44
2026-09-28,Chiapas,Depresión,general,61
2026-09-28,Chiapas,Depresión,hombres,17
2026-09-28,Chiapas,Depresión,mujeres,46
2026-10-05,Chiapas,Depresión,general,55
2026-10-05,Chiapas,Depresión,hombres,24
2026-10-05,Chiapas,Depresión,mujeres,46
2026-10-12,Chiapas,Depresión,general,58
2026-10-12,Chiapas,Depresión,hombres,26
2026-10-12,Chiapas,Depresión,mujeres,43
2026-10-19,Chiapas,Depresión,general,60
2026-10-19,Chiapas,Depresión,hombres,23
2026-10-19,Chiapas,Depresión,mujeres,43
2026-10-26,Chiapas,Depresión,general,45
2026-10-26,Chiapas,Depresión,hombres,23
2026-10-26,Chiapas,Depresión,mujeres,39
2026-11-02,Chiapas,Depresión,general,32
2026-11-02,Chiapas,Depresión,hombres,19
2026-11-02,Chiapas,Depresión,mujeres,36
2026-11-09,Chiapas,Depresión,general,45
2026-11-09,Chiapas,Depresión,hombres,27
2026-11-09,Chiapas,Depresión,mujeres,36
2026-11-16,Chiapas,Depresión,general,51
2026-11-16,Chiapas,Depresión,hombres,16
2026-11-16,Chiapas,Depresión,mujeres,34
2026-11-23,Chiapas,Depresión,general,35
2026-11-23,Chiapas,Depresión,hombres,19
2026-11-23,Chiapas,Depresión,mujeres,32
2026-11-30,Chiapas,Depresión,general,28
2026-11-30,Chiapas,Depresión,hombres,12
2026-11-30,Chiapas,Depresión,mujeres,33
2026-12-07,Chiapas,Depresión,general,36
2026-12-07,Chiapas,Depresión,hombres,10
2026-12-07,Chiapas,Depresión,mujeres,37
2026-12-14,Chiapas,Depresión,general,36
2026-12-14,Chiapas,Depresión,hombres,17
2026-12-14,Chiapas,Depresión,mujeres,37
2026-12-21,Chiapas,Depresión,general,31
2026-12-21,Chiapas,Depresión,hombres,10
2026-12-21,Chiapas,Depresión,mujeres,28
2026-12-28,Chiapas,Depresión,general,28
2026-12-28,Chiapas,Depresión,hombres,12
2026-12-28,Chiapas,Depresión,mujeres,23
2027-01-04,Chiapas,Depresión,general,40
2027-01-04,Chiapas,Depresión,hombres,8
2027-01-04,Chiapas,Depresión,mujeres,28
2027-01-11,Chiapas,Depresión,general,47
2027-01-11,Chiapas,Depresión,hombres,14
2027-01-11,Chiapas,Depresión,mujeres,35
2027-01-18,Chiapas,Depresión,general,43
2027-01-18,Chiapas,Depresión,hombres,20
2027-01-18,Chiapas,Depresión,mujeres,33
2027-01-25,Chiapas,Depresión,general,50
2027-01-25,Chiapas,Depresión,hombres,12
2027-01-25,Chiapas,Depresión,mujeres,34
2026-02-02,Chihuahua,Depresión,general,137
2026-02-02,Chihuahua,Depresión,hombres,47
2026-02-02,Chihuahua,Depresión,mujeres,99
2026-02-09,Chihuahua,Depresión,general,145
2026-02-09,Chihuahua,Depresión,hombres,48
2026-02-09,Chihuahua,Depresión,mujeres,109
2026-02-16,Chihuahua,Depresión,general,155
2026-02-16,Chihuahua,Depresión,hombres,44
2026-02-16,Chihuahua,Depresión,mujeres,123
2026-02-23,Chihuahua,Depresión,general,139
2026-02-23,Chihuahua,Depresión,hombres,47
2026-02-23,Chihuahua,Depresión,mujeres,118
2026-03-02,Chihuahua,Depresión,general,166
2026-03-02,Chihuahua,Depresión,hombres,38
2026-03-02,Chihuahua,Depresión,mujeres,132
2026-03-09,Chihuahua,Depresión,general,162
2026-03-09,Chihuahua,Depresión,hombres,52
2026-03-09,Chihuahua,Depresión,mujeres,112
2026-03-16,Chihuahua,Depresión,general,142
2026-03-16,Chihuahua,Depresión,hombres,35
2026-03-16,Chihuahua,Depresión,mujeres,83
2026-03-23,Chihuahua,Depresión,general,126
2026-03-23,Chihuahua,Depresión,hombres,50
2026-03-23,Chihuahua,Depresión,mujeres,89
2026-03-30,Chihuahua,Depresión,general,101
2026-03-30,Chihuahua,Depresión,hombres,33
2026-03-30,Chihuahua,Depresión,mujeres,71
2026-04-06,Chihuahua,Depresión,general,133
2026-04-06,Chihuahua,Depresión,hombres,45
2026-04-06,Chihuahua,Depresión,mujeres,84
2026-04-13,Chihuahua,Depresión,general,136
2026-04-13,Chihuahua,Depresión,hombres,50
2026-04-13,Chihuahua,Depresión,mujeres,99
2026-04-20,Chihuahua,Depresión,general,157
2026-04-20,Chihuahua,Depresión,hombres,52
2026-04-20,Chihuahua,Depresión,mujeres,107
2026-04-27,Chihuahua,Depresión,general,130
2026-04-27,Chihuahua,Depresión,hombres,38
2026-04-27,Chihuahua,Depresión,mujeres,105
2026-05-04,Chihuahua,Depresión,general,135
2026-05-04,Chihuahua,Depresión,hombres,47
2026-05-04,Chihuahua,Depresión,mujeres,102
2026-05-11,Chihuahua,Depresión,general,137
2026-05-11,Chihuahua,Depresión,hombres,52
2026-05-11,Chihuahua,Depresión,mujeres,111
2026-05-18,Chihuahua,Depresión,general,159
2026-05-18,Chihuahua,Depresión,hombres,40
2026-05-18,Chihuahua,Depresión,mujeres,95
2026-05-25,Chihuahua,Depresión,general,154
2026-05-25,Chihuahua,Depresión,hombres,53
2026-05-25,Chihuahua,Depresión,mujeres,124
2026-06-01,Chihuahua,Depresión,general,182
2026-06-01,Chihuahua,Depresión,hombres,40
2026-06-01,Chihuahua,Depresión,mujeres,109
2026-06-08,Chihuahua,Depresión,general,176
2026-06-08,Chihuahua,Depresión,hombres,45
2026-06-08,Chihuahua,Depresión,mujeres,130
2026-06-15,Chihuahua,Depresión,general,149
2026-06-15,Chihuahua,Depresión,hombres,42
2026-06-15,Chihuahua,Depresión,mujeres,95
2026-06-22,Chihuahua,Depresión,general,159
2026-06-22,Chihuahua,Depresión,hombres,44
2026-06-22,Chihuahua,Depresión,mujeres,104
2026-06-29,Chihuahua,Depresión,general,153
2026-06-29,Chihuahua,Depresión,hombres,43
2026-06-29,Chihuahua,Depresión,mujeres,97
2026-07-06,Chihuahua,Depresión,general,178
2026-07-06,Chihuahua,Depresión,hombres,44
2026-07-06,Chihuahua,Depresión,mujeres,109
2026-07-13,Chihuahua,Depresión,general,165
2026-07-13,Chihuahua,Depresión,hombres,51
2026-07-13,Chihuahua,Depresión,mujeres,132
2026-07-20,Chihuahua,Depresión,general,180
2026-07-20,Chihuahua,Depresión,hombres,39
2026-07-20,Chihuahua,Depresión,mujeres,99
2026-07-27,Chihuahua,Depresión,general,168
2026-07-27,Chihuahua,Depresión,hombres,39
2026-07-27,Chihuahua,Depresión,mujeres,82
2026-08-03,Chihuahua,Depresión,general,200
2026-08-03,Chihuahua,Depresión,hombres,49
2026-08-03,Chihuahua,Depresión,mujeres,127
2026-08-10,Chihuahua,Depresión,general,195
2026-08-10,Chihuahua,Depresión,hombres,49
2026-08-10,Chihuahua,Depresión,mujeres,118
2026-08-17,Chihuahua,Depresión,general,152
2026-08-17,Chihuahua,Depresión,hombres,49
2026-08-17,Chihuahua,Depresión,mujeres,127
2026-08-24,Chihuahua,Depresión,general,156
2026-08-24,Chihuahua,Depresión,hombres,40
2026-08-24,Chihuahua,Depresión,mujeres,92
2026-08-31,Chihuahua,Depresión,general,174
2026-08-31,Chihuahua,Depresión,hombres,51
2026-08-31,Chihuahua,Depresión,mujeres,106
2026-09-07,Chihuahua,Depresión,general,190
2026-09-07,Chihuahua,Depresión,hombres,56
2026-09-07,Chihuahua,Depresión,mujeres,134
2026-09-14,Chihuahua,Depresión,general,169
2026-09-14,Chihuahua,Depresión,hombres,48
2026-09-14,Chihuahua,Depresión,mujeres,118
2026-09-21,Chihuahua,Depresión,general,150
2026-09-21,Chihuahua,Depresión,hombres,46
2026-09-21,Chihuahua,Depresión,mujeres,102
2026-09-28,Chihuahua,Depresión,general,148
2026-09-28,Chihuahua,Depresión,hombres,38
2026-09-28,Chihuahua,Depresión,mujeres,94
2026-10-05,Chihuahua,Depresión,general,157
2026-10-05,Chihuahua,Depresión,hombres,42
2026-10-05,Chihuahua,Depresión,mujeres,106
2026-10-12,Chihuahua,Depresión,general,162
2026-10-12,Chihuahua,Depresión,hombres,46
2026-10-12,Chihuahua,Depresión,mujeres,113
2026-10-19,Chihuahua,Depresión,general,151
2026-10-19,Chihuahua,Depresión,hombres,37
2026-10-19,Chihuahua,Depresión,mujeres,98
2026-10-26,Chihuahua,Depresión,general,124
2026-10-26,Chihuahua,Depresión,hombres,44
2026-10-26,Chihuahua,Depresión,mujeres,81
2026-11-02,Chihuahua,Depresión,general,176
2026-11-02,Chihuahua,Depresión,hombres,26
2026-11-02,Chihuahua,Depresión,mujeres,90
2026-11-09,Chihuahua,Depresión,general,179
2026-11-09,Chihuahua,Depresión,hombres,42
2026-11-09,Chihuahua,Depresión,mujeres,94
2026-11-16,Chihuahua,Depresión,general,152
2026-11-16,Chihuahua,Depresión,hombres,37
2026-11-16,Chihuahua,Depresión,mujeres,79
2026-11-23,Chihuahua,Depresión,general,107
2026-11-23,Chihuahua,Depresión,hombres,32
2026-11-23,Chihuahua,Depresión,mujeres,77
2026-11-30,Chihuahua,Depresión,general,110
2026-11-30,Chihuahua,Depresión,hombres,42
2026-11-30,Chihuahua,Depresión,mujeres,63
2026-12-07,Chihuahua,Depresión,general,153
2026-12-07,Chihuahua,Depresión,hombres,38
2026-12-07,Chihuahua,Depresión,mujeres,113
2026-12-14,Chihuahua,Depresión,general,99
2026-12-14,Chihuahua,Depresión,hombres,34
2026-12-14,Chihuahua,Depresión,mujeres,65
2026-12-21,Chihuahua,Depresión,general,82
2026-12-21,Chihuahua,Depresión,hombres,31
2026-12-21,Chihuahua,Depresión,mujeres,70
2026-12-28,Chihuahua,Depresión,general,71
2026-12-28,Chihuahua,Depresión,hombres,27
2026-12-28,Chihuahua,Depresión,mujeres,40
2027-01-04,Chihuahua,Depresión,general,117
2027-01-04,Chihuahua,Depresión,hombres,28
2027-01-04,Chihuahua,Depresión,mujeres,64
2027-01-11,Chihuahua,Depresión,general,104
2027-01-11,Chihuahua,Depresión,hombres,29
2027-01-11,Chihuahua,Depresión,mujeres,75
2027-01-18,Chihuahua,Depresión,general,129
2027-01-18,Chihuahua,Depresión,hombres,37
2027-01-18,Chihuahua,Depresión,mujeres,96
2027-01-25,Chihuahua,Depresión,general,139
2027-01-25,Chihuahua,Depresión,hombres,44
2027-01-25,Chihuahua,Depresión,mujeres,82
2026-02-02,Ciudad de México,Depresión,general,476
2026-02-02,Ciudad de México,Depresión,hombres,121
2026-02-02,Ciudad de México,Depresión,mujeres,297
2026-02-09,Ciudad de México,Depresión,general,459
2026-02-09,Ciudad de México,Depresión,hombres,145
2026-02-09,Ciudad de México,Depresión,mujeres,325
2026-02-16,Ciudad de México,Depresión,general,581
2026-02-16,Ciudad de México,Depresión,hombres,164
2026-02-16,Ciudad de México,Depresión,mujeres,384
2026-02-23,Ciudad de México,Depresión,general,487
2026-02-23,Ciudad de México,Depresión,hombres,152
2026-02-23,Ciudad de México,Depresión,mujeres,360
2026-03-02,Ciudad de México,Depresión,general,523
2026-03-02,Ciudad de México,Depresión,hombres,156
2026-03-02,Ciudad de México,Depresión,mujeres,337
2026-03-09,Ciudad de México,Depresión,general,515
2026-03-09,Ciudad de México,Depresión,hombres,149
2026-03-09,Ciudad de México,Depresión,mujeres,332
2026-03-16,Ciudad de México,Depresión,general,453
2026-03-16,Ciudad de México,Depresión,hombres,134
2026-03-16,Ciudad de México,Depresión,mujeres,292
2026-03-23,Ciudad de México,Depresión,general,457
2026-03-23,Ciudad de México,Depresión,hombres,138
2026-03-23,Ciudad de México,Depresión,mujeres,252
2026-03-30,Ciudad de México,Depresión,general,339
2026-03-30,Ciudad de México,Depresión,hombres,147
2026-03-30,Ciudad de México,Depresión,mujeres,265
2026-04-06,Ciudad de México,Depresión,general,464
2026-04-06,Ciudad de México,Depresión,hombres,142
2026-04-06,Ciudad de México,Depresión,mujeres,335
2026-04-13,Ciudad de México,Depresión,general,494
2026-04-13,Ciudad de México,Depresión,hombres,146
2026-04-13,Ciudad de México,Depresión,mujeres,326
2026-04-20,Ciudad de México,Depresión,general,392
2026-04-20,Ciudad de México,Depresión,hombres,142
2026-04-20,Ciudad de México,Depresión,mujeres,293
2026-04-27,Ciudad de México,Depresión,general,488
2026-04-27,Ciudad de México,Depresión,hombres,140
2026-04-27,Ciudad de México,Depresión,mujeres,289
2026-05-04,Ciudad de México,Depresión,general,438
2026-05-04,Ciudad de México,Depresión,hombres,146
2026-05-04,Ciudad de México,Depresión,mujeres,294
2026-05-11,Ciudad de México,Depresión,general,509
2026-05-11,Ciudad de México,Depresión,hombres,159
2026-05-11,Ciudad de México,Depresión,mujeres,301
2026-05-18,Ciudad de México,Depresión,general,489
2026-05-18,Ciudad de México,Depresión,hombres,137
2026-05-18,Ciudad de México,Depresión,mujeres,328
2026-05-25,Ciudad de México,Depresión,general,524
2026-05-25,Ciudad de México,Depresión,hombres,139
2026-05-25,Ciudad de México,Depresión,mujeres,336
2026-06-01,Ciudad de México,Depresión,general,523
2026-06-01,Ciudad de México,Depresión,hombres,144
2026-06-01,Ciudad de México,Depresión,mujeres,325
2026-06-08,Ciudad de México,Depresión,general,498
2026-06-08,Ciudad de México,Depresión,hombres,150
2026-06-08,Ciudad de México,Depresión,mujeres,321
2026-06-15,Ciudad de México,Depresión,general,552
2026-06-15,Ciudad de México,Depresión,hombres,126
2026-06-15,Ciudad de México,Depresión,mujeres,336
2026-06-22,Ciudad de México,Depresión,general,541
2026-06-22,Ciudad de México,Depresión,hombres,139
2026-06-22,Ciudad de México,Depresión,mujeres,347
2026-06-29,Ciudad de México,Depresión,general,390
2026-06-29,Ciudad de México,Depresión,hombres,116
2026-06-29,Ciudad de México,Depresión,mujeres,285
2026-07-06,Ciudad de México,Depresión,general,452
2026-07-06,Ciudad de México,Depresión,hombres,127
2026-07-06,Ciudad de México,Depresión,mujeres,315
2026-07-13,Ciudad de México,Depresión,general,490
2026-07-13,Ciudad de México,Depresión,hombres,137
2026-07-13,Ciudad de México,Depresión,mujeres,354
2026-07-20,Ciudad de México,Depresión,general,423
2026-07-20,Ciudad de México,Depresión,hombres,113
2026-07-20,Ciudad de México,Depresión,mujeres,361
2026-07-27,Ciudad de México,Depresión,general,402
2026-07-27,Ciudad de México,Depresión,hombres,130
2026-07-27,Ciudad de México,Depresión,mujeres,307
2026-08-03,Ciudad de México,Depresión,general,412
2026-08-03,Ciudad de México,Depresión,hombres,117
2026-08-03,Ciudad de México,Depresión,mujeres,309
2026-08-10,Ciudad de México,Depresión,general,441
2026-08-10,Ciudad de México,Depresión,hombres,121
2026-08-10,Ciudad de México,Depresión,mujeres,356
2026-08-17,Ciudad de México,Depresión,general,436
2026-08-17,Ciudad de México,Depresión,hombres,117
2026-08-17,Ciudad de México,Depresión,mujeres,381
2026-08-24,Ciudad de México,Depresión,general,418
2026-08-24,Ciudad de México,Depresión,hombres,109
2026-08-24,Ciudad de México,Depresión,mujeres,360
2026-08-31,Ciudad de México,Depresión,general,375
2026-08-31,Ciudad de México,Depresión,hombres,101
2026-08-31,Ciudad de México,Depresión,mujeres,309
2026-09-07,Ciudad de México,Depresión,general,340
2026-09-07,Ciudad de México,Depresión,hombres,111
2026-09-07,Ciudad de México,Depresión,mujeres,303
2026-09-14,Ciudad de México,Depresión,general,380
2026-09-14,Ciudad de México,Depresión,hombres,101
2026-09-14,Ciudad de México,Depresión,mujeres,301
2026-09-21,Ciudad de México,Depresión,general,435
2026-09-21,Ciudad de México,Depresión,hombres,103
2026-09-21,Ciudad de México,Depresión,mujeres,341
2026-09-28,Ciudad de México,Depresión,general,386
2026-09-28,Ciudad de México,Depresión,hombres,105
2026-09-28,Ciudad de México,Depresión,mujeres,265
2026-10-05,Ciudad de México,Depresión,general,435
2026-10-05,Ciudad de México,Depresión,hombres,113
2026-10-05,Ciudad de México,Depresión,mujeres,330
2026-10-12,Ciudad de México,Depresión,general,433
2026-10-12,Ciudad de México,Depresión,hombres,112
2026-10-12,Ciudad de México,Depresión,mujeres,356
2026-10-19,Ciudad de México,Depresión,general,456
2026-10-19,Ciudad de México,Depresión,hombres,97
2026-10-19,Ciudad de México,Depresión,mujeres,374
2026-10-26,Ciudad de México,Depresión,general,530
2026-10-26,Ciudad de México,Depresión,hombres,110
2026-10-26,Ciudad de México,Depresión,mujeres,298
2026-11-02,Ciudad de México,Depresión,general,427
2026-11-02,Ciudad de México,Depresión,hombres,110
2026-11-02,Ciudad de México,Depresión,mujeres,335
2026-11-09,Ciudad de México,Depresión,general,431
2026-11-09,Ciudad de México,Depresión,hombres,97
2026-11-09,Ciudad de México,Depresión,mujeres,301
2026-11-16,Ciudad de México,Depresión,general,471
2026-11-16,Ciudad de México,Depresión,hombres,97
2026-11-16,Ciudad de México,Depresión,mujeres,353
2026-11-23,Ciudad de México,Depresión,general,538
2026-11-23,Ciudad de México,Depresión,hombres,110
2026-11-23,Ciudad de México,Depresión,mujeres,366
2026-11-30,Ciudad de México,Depresión,general,396
2026-11-30,Ciudad de México,Depresión,hombres,115
2026-11-30,Ciudad de México,Depresión,mujeres,288
2026-12-07,Ciudad de México,Depresión,general,427
2026-12-07,Ciudad de México,Depresión,hombres,104
2026-12-07,Ciudad de México,Depresión,mujeres,324
2026-12-14,Ciudad de México,Depresión,general,344
2026-12-14,Ciudad de México,Depresión,hombres,105
2026-12-14,Ciudad de México,Depresión,mujeres,297
2026-12-21,Ciudad de México,Depresión,general,343
2026-12-21,Ciudad de México,Depresión,hombres,95
2026-12-21,Ciudad de México,Depresión,mujeres,249
2026-12-28,Ciudad de México,Depresión,general,256
2026-12-28,Ciudad de México,Depresión,hombres,80
2026-12-28,Ciudad de México,Depresión,mujeres,153
2027-01-04,Ciudad de México,Depresión,general,324
2027-01-04,Ciudad de México,Depresión,hombres,70
2027-01-04,Ciudad de México,Depresión,mujeres,216
2027-01-11,Ciudad de México,Depresión,general,414
2027-01-11,Ciudad de México,Depresión,hombres,117
2027-01-11,Ciudad de México,Depresión,mujeres,317
2027-01-18,Ciudad de México,Depresión,general,395
2027-01-18,Ciudad de México,Depresión,hombres,92
2027-01-18,Ciudad de México,Depresión,mujeres,320
2027-01-25,Ciudad de México,Depresión,general,463
2027-01-25,Ciudad de México,Depresión,hombres,113
2027-01-25,Ciudad de México,Depresión,mujeres,379
2026-02-02,Coahuila,Depresión,general,61
2026-02-02,Coahuila,Depresión,hombres,10
2026-02-02,Coahuila,Depresión,mujeres,43
2026-02-09,Coahuila,Depresión,general,49
2026-02-09,Coahuila,Depresión,hombres,15
2026-02-09,Coahuila,Depresión,mujeres,46
2026-02-16,Coahuila,Depresión,general,46
2026-02-16,Coahuila,Depresión,hombres,16
2026-02-16,Coahuila,Depresión,mujeres,34
2026-02-23,Coahuila,Depresión,general,40
2026-02-23,Coahuila,Depresión,hombres,23
2026-02-23,Coahuila,Depresión,mujeres,43
2026-03-02,Coahuila,Depresión,general,39
2026-03-02,Coahuila,Depresión,hombres,21
2026-03-02,Coahuila,Depresión,mujeres,52
2026-03-09,Coahuila,Depresión,general,33
2026-03-09,Coahuila,Depresión,hombres,17
2026-03-09,Coahuila,Depresión,mujeres,27
2026-03-16,Coahuila,Depresión,general,49
2026-03-16,Coahuila,Depresión,hombres,20
2026-03-16,Coahuila,Depresión,mujeres,39
2026-03-23,Coahuila,Depresión,general,53
2026-03-23,Coahuila,Depresión,hombres,17
2026-03-23,Coahuila,Depresión,mujeres,58
2026-03-30,Coahuila,Depresión,general,43
2026-03-30,Coahuila,Depresión,hombres,15
2026-03-30,Coahuila,Depresión,mujeres,29
2026-04-06,Coahuila,Depresión,general,41
2026-04-06,Coahuila,Depresión,hombres,19
2026-04-06,Coahuila,Depresión,mujeres,35
2026-04-13,Coahuila,Depresión,general,35
2026-04-13,Coahuila,Depresión,hombres,20
2026-04-13,Coahuila,Depresión,mujeres,57
2026-04-20,Coahuila,Depresión,general,68
2026-04-20,Coahuila,Depresión,hombres,18
2026-04-20,Coahuila,Depresión,mujeres,43
2026-04-27,Coahuila,Depresión,general,61
2026-04-27,Coahuila,Depresión,hombres,21
2026-04-27,Coahuila,Depresión,mujeres,50
2026-05-04,Coahuila,Depresión,general,56
2026-05-04,Coahuila,Depresión,hombres,23
2026-05-04,Coahuila,Depresión,mujeres,49
2026-05-11,Coahuila,Depresión,general,43
2026-05-11,Coahuila,Depresión,hombres,25
2026-05-11,Coahuila,Depresión,mujeres,62
2026-05-18,Coahuila,Depresión,general,31
2026-05-18,Coahuila,Depresión,hombres,20
2026-05-18,Coahuila,Depresión,mujeres,32
2026-05-25,Coahuila,Depresión,general,53
2026-05-25,Coahuila,Depresión,hombres,28
2026-05-25,Coahuila,Depresión,mujeres,50
2026-06-01,Coahuila,Depresión,general,47
2026-06-01,Coahuila,Depresión,hombres,17
2026-06-01,Coahuila,Depresión,mujeres,49
2026-06-08,Coahuila,Depresión,general,47
2026-06-08,Coahuila,Depresión,hombres,30
2026-06-08,Coahuila,Depresión,mujeres,36
2026-06-15,Coahuila,Depresión,general,60
2026-06-15,Coahuila,Depresión,hombres,16
2026-06-15,Coahuila,Depresión,mujeres,31
2026-06-22,Coahuila,Depresión,general,50
2026-06-22,Coahuila,Depresión,hombres,32
2026-06-22,Coahuila,Depresión,mujeres,30
2026-06-29,Coahuila,Depresión,general,53
2026-06-29,Coahuila,Depresión,hombres,21
2026-06-29,Coahuila,Depresión,mujeres,44
2026-07-06,Coahuila,Depresión,general,42
2026-07-06,Coahuila,Depresión,hombres,22
2026-07-06,Coahuila,Depresión,mujeres,34
2026-07-13,Coahuila,Depresión,general,35
2026-07-13,Coahuila,Depresión,hombres,20
2026-07-13,Coahuila,Depresión,mujeres,45
2026-07-20,Coahuila,Depresión,general,37
2026-07-20,Coahuila,Depresión,hombres,16
2026-07-20,Coahuila,Depresión,mujeres,38
2026-07-27,Coahuila,Depresión,general,43
2026-07-27,Coahuila,Depresión,hombres,22
2026-07-27,Coahuila,Depresión,mujeres,41
2026-08-03,Coahuila,Depresión,general,39
2026-08-03,Coahuila,Depresión,hombres,11
2026-08-03,Coahuila,Depresión,mujeres,49
2026-08-10,Coahuila,Depresión,general,34
2026-08-10,Coahuila,Depresión,hombres,25
2026-08-10,Coahuila,Depresión,mujeres,50
2026-08-17,Coahuila,Depresión,general,46
2026-08-17,Coahuila,Depresión,hombres,31
2026-08-17,Coahuila,Depresión,mujeres,56
2026-08-24,Coahuila,Depresión,general,47
2026-08-24,Coahuila,Depresión,hombres,28
2026-08-24,Coahuila,Depresión,mujeres,56
2026-08-31,Coahuila,Depresión,general,46
2026-08-31,Coahuila,Depresión,hombres,21
2026-08-31,Coahuila,Depresión,mujeres,48
2026-09-07,Coahuila,Depresión,general,52
2026-09-07,Coahuila,Depresión,hombres,15
2026-09-07,Coahuila,Depresión,mujeres,43
2026-09-14,Coahuila,Depresión,general,56
2026-09-14,Coahuila,Depresión,hombres,22
2026-09-14,Coahuila,Depresión,mujeres,49
2026-09-21,Coahuila,Depresión,general,38
2026-09-21,Coahuila,Depresión,hombres,21
2026-09-21,Coahuila,Depresión,mujeres,44
2026-09-28,Coahuila,Depresión,general,32
2026-09-28,Coahuila,Depresión,hombres,23
2026-09-28,Coahuila,Depresión,mujeres,49
2026-10-05,Coahuila,Depresión,general,48
2026-10-05,Coahuila,Depresión,hombres,20
2026-10-05,Coahuila,Depresión,mujeres,56
2026-10-12,Coahuila,Depresión,general,63
2026-10-12,Coahuila,Depresión,hombres,19
2026-10-12,Coahuila,Depresión,mujeres,58
2026-10-19,Coahuila,Depresión,general,45
2026-10-19,Coahuila,Depresión,hombres,25
2026-10-19,Coahuila,Depresión,mujeres,57
2026-10-26,Coahuila,Depresión,general,29
2026-10-26,Coahuila,Depresión,hombres,31
2026-10-26,Coahuila,Depresión,mujeres,49
2026-11-02,Coahuila,Depresión,general,36
2026-11-02,Coahuila,Depresión,hombres,18
2026-11-02,Coahuila,Depresión,mujeres,43
2026-11-09,Coahuila,Depresión,general,32
2026-11-09,Coahuila,Depresión,hombres,23
2026-11-09,Coahuila,Depresión,mujeres,49
2026-11-16,Coahuila,Depresión,general,33
2026-11-16,Coahuila,Depresión,hombres,26
2026-11-16,Coahuila,Depresión,mujeres,41
2026-11-23,Coahuila,Depresión,general,38
2026-11-23,Coahuila,Depresión,hombres,23
2026-11-23,Coahuila,Depresión,mujeres,39
2026-11-30,Coahuila,Depresión,general,41
2026-11-30,Coahuila,Depresión,hombres,23
2026-11-30,Coahuila,Depresión,mujeres,45
2026-12-07,Coahuila,Depresión,general,31
2026-12-07,Coahuila,Depresión,hombres,20
2026-12-07,Coahuila,Depresión,mujeres,51
2026-12-14,Coahuila,Depresión,general,32
2026-12-14,Coahuila,Depresión,hombres,22
2026-12-14,Coahuila,Depresión,mujeres,41
2026-12-21,Coahuila,Depresión,general,22
2026-12-21,Coahuila,Depresión,hombres,20
2026-12-21,Coahuila,Depresión,mujeres,37
2026-12-28,Coahuila,Depresión,general,33
2026-12-28,Coahuila,Depresión,hombres,17
2026-12-28,Coahuila,Depresión,mujeres,38
2027-01-04,Coahuila,Depresión,general,22
2027-01-04,Coahuila,Depresión,hombres,17
2027-01-04,Coahuila,Depresión,mujeres,34
2027-01-11,Coahuila,Depresión,general,39
2027-01-11,Coahuila,Depresión,hombres,25
2027-01-11,Coahuila,Depresión,mujeres,41
2027-01-18,Coahuila,Depresión,general,40
2027-01-18,Coahuila,Depresión,hombres,36
2027-01-18,Coahuila,Depresión,mujeres,49
2027-01-25,Coahuila,Depresión,general,39
2027-01-25,Coahuila,Depresión,hombres,28
2027-01-25,Coahuila,Depresión,mujeres,55
2026-02-02,Colima,Depresión,general,47
2026-02-02,Colima,Depresión,hombres,16
2026-02-02,Colima,Depresión,mujeres,23
2026-02-09,Colima,Depresión,general,46
2026-02-09,Colima,Depresión,hombres,19
2026-02-09,Colima,Depresión,mujeres,24
2026-02-16,Colima,Depresión,general,45
2026-02-16,Colima,Depresión,hombres,17
2026-02-16,Colima,Depresión,mujeres,32
2026-02-23,Colima,Depresión,general,46
2026-02-23,Colima,Depresión,hombres,21
2026-02-23,Colima,Depresión,mujeres,31
2026-03-02,Colima,Depresión,general,47
2026-03-02,Colima,Depresión,hombres,20
2026-03-02,Colima,Depresión,mujeres,29
2026-03-09,Colima,Depresión,general,31
2026-03-09,Colima,Depresión,hombres,17
2026-03-09,Colima,Depresión,mujeres,20
2026-03-16,Colima,Depresión,general,38
2026-03-16,Colima,Depresión,hombres,16
2026-03-16,Colima,Depresión,mujeres,16
2026-03-23,Colima,Depresión,general,31
2026-03-23,Colima,Depresión,hombres,15
2026-03-23,Colima,Depresión,mujeres,20
2026-03-30,Colima,Depresión,general,32
2026-03-30,Colima,Depresión,hombres,14
2026-03-30,Colima,Depresión,mujeres,15
2026-04-06,Colima,Depresión,general,30
2026-04-06,Colima,Depresión,hombres,13
2026-04-06,Colima,Depresión,mujeres,19
2026-04-13,Colima,Depresión,general,24
2026-04-13,Colima,Depresión,hombres,8
2026-04-13,Colima,Depresión,mujeres,19
2026-04-20,Colima,Depresión,general,28
2026-04-20,Colima,Depresión,hombres,8
2026-04-20,Colima,Depresión,mujeres,18
2026-04-27,Colima,Depresión,general,20
2026-04-27,Colima,Depresión,hombres,8
2026-04-27,Colima,Depresión,mujeres,11
2026-05-04,Colima,Depresión,general,18
2026-05-04,Colima,Depresión,hombres,9
2026-05-04,Colima,Depresión,mujeres,12
2026-05-11,Colima,Depresión,general,13
2026-05-11,Colima,Depresión,hombres,9
2026-05-11,Colima,Depresión,mujeres,11
2026-05-18,Colima,Depresión,general,14
2026-05-18,Colima,Depresión,hombres,10
2026-05-18,Colima,Depresión,mujeres,13
2026-05-25,Colima,Depresión,general,24
2026-05-25,Colima,Depresión,hombres,10
2026-05-25,Colima,Depresión,mujeres,15
2026-06-01,Colima,Depresión,general,24
2026-06-01,Colima,Depresión,hombres,9
2026-06-01,Colima,Depresión,mujeres,14
2026-06-08,Colima,Depresión,general,21
2026-06-08,Colima,Depresión,hombres,8
2026-06-08,Colima,Depresión,mujeres,23
2026-06-15,Colima,Depresión,general,34
2026-06-15,Colima,Depresión,hombres,11
2026-06-15,Colima,Depresión,mujeres,27
2026-06-22,Colima,Depresión,general,31
2026-06-22,Colima,Depresión,hombres,15
2026-06-22,Colima,Depresión,mujeres,23
2026-06-29,Colima,Depresión,general,26
2026-06-29,Colima,Depresión,hombres,15
2026-06-29,Colima,Depresión,mujeres,24
2026-07-06,Colima,Depresión,general,25
2026-07-06,Colima,Depresión,hombres,10
2026-07-06,Colima,Depresión,mujeres,23
2026-07-13,Colima,Depresión,general,29
2026-07-13,Colima,Depresión,hombres,12
2026-07-13,Colima,Depresión,mujeres,16
2026-07-20,Colima,Depresión,general,30
2026-07-20,Colima,Depresión,hombres,10
2026-07-20,Colima,Depresión,mujeres,18
2026-07-27,Colima,Depresión,general,24
2026-07-27,Colima,Depresión,hombres,11
2026-07-27,Colima,Depresión,mujeres,17
2026-08-03,Colima,Depresión,general,26
2026-08-03,Colima,Depresión,hombres,10
2026-08-03,Colima,Depresión,mujeres,19
2026-08-10,Colima,Depresión,general,29
2026-08-10,Colima,Depresión,hombres,10
2026-08-10,Colima,Depresión,mujeres,15
2026-08-17,Colima,Depresión,general,25
2026-08-17,Colima,Depresión,hombres,8
2026-08-17,Colima,Depresión,mujeres,16
2026-08-24,Colima,Depresión,general,21
2026-08-24,Colima,Depresión,hombres,9
2026-08-24,Colima,Depresión,mujeres,20
2026-08-31,Colima,Depresión,general,20
2026-08-31,Colima,Depresión,hombres,7
2026-08-31,Colima,Depresión,mujeres,14
2026-09-07,Colima,Depresión,general,22
2026-09-07,Colima,Depresión,hombres,8
2026-09-07,Colima,Depresión,mujeres,20
2026-09-14,Colima,Depresión,general,19
2026-09-14,Colima,Depresión,hombres,7
2026-09-14,Colima,Depresión,mujeres,16
2026-09-21,Colima,Depresión,general,17
2026-09-21,Colima,Depresión,hombres,7
2026-09-21,Colima,Depresión,mujeres,12
2026-09-28,Colima,Depresión,general,21
2026-09-28,Colima,Depresión,hombres,7
2026-09-28,Colima,Depresión,mujeres,9
2026-10-05,Colima,Depresión,general,22
2026-10-05,Colima,Depresión,hombres,6
2026-10-05,Colima,Depresión,mujeres,15
2026-10-12,Colima,Depresión,general,21
2026-10-12,Colima,Depresión,hombres,7
2026-10-12,Colima,Depresión,mujeres,15
2026-10-19,Colima,Depresión,general,22
2026-10-19,Colima,Depresión,hombres,6
2026-10-19,Colima,Depresión,mujeres,23
2026-10-26,Colima,Depresión,general,24
2026-10-26,Colima,Depresión,hombres,7
2026-10-26,Colima,Depresión,mujeres,14
2026-11-02,Colima,Depresión,general,28
2026-11-02,Colima,Depresión,hombres,7
2026-11-02,Colima,Depresión,mujeres,20
2026-11-09,Colima,Depresión,general,23
2026-11-09,Colima,Depresión,hombres,7
2026-11-09,Colima,Depresión,mujeres,19
2026-11-16,Colima,Depresión,general,26
2026-11-16,Colima,Depresión,hombres,8
2026-11-16,Colima,Depresión,mujeres,19
2026-11-23,Colima,Depresión,general,31
2026-11-23,Colima,Depresión,hombres,8
2026-11-23,Colima,Depresión,mujeres,22
2026-11-30,Colima,Depresión,general,29
2026-11-30,Colima,Depresión,hombres,7
2026-11-30,Colima,Depresión,mujeres,13
2026-12-07,Colima,Depresión,general,28
2026-12-07,Colima,Depresión,hombres,8
2026-12-07,Colima,Depresión,mujeres,24
2026-12-14,Colima,Depresión,general,22
2026-12-14,Colima,Depresión,hombres,7
2026-12-14,Colima,Depresión,mujeres,12
2026-12-21,Colima,Depresión,general,22
2026-12-21,Colima,Depresión,hombres,8
2026-12-21,Colima,Depresión,mujeres,8
2026-12-28,Colima,Depresión,general,18
2026-12-28,Colima,Depresión,hombres,8
2026-12-28,Colima,Depresión,mujeres,5
2027-01-04,Colima,Depresión,general,28
2027-01-04,Colima,Depresión,hombres,8
2027-01-04,Colima,Depresión,mujeres,14
2027-01-11,Colima,Depresión,general,18
2027-01-11,Colima,Depresión,hombres,10
2027-01-11,Colima,Depresión,mujeres,15
2027-01-18,Colima,Depresión,general,25
2027-01-18,Colima,Depresión,hombres,8
2027-01-18,Colima,Depresión,mujeres,19
2027-01-25,Colima,Depresión,general,25
2027-01-25,Colima,Depresión,hombres,8
2027-01-25,Colima,Depresión,mujeres,17
2026-02-02,Durango,Depresión,general,91
2026-02-02,Durango,Depresión,hombres,29
2026-02-02,Durango,Depresión,mujeres,39
2026-02-09,Durango,Depresión,general,70
2026-02-09,Durango,Depresión,hombres,21
2026-02-09,Durango,Depresión,mujeres,47
2026-02-16,Durango,Depresión,general,93
2026-02-16,Durango,Depresión,hombres,20
2026-02-16,Durango,Depresión,mujeres,48
2026-02-23,Durango,Depresión,general,122
2026-02-23,Durango,Depresión,hombres,29
2026-02-23,Durango,Depresión,mujeres,52
2026-03-02,Durango,Depresión,general,85
2026-03-02,Durango,Depresión,hombres,25
2026-03-02,Durango,Depresión,mujeres,43
2026-03-09,Durango,Depresión,general,84
2026-03-09,Durango,Depresión,hombres,28
2026-03-09,Durango,Depresión,mujeres,79
2026-03-16,Durango,Depresión,general,102
2026-03-16,Durango,Depresión,hombres,23
2026-03-16,Durango,Depresión,mujeres,65
2026-03-23,Durango,Depresión,general,120
2026-03-23,Durango,Depresión,hombres,25
2026-03-23,Durango,Depresión,mujeres,51
2026-03-30,Durango,Depresión,general,90
2026-03-30,Durango,Depresión,hombres,17
2026-03-30,Durango,Depresión,mujeres,46
2026-04-06,Durango,Depresión,general,93
2026-04-06,Durango,Depresión,hombres,24
2026-04-06,Durango,Depresión,mujeres,34
2026-04-13,Durango,Depresión,general,94
2026-04-13,Durango,Depresión,hombres,24
2026-04-13,Durango,Depresión,mujeres,39
2026-04-20,Durango,Depresión,general,91
2026-04-20,Durango,Depresión,hombres,27
2026-04-20,Durango,Depresión,mujeres,42
2026-04-27,Durango,Depresión,general,99
2026-04-27,Durango,Depresión,hombres,17
2026-04-27,Durango,Depresión,mujeres,54
2026-05-04,Durango,Depresión,general,93
2026-05-04,Durango,Depresión,hombres,28
2026-05-04,Durango,Depresión,mujeres,53
2026-05-11,Durango,Depresión,general,106
2026-05-11,Durango,Depresión,hombres,19
2026-05-11,Durango,Depresión,mujeres,38
2026-05-18,Durango,Depresión,general,118
2026-05-18,Durango,Depresión,hombres,25
2026-05-18,Durango,Depresión,mujeres,52
2026-05-25,Durango,Depresión,general,101
2026-05-25,Durango,Depresión,hombres,30
2026-05-25,Durango,Depresión,mujeres,62
2026-06-01,Durango,Depresión,general,102
2026-06-01,Durango,Depresión,hombres,26
2026-06-01,Durango,Depresión,mujeres,53
2026-06-08,Durango,Depresión,general,98
2026-06-08,Durango,Depresión,hombres,25
2026-06-08,Durango,Depresión,mujeres,39
2026-06-15,Durango,Depresión,general,103
2026-06-15,Durango,Depresión,hombres,27
2026-06-15,Durango,Depresión,mujeres,57
2026-06-22,Durango,Depresión,general,102
2026-06-22,Durango,Depresión,hombres,28
2026-06-22,Durango,Depresión,mujeres,61
2026-06-29,Durango,Depresión,general,99
2026-06-29,Durango,Depresión,hombres,29
2026-06-29,Durango,Depresión,mujeres,57
2026-07-06,Durango,Depresión,general,109
2026-07-06,Durango,Depresión,hombres,27
2026-07-06,Durango,Depresión,mujeres,53
2026-07-13,Durango,Depresión,general,99
2026-07-13,Durango,Depresión,hombres,27
2026-07-13,Durango,Depresión,mujeres,50
2026-07-20,Durango,Depresión,general,93
2026-07-20,Durango,Depresión,hombres,22
2026-07-20,Durango,Depresión,mujeres,46
2026-07-27,Durango,Depresión,general,101
2026-07-27,Durango,Depresión,hombres,28
2026-07-27,Durango,Depresión,mujeres,47
2026-08-03,Durango,Depresión,general,108
2026-08-03,Durango,Depresión,hombres,21
2026-08-03,Durango,Depresión,mujeres,51
2026-08-10,Durango,Depresión,general,99
2026-08-10,Durango,Depresión,hombres,26
2026-08-10,Durango,Depresión,mujeres,38
2026-08-17,Durango,Depresión,general,92
2026-08-17,Durango,Depresión,hombres,20
2026-08-17,Durango,Depresión,mujeres,50
2026-08-24,Durango,Depresión,general,96
2026-08-24,Durango,Depresión,hombres,29
2026-08-24,Durango,Depresión,mujeres,54
2026-08-31,Durango,Depresión,general,106
2026-08-31,Durango,Depresión,hombres,22
2026-08-31,Durango,Depresión,mujeres,48
2026-09-07,Durango,Depresión,general,102
2026-09-07,Durango,Depresión,hombres,27
2026-09-07,Durango,Depresión,mujeres,50
2026-09-14,Durango,Depresión,general,99
2026-09-14,Durango,Depresión,hombres,20
2026-09-14,Durango,Depresión,mujeres,40
2026-09-21,Durango,Depresión,general,82
2026-09-21,Durango,Depresión,hombres,26
2026-09-21,Durango,Depresión,mujeres,59
2026-09-28,Durango,Depresión,general,100
2026-09-28,Durango,Depresión,hombres,18
2026-09-28,Durango,Depresión,mujeres,66
2026-10-05,Durango,Depresión,general,92
2026-10-05,Durango,Depresión,hombres,26
2026-10-05,Durango,Depresión,mujeres,57
2026-10-12,Durango,Depresión,general,99
2026-10-12,Durango,Depresión,hombres,22
2026-10-12,Durango,Depresión,mujeres,45
2026-10-19,Durango,Depresión,general,89
2026-10-19,Durango,Depresión,hombres,25
2026-10-19,Durango,Depresión,mujeres,61
2026-10-26,Durango,Depresión,general,95
2026-10-26,Durango,Depresión,hombres,18
2026-10-26,Durango,Depresión,mujeres,48
2026-11-02,Durango,Depresión,general,85
2026-11-02,Durango,Depresión,hombres,24
2026-11-02,Durango,Depresión,mujeres,36
2026-11-09,Durango,Depresión,general,96
2026-11-09,Durango,Depresión,hombres,15
2026-11-09,Durango,Depresión,mujeres,51
2026-11-16,Durango,Depresión,general,94
2026-11-16,Durango,Depresión,hombres,18
2026-11-16,Durango,Depresión,mujeres,72
2026-11-23,Durango,Depresión,general,91
2026-11-23,Durango,Depresión,hombres,19
2026-11-23,Durango,Depresión,mujeres,44
2026-11-30,Durango,Depresión,general,76
2026-11-30,Durango,Depresión,hombres,28
2026-11-30,Durango,Depresión,mujeres,50
2026-12-07,Durango,Depresión,general,95
2026-12-07,Durango,Depresión,hombres,19
2026-12-07,Durango,Depresión,mujeres,65
2026-12-14,Durango,Depresión,general,83
2026-12-14,Durango,Depresión,hombres,26
2026-12-14,Durango,Depresión,mujeres,50
2026-12-21,Durango,Depresión,general,80
2026-12-21,Durango,Depresión,hombres,20
2026-12-21,Durango,Depresión,mujeres,62
2026-12-28,Durango,Depresión,general,67
2026-12-28,Durango,Depresión,hombres,24
2026-12-28,Durango,Depresión,mujeres,51
2027-01-04,Durango,Depresión,general,97
2027-01-04,Durango,Depresión,hombres,20
2027-01-04,Durango,Depresión,mujeres,51
2027-01-11,Durango,Depresión,general,89
2027-01-11,Durango,Depresión,hombres,22
2027-01-11,Durango,Depresión,mujeres,53
2027-01-18,Durango,Depresión,general,84
2027-01-18,Durango,Depresión,hombres,11
2027-01-18,Durango,Depresión,mujeres,54
2027-01-25,Durango,Depresión,general,77
2027-01-25,Durango,Depresión,hombres,30
2027-01-25,Durango,Depresión,mujeres,38
2026-02-02,Guanajuato,Depresión,general,111
2026-02-02,Guanajuato,Depresión,hombres,29
2026-02-02,Guanajuato,Depresión,mujeres,73
2026-02-09,Guanajuato,Depresión,general,99
2026-02-09,Guanajuato,Depresión,hombres,19
2026-02-09,Guanajuato,Depresión,mujeres,100
2026-02-16,Guanajuato,Depresión,general,103
2026-02-16,Guanajuato,Depresión,hombres,23
2026-02-16,Guanajuato,Depresión,mujeres,88
2026-02-23,Guanajuato,Depresión,general,111
2026-02-23,Guanajuato,Depresión,hombres,22
2026-02-23,Guanajuato,Depresión,mujeres,79
2026-03-02,Guanajuato,Depresión,general,100
2026-03-02,Guanajuato,Depresión,hombres,19
2026-03-02,Guanajuato,Depresión,mujeres,88
2026-03-09,Guanajuato,Depresión,general,110
2026-03-09,Guanajuato,Depresión,hombres,24
2026-03-09,Guanajuato,Depresión,mujeres,109
2026-03-16,Guanajuato,Depresión,general,116
2026-03-16,Guanajuato,Depresión,hombres,20
2026-03-16,Guanajuato,Depresión,mujeres,99
2026-03-23,Guanajuato,Depresión,general,113
2026-03-23,Guanajuato,Depresión,hombres,30
2026-03-23,Guanajuato,Depresión,mujeres,95
2026-03-30,Guanajuato,Depresión,general,107
2026-03-30,Guanajuato,Depresión,hombres,22
2026-03-30,Guanajuato,Depresión,mujeres,73
2026-04-06,Guanajuato,Depresión,general,86
2026-04-06,Guanajuato,Depresión,hombres,20
2026-04-06,Guanajuato,Depresión,mujeres,75
2026-04-13,Guanajuato,Depresión,general,110
2026-04-13,Guanajuato,Depresión,hombres,15
2026-04-13,Guanajuato,Depresión,mujeres,86
2026-04-20,Guanajuato,Depresión,general,101
2026-04-20,Guanajuato,Depresión,hombres,28
2026-04-20,Guanajuato,Depresión,mujeres,102
2026-04-27,Guanajuato,Depresión,general,97
2026-04-27,Guanajuato,Depresión,hombres,19
2026-04-27,Guanajuato,Depresión,mujeres,78
2026-05-04,Guanajuato,Depresión,general,88
2026-05-04,Guanajuato,Depresión,hombres,20
2026-05-04,Guanajuato,Depresión,mujeres,93
2026-05-11,Guanajuato,Depresión,general,118
2026-05-11,Guanajuato,Depresión,hombres,23
2026-05-11,Guanajuato,Depresión,mujeres,110
2026-05-18,Guanajuato,Depresión,general,114
2026-05-18,Guanajuato,Depresión,hombres,25
2026-05-18,Guanajuato,Depresión,mujeres,102
2026-05-25,Guanajuato,Depresión,general,118
2026-05-25,Guanajuato,Depresión,hombres,27
2026-05-25,Guanajuato,Depresión,mujeres,114
2026-06-01,Guanajuato,Depresión,general,91
2026-06-01,Guanajuato,Depresión,hombres,25
2026-06-01,Guanajuato,Depresión,mujeres,85
2026-06-08,Guanajuato,Depresión,general,131
2026-06-08,Guanajuato,Depresión,hombres,27
2026-06-08,Guanajuato,Depresión,mujeres,101
2026-06-15,Guanajuato,Depresión,general,125
2026-06-15,Guanajuato,Depresión,hombres,29
2026-06-15,Guanajuato,Depresión,mujeres,105
2026-06-22,Guanajuato,Depresión,general,120
2026-06-22,Guanajuato,Depresión,hombres,30
2026-06-22,Guanajuato,Depresión,mujeres,109
2026-06-29,Guanajuato,Depresión,general,116
2026-06-29,Guanajuato,Depresión,hombres,26
2026-06-29,Guanajuato,Depresión,mujeres,102
2026-07-06,Guanajuato,Depresión,general,103
2026-07-06,Guanajuato,Depresión,hombres,19
2026-07-06,Guanajuato,Depresión,mujeres,91
2026-07-13,Guanajuato,Depresión,general,126
2026-07-13,Guanajuato,Depresión,hombres,24
2026-07-13,Guanajuato,Depresión,mujeres,102
2026-07-20,Guanajuato,Depresión,general,120
2026-07-20,Guanajuato,Depresión,hombres,29
2026-07-20,Guanajuato,Depresión,mujeres,90
2026-07-27,Guanajuato,Depresión,general,115
2026-07-27,Guanajuato,Depresión,hombres,27
2026-07-27,Guanajuato,Depresión,mujeres,107
2026-08-03,Guanajuato,Depresión,general,102
2026-08-03,Guanajuato,Depresión,hombres,19
2026-08-03,Guanajuato,Depresión,mujeres,96
2026-08-10,Guanajuato,Depresión,general,112
2026-08-10,Guanajuato,Depresión,hombres,18
2026-08-10,Guanajuato,Depresión,mujeres,91
2026-08-17,Guanajuato,Depresión,general,104
2026-08-17,Guanajuato,Depresión,hombres,20
2026-08-17,Guanajuato,Depresión,mujeres,85
2026-08-24,Guanajuato,Depresión,general,102
2026-08-24,Guanajuato,Depresión,hombres,21
2026-08-24,Guanajuato,Depresión,mujeres,100
2026-08-31,Guanajuato,Depresión,general,82
2026-08-31,Guanajuato,Depresión,hombres,23
2026-08-31,Guanajuato,Depresión,mujeres,79
2026-09-07,Guanajuato,Depresión,general,84
2026-09-07,Guanajuato,Depresión,hombres,20
2026-09-07,Guanajuato,Depresión,mujeres,88
2026-09-14,Guanajuato,Depresión,general,102
2026-09-14,Guanajuato,Depresión,hombres,22
2026-09-14,Guanajuato,Depresión,mujeres,95
2026-09-21,Guanajuato,Depresión,general,88
2026-09-21,Guanajuato,Depresión,hombres,27
2026-09-21,Guanajuato,Depresión,mujeres,86
2026-09-28,Guanajuato,Depresión,general,94
2026-09-28,Guanajuato,Depresión,hombres,26
2026-09-28,Guanajuato,Depresión,mujeres,97
2026-10-05,Guanajuato,Depresión,general,107
2026-10-05,Guanajuato,Depresión,hombres,21
2026-10-05,Guanajuato,Depresión,mujeres,90
2026-10-12,Guanajuato,Depresión,general,116
2026-10-12,Guanajuato,Depresión,hombres,27
2026-10-12,Guanajuato,Depresión,mujeres,77
2026-10-19,Guanajuato,Depresión,general,123
2026-10-19,Guanajuato,Depresión,hombres,31
2026-10-19,Guanajuato,Depresión,mujeres,85
2026-10-26,Guanajuato,Depresión,general,125
2026-10-26,Guanajuato,Depresión,hombres,29
2026-10-26,Guanajuato,Depresión,mujeres,93
2026-11-02,Guanajuato,Depresión,general,110
2026-11-02,Guanajuato,Depresión,hombres,29
2026-11-02,Guanajuato,Depresión,mujeres,90
2026-11-09,Guanajuato,Depresión,general,125
2026-11-09,Guanajuato,Depresión,hombres,24
2026-11-09,Guanajuato,Depresión,mujeres,84
2026-11-16,Guanajuato,Depresión,general,116
2026-11-16,Guanajuato,Depresión,hombres,25
2026-11-16,Guanajuato,Depresión,mujeres,87
2026-11-23,Guanajuato,Depresión,general,115
2026-11-23,Guanajuato,Depresión,hombres,21
2026-11-23,Guanajuato,Depresión,mujeres,87
2026-11-30,Guanajuato,Depresión,general,104
2026-11-30,Guanajuato,Depresión,hombres,17
2026-11-30,Guanajuato,Depresión,mujeres,78
2026-12-07,Guanajuato,Depresión,general,87
2026-12-07,Guanajuato,Depresión,hombres,18
2026-12-07,Guanajuato,Depresión,mujeres,79
2026-12-14,Guanajuato,Depresión,general,94
2026-12-14,Guanajuato,Depresión,hombres,21
2026-12-14,Guanajuato,Depresión,mujeres,82
2026-12-21,Guanajuato,Depresión,general,87
2026-12-21,Guanajuato,Depresión,hombres,20
2026-12-21,Guanajuato,Depresión,mujeres,70
2026-12-28,Guanajuato,Depresión,general,77
2026-12-28,Guanajuato,Depresión,hombres,17
2026-12-28,Guanajuato,Depresión,mujeres,68
2027-01-04,Guanajuato,Depresión,general,80
2027-01-04,Guanajuato,Depresión,hombres,14
2027-01-04,Guanajuato,Depresión,mujeres,67
2027-01-11,Guanajuato,Depresión,general,110
2027-01-11,Guanajuato,Depresión,hombres,23
2027-01-11,Guanajuato,Depresión,mujeres,68
2027-01-18,Guanajuato,Depresión,general,100
2027-01-18,Guanajuato,Depresión,hombres,26
2027-01-18,Guanajuato,Depresión,mujeres,73
2027-01-25,Guanajuato,Depresión,general,104
2027-01-25,Guanajuato,Depresión,hombres,23
2027-01-25,Guanajuato,Depresión,mujeres,82
2026-02-02,Guerrero,Depresión,general,75
2026-02-02,Guerrero,Depresión,hombres,21
2026-02-02,Guerrero,Depresión,mujeres,69
2026-02-09,Guerrero,Depresión,general,80
2026-02-09,Guerrero,Depresión,hombres,19
2026-02-09,Guerrero,Depresión,mujeres,66
2026-02-16,Guerrero,Depresión,general,81
2026-02-16,Guerrero,Depresión,hombres,24
2026-02-16,Guerrero,Depresión,mujeres,59
2026-02-23,Guerrero,Depresión,general,89
2026-02-23,Guerrero,Depresión,hombres,21
2026-02-23,Guerrero,Depresión,mujeres,89
2026-03-02,Guerrero,Depresión,general,83
2026-03-02,Guerrero,Depresión,hombres,18
2026-03-02,Guerrero,Depresión,mujeres,66
2026-03-09,Guerrero,Depresión,general,69
2026-03-09,Guerrero,Depresión,hombres,17
2026-03-09,Guerrero,Depresión,mujeres,58
2026-03-16,Guerrero,Depresión,general,44
2026-03-16,Guerrero,Depresión,hombres,17
2026-03-16,Guerrero,Depresión,mujeres,52
2026-03-23,Guerrero,Depresión,general,39
2026-03-23,Guerrero,Depresión,hombres,16
2026-03-23,Guerrero,Depresión,mujeres,54
2026-03-30,Guerrero,Depresión,general,48
2026-03-30,Guerrero,Depresión,hombres,11
2026-03-30,Guerrero,Depresión,mujeres,47
2026-04-06,Guerrero,Depresión,general,40
2026-04-06,Guerrero,Depresión,hombres,10
2026-04-06,Guerrero,Depresión,mujeres,44
2026-04-13,Guerrero,Depresión,general,43
2026-04-13,Guerrero,Depresión,hombres,17
2026-04-13,Guerrero,Depresión,mujeres,47
2026-04-20,Guerrero,Depresión,general,35
2026-04-20,Guerrero,Depresión,hombres,17
2026-04-20,Guerrero,Depresión,mujeres,48
2026-04-27,Guerrero,Depresión,general,45
2026-04-27,Guerrero,Depresión,hombres,19
2026-04-27,Guerrero,Depresión,mujeres,58
2026-05-04,Guerrero,Depresión,general,31
2026-05-04,Guerrero,Depresión,hombres,15
2026-05-04,Guerrero,Depresión,mujeres,63
2026-05-11,Guerrero,Depresión,general,43
2026-05-11,Guerrero,Depresión,hombres,18
2026-05-11,Guerrero,Depresión,mujeres,65
2026-05-18,Guerrero,Depresión,general,35
2026-05-18,Guerrero,Depresión,hombres,18
2026-05-18,Guerrero,Depresión,mujeres,62
2026-05-25,Guerrero,Depresión,general,23
2026-05-25,Guerrero,Depresión,hombres,18
2026-05-25,Guerrero,Depresión,mujeres,58
2026-06-01,Guerrero,Depresión,general,36
2026-06-01,Guerrero,Depresión,hombres,19
2026-06-01,Guerrero,Depresión,mujeres,65
2026-06-08,Guerrero,Depresión,general,54
2026-06-08,Guerrero,Depresión,hombres,21
2026-06-08,Guerrero,Depresión,mujeres,58
2026-06-15,Guerrero,Depresión,general,25
2026-06-15,Guerrero,Depresión,hombres,19
2026-06-15,Guerrero,Depresión,mujeres,47
2026-06-22,Guerrero,Depresión,general,30
2026-06-22,Guerrero,Depresión,hombres,15
2026-06-22,Guerrero,Depresión,mujeres,41
2026-06-29,Guerrero,Depresión,general,23
2026-06-29,Guerrero,Depresión,hombres,14
2026-06-29,Guerrero,Depresión,mujeres,49
2026-07-06,Guerrero,Depresión,general,28
2026-07-06,Guerrero,Depresión,hombres,11
2026-07-06,Guerrero,Depresión,mujeres,55
2026-07-13,Guerrero,Depresión,general,49
2026-07-13,Guerrero,Depresión,hombres,12
2026-07-13,Guerrero,Depresión,mujeres,37
2026-07-20,Guerrero,Depresión,general,29
2026-07-20,Guerrero,Depresión,hombres,14
2026-07-20,Guerrero,Depresión,mujeres,40
2026-07-27,Guerrero,Depresión,general,31
2026-07-27,Guerrero,Depresión,hombres,14
2026-07-27,Guerrero,Depresión,mujeres,44
2026-08-03,Guerrero,Depresión,general,27
2026-08-03,Guerrero,Depresión,hombres,16
2026-08-03,Guerrero,Depresión,mujeres,50
2026-08-10,Guerrero,Depresión,general,25
2026-08-10,Guerrero,Depresión,hombres,14
2026-08-10,Guerrero,Depresión,mujeres,58
2026-08-17,Guerrero,Depresión,general,32
2026-08-17,Guerrero,Depresión,hombres,13
2026-08-17,Guerrero,Depresión,mujeres,58
2026-08-24,Guerrero,Depresión,general,25
2026-08-24,Guerrero,Depresión,hombres,13
2026-08-24,Guerrero,Depresión,mujeres,52
2026-08-31,Guerrero,Depresión,general,19
2026-08-31,Guerrero,Depresión,hombres,14
2026-08-31,Guerrero,Depresión,mujeres,43
2026-09-07,Guerrero,Depresión,general,22
2026-09-07,Guerrero,Depresión,hombres,13
2026-09-07,Guerrero,Depresión,mujeres,49
2026-09-14,Guerrero,Depresión,general,38
2026-09-14,Guerrero,Depresión,hombres,9
2026-09-14,Guerrero,Depresión,mujeres,54
2026-09-21,Guerrero,Depresión,general,30
2026-09-21,Guerrero,Depresión,hombres,7
2026-09-21,Guerrero,Depresión,mujeres,44
2026-09-28,Guerrero,Depresión,general,27
2026-09-28,Guerrero,Depresión,hombres,8
2026-09-28,Guerrero,Depresión,mujeres,49
2026-10-05,Guerrero,Depresión,general,25
2026-10-05,Guerrero,Depresión,hombres,14
2026-10-05,Guerrero,Depresión,mujeres,57
2026-10-12,Guerrero,Depresión,general,21
2026-10-12,Guerrero,Depresión,hombres,16
2026-10-12,Guerrero,Depresión,mujeres,45
2026-10-19,Guerrero,Depresión,general,17
2026-10-19,Guerrero,Depresión,hombres,16
2026-10-19,Guerrero,Depresión,mujeres,39
2026-10-26,Guerrero,Depresión,general,16
2026-10-26,Guerrero,Depresión,hombres,14
2026-10-26,Guerrero,Depresión,mujeres,40
2026-11-02,Guerrero,Depresión,general,16
2026-11-02,Guerrero,Depresión,hombres,10
2026-11-02,Guerrero,Depresión,mujeres,46
2026-11-09,Guerrero,Depresión,general,32
2026-11-09,Guerrero,Depresión,hombres,9
2026-11-09,Guerrero,Depresión,mujeres,38
2026-11-16,Guerrero,Depresión,general,31
2026-11-16,Guerrero,Depresión,hombres,12
2026-11-16,Guerrero,Depresión,mujeres,28
2026-11-23,Guerrero,Depresión,general,27
2026-11-23,Guerrero,Depresión,hombres,16
2026-11-23,Guerrero,Depresión,mujeres,42
2026-11-30,Guerrero,Depresión,general,18
2026-11-30,Guerrero,Depresión,hombres,16
2026-11-30,Guerrero,Depresión,mujeres,54
2026-12-07,Guerrero,Depresión,general,16
2026-12-07,Guerrero,Depresión,hombres,12
2026-12-07,Guerrero,Depresión,mujeres,55
2026-12-14,Guerrero,Depresión,general,15
2026-12-14,Guerrero,Depresión,hombres,7
2026-12-14,Guerrero,Depresión,mujeres,45
2026-12-21,Guerrero,Depresión,general,14
2026-12-21,Guerrero,Depresión,hombres,9
2026-12-21,Guerrero,Depresión,mujeres,39
2026-12-28,Guerrero,Depresión,general,14
2026-12-28,Guerrero,Depresión,hombres,5
2026-12-28,Guerrero,Depresión,mujeres,33
2027-01-04,Guerrero,Depresión,general,13
2027-01-04,Guerrero,Depresión,hombres,5
2027-01-04,Guerrero,Depresión,mujeres,36
2027-01-11,Guerrero,Depresión,general,32
2027-01-11,Guerrero,Depresión,hombres,14
2027-01-11,Guerrero,Depresión,mujeres,38
2027-01-18,Guerrero,Depresión,general,33
2027-01-18,Guerrero,Depresión,hombres,17
2027-01-18,Guerrero,Depresión,mujeres,51
2027-01-25,Guerrero,Depresión,general,32
2027-01-25,Guerrero,Depresión,hombres,14
2027-01-25,Guerrero,Depresión,mujeres,55
2026-02-02,Hidalgo,Depresión,general,72
2026-02-02,Hidalgo,Depresión,hombres,19
2026-02-02,Hidalgo,Depresión,mujeres,57
2026-02-09,Hidalgo,Depresión,general,69
2026-02-09,Hidalgo,Depresión,hombres,15
2026-02-09,Hidalgo,Depresión,mujeres,59
2026-02-16,Hidalgo,Depresión,general,78
2026-02-16,Hidalgo,Depresión,hombres,16
2026-02-16,Hidalgo,Depresión,mujeres,56
2026-02-23,Hidalgo,Depresión,general,62
2026-02-23,Hidalgo,Depresión,hombres,11
2026-02-23,Hidalgo,Depresión,mujeres,46
2026-03-02,Hidalgo,Depresión,general,58
2026-03-02,Hidalgo,Depresión,hombres,14
2026-03-02,Hidalgo,Depresión,mujeres,54
2026-03-09,Hidalgo,Depresión,general,74
2026-03-09,Hidalgo,Depresión,hombres,14
2026-03-09,Hidalgo,Depresión,mujeres,64
2026-03-16,Hidalgo,Depresión,general,86
2026-03-16,Hidalgo,Depresión,hombres,14
2026-03-16,Hidalgo,Depresión,mujeres,50
2026-03-23,Hidalgo,Depresión,general,62
2026-03-23,Hidalgo,Depresión,hombres,13
2026-03-23,Hidalgo,Depresión,mujeres,69
2026-03-30,Hidalgo,Depresión,general,73
2026-03-30,Hidalgo,Depresión,hombres,11
2026-03-30,Hidalgo,Depresión,mujeres,45
2026-04-06,Hidalgo,Depresión,general,53
2026-04-06,Hidalgo,Depresión,hombres,9
2026-04-06,Hidalgo,Depresión,mujeres,49
2026-04-13,Hidalgo,Depresión,general,61
2026-04-13,Hidalgo,Depresión,hombres,9
2026-04-13,Hidalgo,Depresión,mujeres,53
2026-04-20,Hidalgo,Depresión,general,71
2026-04-20,Hidalgo,Depresión,hombres,15
2026-04-20,Hidalgo,Depresión,mujeres,54
2026-04-27,Hidalgo,Depresión,general,77
2026-04-27,Hidalgo,Depresión,hombres,10
2026-04-27,Hidalgo,Depresión,mujeres,51
2026-05-04,Hidalgo,Depresión,general,82
2026-05-04,Hidalgo,Depresión,hombres,12
2026-05-04,Hidalgo,Depresión,mujeres,52
2026-05-11,Hidalgo,Depresión,general,81
2026-05-11,Hidalgo,Depresión,hombres,14
2026-05-11,Hidalgo,Depresión,mujeres,43
2026-05-18,Hidalgo,Depresión,general,69
2026-05-18,Hidalgo,Depresión,hombres,15
2026-05-18,Hidalgo,Depresión,mujeres,54
2026-05-25,Hidalgo,Depresión,general,76
2026-05-25,Hidalgo,Depresión,hombres,13
2026-05-25,Hidalgo,Depresión,mujeres,60
2026-06-01,Hidalgo,Depresión,general,77
2026-06-01,Hidalgo,Depresión,hombres,17
2026-06-01,Hidalgo,Depresión,mujeres,57
2026-06-08,Hidalgo,Depresión,general,84
2026-06-08,Hidalgo,Depresión,hombres,16
2026-06-08,Hidalgo,Depresión,mujeres,60
2026-06-15,Hidalgo,Depresión,general,68
2026-06-15,Hidalgo,Depresión,hombres,15
2026-06-15,Hidalgo,Depresión,mujeres,62
2026-06-22,Hidalgo,Depresión,general,83
2026-06-22,Hidalgo,Depresión,hombres,12
2026-06-22,Hidalgo,Depresión,mujeres,62
2026-06-29,Hidalgo,Depresión,general,70
2026-06-29,Hidalgo,Depresión,hombres,9
2026-06-29,Hidalgo,Depresión,mujeres,55
2026-07-06,Hidalgo,Depresión,general,71
2026-07-06,Hidalgo,Depresión,hombres,8
2026-07-06,Hidalgo,Depresión,mujeres,62
2026-07-13,Hidalgo,Depresión,general,57
2026-07-13,Hidalgo,Depresión,hombres,15
2026-07-13,Hidalgo,Depresión,mujeres,60
2026-07-20,Hidalgo,Depresión,general,64
2026-07-20,Hidalgo,Depresión,hombres,12
2026-07-20,Hidalgo,Depresión,mujeres,56
2026-07-27,Hidalgo,Depresión,general,74
2026-07-27,Hidalgo,Depresión,hombres,13
2026-07-27,Hidalgo,Depresión,mujeres,62
2026-08-03,Hidalgo,Depresión,general,60
2026-08-03,Hidalgo,Depresión,hombres,10
2026-08-03,Hidalgo,Depresión,mujeres,53
2026-08-10,Hidalgo,Depresión,general,70
2026-08-10,Hidalgo,Depresión,hombres,8
2026-08-10,Hidalgo,Depresión,mujeres,50
2026-08-17,Hidalgo,Depresión,general,85
2026-08-17,Hidalgo,Depresión,hombres,10
2026-08-17,Hidalgo,Depresión,mujeres,53
2026-08-24,Hidalgo,Depresión,general,86
2026-08-24,Hidalgo,Depresión,hombres,8
2026-08-24,Hidalgo,Depresión,mujeres,51
2026-08-31,Hidalgo,Depresión,general,73
2026-08-31,Hidalgo,Depresión,hombres,10
2026-08-31,Hidalgo,Depresión,mujeres,45
2026-09-07,Hidalgo,Depresión,general,83
2026-09-07,Hidalgo,Depresión,hombres,13
2026-09-07,Hidalgo,Depresión,mujeres,64
2026-09-14,Hidalgo,Depresión,general,90
2026-09-14,Hidalgo,Depresión,hombres,8
2026-09-14,Hidalgo,Depresión,mujeres,57
2026-09-21,Hidalgo,Depresión,general,88
2026-09-21,Hidalgo,Depresión,hombres,12
2026-09-21,Hidalgo,Depresión,mujeres,50
2026-09-28,Hidalgo,Depresión,general,84
2026-09-28,Hidalgo,Depresión,hombres,11
2026-09-28,Hidalgo,Depresión,mujeres,76
2026-10-05,Hidalgo,Depresión,general,79
2026-10-05,Hidalgo,Depresión,hombres,13
2026-10-05,Hidalgo,Depresión,mujeres,53
2026-10-12,Hidalgo,Depresión,general,85
2026-10-12,Hidalgo,Depresión,hombres,11
2026-10-12,Hidalgo,Depresión,mujeres,50
2026-10-19,Hidalgo,Depresión,general,77
2026-10-19,Hidalgo,Depresión,hombres,12
2026-10-19,Hidalgo,Depresión,mujeres,63
2026-10-26,Hidalgo,Depresión,general,90
2026-10-26,Hidalgo,Depresión,hombres,10
2026-10-26,Hidalgo,Depresión,mujeres,57
2026-11-02,Hidalgo,Depresión,general,68
2026-11-02,Hidalgo,Depresión,hombres,15
2026-11-02,Hidalgo,Depresión,mujeres,43
2026-11-09,Hidalgo,Depresión,general,72
2026-11-09,Hidalgo,Depresión,hombres,10
2026-11-09,Hidalgo,Depresión,mujeres,47
2026-11-16,Hidalgo,Depresión,general,55
2026-11-16,Hidalgo,Depresión,hombres,12
2026-11-16,Hidalgo,Depresión,mujeres,56
2026-11-23,Hidalgo,Depresión,general,49
2026-11-23,Hidalgo,Depresión,hombres,12
2026-11-23,Hidalgo,Depresión,mujeres,46
2026-11-30,Hidalgo,Depresión,general,43
2026-11-30,Hidalgo,Depresión,hombres,6
2026-11-30,Hidalgo,Depresión,mujeres,33
2026-12-07,Hidalgo,Depresión,general,57
2026-12-07,Hidalgo,Depresión,hombres,13
2026-12-07,Hidalgo,Depresión,mujeres,44
2026-12-14,Hidalgo,Depresión,general,54
2026-12-14,Hidalgo,Depresión,hombres,8
2026-12-14,Hidalgo,Depresión,mujeres,40
2026-12-21,Hidalgo,Depresión,general,47
2026-12-21,Hidalgo,Depresión,hombres,6
2026-12-21,Hidalgo,Depresión,mujeres,29
2026-12-28,Hidalgo,Depresión,general,41
2026-12-28,Hidalgo,Depresión,hombres,9
2026-12-28,Hidalgo,Depresión,mujeres,13
2027-01-04,Hidalgo,Depresión,general,45
2027-01-04,Hidalgo,Depresión,hombres,11
2027-01-04,Hidalgo,Depresión,mujeres,24
2027-01-11,Hidalgo,Depresión,general,80
2027-01-11,Hidalgo,Depresión,hombres,11
2027-01-11,Hidalgo,Depresión,mujeres,40
2027-01-18,Hidalgo,Depresión,general,81
2027-01-18,Hidalgo,Depresión,hombres,13
2027-01-18,Hidalgo,Depresión,mujeres,55
2027-01-25,Hidalgo,Depresión,general,86
2027-01-25,Hidalgo,Depresión,hombres,15
2027-01-25,Hidalgo,Depresión,mujeres,54
2026-02-02,Jalisco,Depresión,general,150
2026-02-02,Jalisco,Depresión,hombres,56
2026-02-02,Jalisco,Depresión,mujeres,72
2026-02-09,Jalisco,Depresión,general,218
2026-02-09,Jalisco,Depresión,hombres,63
2026-02-09,Jalisco,Depresión,mujeres,149
2026-02-16,Jalisco,Depresión,general,237
2026-02-16,Jalisco,Depresión,hombres,72
2026-02-16,Jalisco,Depresión,mujeres,146
2026-02-23,Jalisco,Depresión,general,306
2026-02-23,Jalisco,Depresión,hombres,76
2026-02-23,Jalisco,Depresión,mujeres,194
2026-03-02,Jalisco,Depresión,general,225
2026-03-02,Jalisco,Depresión,hombres,80
2026-03-02,Jalisco,Depresión,mujeres,172
2026-03-09,Jalisco,Depresión,general,237
2026-03-09,Jalisco,Depresión,hombres,82
2026-03-09,Jalisco,Depresión,mujeres,171
2026-03-16,Jalisco,Depresión,general,196
2026-03-16,Jalisco,Depresión,hombres,66
2026-03-16,Jalisco,Depresión,mujeres,128
2026-03-23,Jalisco,Depresión,general,163
2026-03-23,Jalisco,Depresión,hombres,68
2026-03-23,Jalisco,Depresión,mujeres,128
2026-03-30,Jalisco,Depresión,general,157
2026-03-30,Jalisco,Depresión,hombres,83
2026-03-30,Jalisco,Depresión,mujeres,147
2026-04-06,Jalisco,Depresión,general,143
2026-04-06,Jalisco,Depresión,hombres,82
2026-04-06,Jalisco,Depresión,mujeres,175
2026-04-13,Jalisco,Depresión,general,189
2026-04-13,Jalisco,Depresión,hombres,82
2026-04-13,Jalisco,Depresión,mujeres,139
2026-04-20,Jalisco,Depresión,general,157
2026-04-20,Jalisco,Depresión,hombres,76
2026-04-20,Jalisco,Depresión,mujeres,136
2026-04-27,Jalisco,Depresión,general,188
2026-04-27,Jalisco,Depresión,hombres,91
2026-04-27,Jalisco,Depresión,mujeres,130
2026-05-04,Jalisco,Depresión,general,199
2026-05-04,Jalisco,Depresión,hombres,69
2026-05-04,Jalisco,Depresión,mujeres,129
2026-05-11,Jalisco,Depresión,general,202
2026-05-11,Jalisco,Depresión,hombres,78
2026-05-11,Jalisco,Depresión,mujeres,154
2026-05-18,Jalisco,Depresión,general,194
2026-05-18,Jalisco,Depresión,hombres,61
2026-05-18,Jalisco,Depresión,mujeres,146
2026-05-25,Jalisco,Depresión,general,224
2026-05-25,Jalisco,Depresión,hombres,60
2026-05-25,Jalisco,Depresión,mujeres,145
2026-06-01,Jalisco,Depresión,general,197
2026-06-01,Jalisco,Depresión,hombres,66
2026-06-01,Jalisco,Depresión,mujeres,146
2026-06-08,Jalisco,Depresión,general,189
2026-06-08,Jalisco,Depresión,hombres,78
2026-06-08,Jalisco,Depresión,mujeres,154
2026-06-15,Jalisco,Depresión,general,195
2026-06-15,Jalisco,Depresión,hombres,68
2026-06-15,Jalisco,Depresión,mujeres,121
2026-06-22,Jalisco,Depresión,general,192
2026-06-22,Jalisco,Depresión,hombres,87
2026-06-22,Jalisco,Depresión,mujeres,186
2026-06-29,Jalisco,Depresión,general,176
2026-06-29,Jalisco,Depresión,hombres,90
2026-06-29,Jalisco,Depresión,mujeres,173
2026-07-06,Jalisco,Depresión,general,185
2026-07-06,Jalisco,Depresión,hombres,60
2026-07-06,Jalisco,Depresión,mujeres,173
2026-07-13,Jalisco,Depresión,general,192
2026-07-13,Jalisco,Depresión,hombres,80
2026-07-13,Jalisco,Depresión,mujeres,99
2026-07-20,Jalisco,Depresión,general,208
2026-07-20,Jalisco,Depresión,hombres,93
2026-07-20,Jalisco,Depresión,mujeres,147
2026-07-27,Jalisco,Depresión,general,204
2026-07-27,Jalisco,Depresión,hombres,80
2026-07-27,Jalisco,Depresión,mujeres,111
2026-08-03,Jalisco,Depresión,general,226
2026-08-03,Jalisco,Depresión,hombres,64
2026-08-03,Jalisco,Depresión,mujeres,119
2026-08-10,Jalisco,Depresión,general,212
2026-08-10,Jalisco,Depresión,hombres,60
2026-08-10,Jalisco,Depresión,mujeres,116
2026-08-17,Jalisco,Depresión,general,199
2026-08-17,Jalisco,Depresión,hombres,71
2026-08-17,Jalisco,Depresión,mujeres,124
2026-08-24,Jalisco,Depresión,general,223
2026-08-24,Jalisco,Depresión,hombres,82
2026-08-24,Jalisco,Depresión,mujeres,123
2026-08-31,Jalisco,Depresión,general,194
2026-08-31,Jalisco,Depresión,hombres,61
2026-08-31,Jalisco,Depresión,mujeres,138
2026-09-07,Jalisco,Depresión,general,220
2026-09-07,Jalisco,Depresión,hombres,50
2026-09-07,Jalisco,Depresión,mujeres,142
2026-09-14,Jalisco,Depresión,general,179
2026-09-14,Jalisco,Depresión,hombres,62
2026-09-14,Jalisco,Depresión,mujeres,157
2026-09-21,Jalisco,Depresión,general,219
2026-09-21,Jalisco,Depresión,hombres,93
2026-09-21,Jalisco,Depresión,mujeres,129
2026-09-28,Jalisco,Depresión,general,213
2026-09-28,Jalisco,Depresión,hombres,88
2026-09-28,Jalisco,Depresión,mujeres,153
2026-10-05,Jalisco,Depresión,general,191
2026-10-05,Jalisco,Depresión,hombres,55
2026-10-05,Jalisco,Depresión,mujeres,110
2026-10-12,Jalisco,Depresión,general,163
2026-10-12,Jalisco,Depresión,hombres,77
2026-10-12,Jalisco,Depresión,mujeres,143
2026-10-19,Jalisco,Depresión,general,207
2026-10-19,Jalisco,Depresión,hombres,78
2026-10-19,Jalisco,Depresión,mujeres,160
2026-10-26,Jalisco,Depresión,general,206
2026-10-26,Jalisco,Depresión,hombres,71
2026-10-26,Jalisco,Depresión,mujeres,159
2026-11-02,Jalisco,Depresión,general,170
2026-11-02,Jalisco,Depresión,hombres,53
2026-11-02,Jalisco,Depresión,mujeres,136
2026-11-09,Jalisco,Depresión,general,186
2026-11-09,Jalisco,Depresión,hombres,71
2026-11-09,Jalisco,Depresión,mujeres,167
2026-11-16,Jalisco,Depresión,general,170
2026-11-16,Jalisco,Depresión,hombres,69
2026-11-16,Jalisco,Depresión,mujeres,123
2026-11-23,Jalisco,Depresión,general,181
2026-11-23,Jalisco,Depresión,hombres,57
2026-11-23,Jalisco,Depresión,mujeres,172
2026-11-30,Jalisco,Depresión,general,161
2026-11-30,Jalisco,Depresión,hombres,63
2026-11-30,Jalisco,Depresión,mujeres,115
2026-12-07,Jalisco,Depresión,general,200
2026-12-07,Jalisco,Depresión,hombres,70
2026-12-07,Jalisco,Depresión,mujeres,144
2026-12-14,Jalisco,Depresión,general,189
2026-12-14,Jalisco,Depresión,hombres,57
2026-12-14,Jalisco,Depresión,mujeres,126
2026-12-21,Jalisco,Depresión,general,146
2026-12-21,Jalisco,Depresión,hombres,37
2026-12-21,Jalisco,Depresión,mujeres,122
2026-12-28,Jalisco,Depresión,general,138
2026-12-28,Jalisco,Depresión,hombres,38
2026-12-28,Jalisco,Depresión,mujeres,129
2027-01-04,Jalisco,Depresión,general,135
2027-01-04,Jalisco,Depresión,hombres,41
2027-01-04,Jalisco,Depresión,mujeres,137
2027-01-11,Jalisco,Depresión,general,148
2027-01-11,Jalisco,Depresión,hombres,55
2027-01-11,Jalisco,Depresión,mujeres,132
2027-01-18,Jalisco,Depresión,general,167
2027-01-18,Jalisco,Depresión,hombres,84
2027-01-18,Jalisco,Depresión,mujeres,131
2027-01-25,Jalisco,Depresión,general,203
2027-01-25,Jalisco,Depresión,hombres,60
2027-01-25,Jalisco,Depresión,mujeres,136
2026-02-02,Michoacán,Depresión,general,108
2026-02-02,Michoacán,Depresión,hombres,19
2026-02-02,Michoacán,Depresión,mujeres,67
2026-02-09,Michoacán,Depresión,general,122
2026-02-09,Michoacán,Depresión,hombres,22
2026-02-09,Michoacán,Depresión,mujeres,83
2026-02-16,Michoacán,Depresión,general,114
2026-02-16,Michoacán,Depresión,hombres,20
2026-02-16,Michoacán,Depresión,mujeres,94
2026-02-23,Michoacán,Depresión,general,111
2026-02-23,Michoacán,Depresión,hombres,25
2026-02-23,Michoacán,Depresión,mujeres,90
2026-03-02,Michoacán,Depresión,general,109
2026-03-02,Michoacán,Depresión,hombres,25
2026-03-02,Michoacán,Depresión,mujeres,69
2026-03-09,Michoacán,Depresión,general,133
2026-03-09,Michoacán,Depresión,hombres,22
2026-03-09,Michoacán,Depresión,mujeres,74
2026-03-16,Michoacán,Depresión,general,106
2026-03-16,Michoacán,Depresión,hombres,19
2026-03-16,Michoacán,Depresión,mujeres,71
2026-03-23,Michoacán,Depresión,general,104
2026-03-23,Michoacán,Depresión,hombres,18
2026-03-23,Michoacán,Depresión,mujeres,99
2026-03-30,Michoacán,Depresión,general,124
2026-03-30,Michoacán,Depresión,hombres,25
2026-03-30,Michoacán,Depresión,mujeres,69
2026-04-06,Michoacán,Depresión,general,105
2026-04-06,Michoacán,Depresión,hombres,18
2026-04-06,Michoacán,Depresión,mujeres,69
2026-04-13,Michoacán,Depresión,general,113
2026-04-13,Michoacán,Depresión,hombres,20
2026-04-13,Michoacán,Depresión,mujeres,68
2026-04-20,Michoacán,Depresión,general,117
2026-04-20,Michoacán,Depresión,hombres,20
2026-04-20,Michoacán,Depresión,mujeres,64
2026-04-27,Michoacán,Depresión,general,88
2026-04-27,Michoacán,Depresión,hombres,25
2026-04-27,Michoacán,Depresión,mujeres,73
2026-05-04,Michoacán,Depresión,general,110
2026-05-04,Michoacán,Depresión,hombres,14
2026-05-04,Michoacán,Depresión,mujeres,82
2026-05-11,Michoacán,Depresión,general,102
2026-05-11,Michoacán,Depresión,hombres,18
2026-05-11,Michoacán,Depresión,mujeres,67
2026-05-18,Michoacán,Depresión,general,70
2026-05-18,Michoacán,Depresión,hombres,21
2026-05-18,Michoacán,Depresión,mujeres,66
2026-05-25,Michoacán,Depresión,general,79
2026-05-25,Michoacán,Depresión,hombres,23
2026-05-25,Michoacán,Depresión,mujeres,55
2026-06-01,Michoacán,Depresión,general,71
2026-06-01,Michoacán,Depresión,hombres,16
2026-06-01,Michoacán,Depresión,mujeres,70
2026-06-08,Michoacán,Depresión,general,74
2026-06-08,Michoacán,Depresión,hombres,17
2026-06-08,Michoacán,Depresión,mujeres,76
2026-06-15,Michoacán,Depresión,general,93
2026-06-15,Michoacán,Depresión,hombres,18
2026-06-15,Michoacán,Depresión,mujeres,64
2026-06-22,Michoacán,Depresión,general,97
2026-06-22,Michoacán,Depresión,hombres,21
2026-06-22,Michoacán,Depresión,mujeres,78
2026-06-29,Michoacán,Depresión,general,106
2026-06-29,Michoacán,Depresión,hombres,24
2026-06-29,Michoacán,Depresión,mujeres,54
2026-07-06,Michoacán,Depresión,general,104
2026-07-06,Michoacán,Depresión,hombres,19
2026-07-06,Michoacán,Depresión,mujeres,61
2026-07-13,Michoacán,Depresión,general,97
2026-07-13,Michoacán,Depresión,hombres,18
2026-07-13,Michoacán,Depresión,mujeres,58
2026-07-20,Michoacán,Depresión,general,94
2026-07-20,Michoacán,Depresión,hombres,19
2026-07-20,Michoacán,Depresión,mujeres,46
2026-07-27,Michoacán,Depresión,general,97
2026-07-27,Michoacán,Depresión,hombres,22
2026-07-27,Michoacán,Depresión,mujeres,46
2026-08-03,Michoacán,Depresión,general,90
2026-08-03,Michoacán,Depresión,hombres,23
2026-08-03,Michoacán,Depresión,mujeres,58
2026-08-10,Michoacán,Depresión,general,82
2026-08-10,Michoacán,Depresión,hombres,18
2026-08-10,Michoacán,Depresión,mujeres,63
2026-08-17,Michoacán,Depresión,general,82
2026-08-17,Michoacán,Depresión,hombres,20
2026-08-17,Michoacán,Depresión,mujeres,55
2026-08-24,Michoacán,Depresión,general,106
2026-08-24,Michoacán,Depresión,hombres,20
2026-08-24,Michoacán,Depresión,mujeres,66
2026-08-31,Michoacán,Depresión,general,87
2026-08-31,Michoacán,Depresión,hombres,25
2026-08-31,Michoacán,Depresión,mujeres,67
2026-09-07,Michoacán,Depresión,general,107
2026-09-07,Michoacán,Depresión,hombres,30
2026-09-07,Michoacán,Depresión,mujeres,71
2026-09-14,Michoacán,Depresión,general,88
2026-09-14,Michoacán,Depresión,hombres,24
2026-09-14,Michoacán,Depresión,mujeres,63
2026-09-21,Michoacán,Depresión,general,73
2026-09-21,Michoacán,Depresión,hombres,20
2026-09-21,Michoacán,Depresión,mujeres,64
2026-09-28,Michoacán,Depresión,general,106
2026-09-28,Michoacán,Depresión,hombres,24
2026-09-28,Michoacán,Depresión,mujeres,64
2026-10-05,Michoacán,Depresión,general,107
2026-10-05,Michoacán,Depresión,hombres,27
2026-10-05,Michoacán,Depresión,mujeres,74
2026-10-12,Michoacán,Depresión,general,97
2026-10-12,Michoacán,Depresión,hombres,22
2026-10-12,Michoacán,Depresión,mujeres,65
2026-10-19,Michoacán,Depresión,general,94
2026-10-19,Michoacán,Depresión,hombres,18
2026-10-19,Michoacán,Depresión,mujeres,66
2026-10-26,Michoacán,Depresión,general,100
2026-10-26,Michoacán,Depresión,hombres,25
2026-10-26,Michoacán,Depresión,mujeres,63
2026-11-02,Michoacán,Depresión,general,122
2026-11-02,Michoacán,Depresión,hombres,25
2026-11-02,Michoacán,Depresión,mujeres,70
2026-11-09,Michoacán,Depresión,general,108
2026-11-09,Michoacán,Depresión,hombres,21
2026-11-09,Michoacán,Depresión,mujeres,63
2026-11-16,Michoacán,Depresión,general,105
2026-11-16,Michoacán,Depresión,hombres,19
2026-11-16,Michoacán,Depresión,mujeres,59
2026-11-23,Michoacán,Depresión,general,99
2026-11-23,Michoacán,Depresión,hombres,21
2026-11-23,Michoacán,Depresión,mujeres,64
2026-11-30,Michoacán,Depresión,general,95
2026-11-30,Michoacán,Depresión,hombres,25
2026-11-30,Michoacán,Depresión,mujeres,58
2026-12-07,Michoacán,Depresión,general,102
2026-12-07,Michoacán,Depresión,hombres,24
2026-12-07,Michoacán,Depresión,mujeres,60
2026-12-14,Michoacán,Depresión,general,84
2026-12-14,Michoacán,Depresión,hombres,22
2026-12-14,Michoacán,Depresión,mujeres,78
2026-12-21,Michoacán,Depresión,general,81
2026-12-21,Michoacán,Depresión,hombres,24
2026-12-21,Michoacán,Depresión,mujeres,51
2026-12-28,Michoacán,Depresión,general,84
2026-12-28,Michoacán,Depresión,hombres,26
2026-12-28,Michoacán,Depresión,mujeres,51
2027-01-04,Michoacán,Depresión,general,65
2027-01-04,Michoacán,Depresión,hombres,25
2027-01-04,Michoacán,Depresión,mujeres,51
2027-01-11,Michoacán,Depresión,general,93
2027-01-11,Michoacán,Depresión,hombres,26
2027-01-11,Michoacán,Depresión,mujeres,63
2027-01-18,Michoacán,Depresión,general,93
2027-01-18,Michoacán,Depresión,hombres,28
2027-01-18,Michoacán,Depresión,mujeres,58
2027-01-25,Michoacán,Depresión,general,66
2027-01-25,Michoacán,Depresión,hombres,25
2027-01-25,Michoacán,Depresión,mujeres,75
2026-02-02,Morelos,Depresión,general,64
2026-02-02,Morelos,Depresión,hombres,12
2026-02-02,Morelos,Depresión,mujeres,51
2026-02-09,Morelos,Depresión,general,61
2026-02-09,Morelos,Depresión,hombres,7
2026-02-09,Morelos,Depresión,mujeres,42
2026-02-16,Morelos,Depresión,general,78
2026-02-16,Morelos,Depresión,hombres,13
2026-02-16,Morelos,Depresión,mujeres,55
2026-02-23,Morelos,Depresión,general,76
2026-02-23,Morelos,Depresión,hombres,18
2026-02-23,Morelos,Depresión,mujeres,59
2026-03-02,Morelos,Depresión,general,79
2026-03-02,Morelos,Depresión,hombres,12
2026-03-02,Morelos,Depresión,mujeres,54
2026-03-09,Morelos,Depresión,general,80
2026-03-09,Morelos,Depresión,hombres,20
2026-03-09,Morelos,Depresión,mujeres,55
2026-03-16,Morelos,Depresión,general,65
2026-03-16,Morelos,Depresión,hombres,16
2026-03-16,Morelos,Depresión,mujeres,59
2026-03-23,Morelos,Depresión,general,65
2026-03-23,Morelos,Depresión,hombres,18
2026-03-23,Morelos,Depresión,mujeres,55
2026-03-30,Morelos,Depresión,general,73
2026-03-30,Morelos,Depresión,hombres,9
2026-03-30,Morelos,Depresión,mujeres,62
2026-04-06,Morelos,Depresión,general,67
2026-04-06,Morelos,Depresión,hombres,13
2026-04-06,Morelos,Depresión,mujeres,52
2026-04-13,Morelos,Depresión,general,66
2026-04-13,Morelos,Depresión,hombres,11
2026-04-13,Morelos,Depresión,mujeres,45
2026-04-20,Morelos,Depresión,general,64
2026-04-20,Morelos,Depresión,hombres,18
2026-04-20,Morelos,Depresión,mujeres,76
2026-04-27,Morelos,Depresión,general,54
2026-04-27,Morelos,Depresión,hombres,18
2026-04-27,Morelos,Depresión,mujeres,54
2026-05-04,Morelos,Depresión,general,55
2026-05-04,Morelos,Depresión,hombres,12
2026-05-04,Morelos,Depresión,mujeres,37
2026-05-11,Morelos,Depresión,general,64
2026-05-11,Morelos,Depresión,hombres,14
2026-05-11,Morelos,Depresión,mujeres,43
2026-05-18,Morelos,Depresión,general,76
2026-05-18,Morelos,Depresión,hombres,17
2026-05-18,Morelos,Depresión,mujeres,60
2026-05-25,Morelos,Depresión,general,62
2026-05-25,Morelos,Depresión,hombres,22
2026-05-25,Morelos,Depresión,mujeres,52
2026-06-01,Morelos,Depresión,general,59
2026-06-01,Morelos,Depresión,hombres,16
2026-06-01,Morelos,Depresión,mujeres,55
2026-06-08,Morelos,Depresión,general,78
2026-06-08,Morelos,Depresión,hombres,22
2026-06-08,Morelos,Depresión,mujeres,57
2026-06-15,Morelos,Depresión,general,75
2026-06-15,Morelos,Depresión,hombres,17
2026-06-15,Morelos,Depresión,mujeres,55
2026-06-22,Morelos,Depresión,general,82
2026-06-22,Morelos,Depresión,hombres,20
2026-06-22,Morelos,Depresión,mujeres,41
2026-06-29,Morelos,Depresión,general,68
2026-06-29,Morelos,Depresión,hombres,18
2026-06-29,Morelos,Depresión,mujeres,37
2026-07-06,Morelos,Depresión,general,67
2026-07-06,Morelos,Depresión,hombres,9
2026-07-06,Morelos,Depresión,mujeres,48
2026-07-13,Morelos,Depresión,general,74
2026-07-13,Morelos,Depresión,hombres,13
2026-07-13,Morelos,Depresión,mujeres,75
2026-07-20,Morelos,Depresión,general,74
2026-07-20,Morelos,Depresión,hombres,14
2026-07-20,Morelos,Depresión,mujeres,49
2026-07-27,Morelos,Depresión,general,79
2026-07-27,Morelos,Depresión,hombres,19
2026-07-27,Morelos,Depresión,mujeres,43
2026-08-03,Morelos,Depresión,general,70
2026-08-03,Morelos,Depresión,hombres,15
2026-08-03,Morelos,Depresión,mujeres,34
2026-08-10,Morelos,Depresión,general,76
2026-08-10,Morelos,Depresión,hombres,18
2026-08-10,Morelos,Depresión,mujeres,48
2026-08-17,Morelos,Depresión,general,85
2026-08-17,Morelos,Depresión,hombres,20
2026-08-17,Morelos,Depresión,mujeres,65
2026-08-24,Morelos,Depresión,general,88
2026-08-24,Morelos,Depresión,hombres,18
2026-08-24,Morelos,Depresión,mujeres,52
2026-08-31,Morelos,Depresión,general,92
2026-08-31,Morelos,Depresión,hombres,10
2026-08-31,Morelos,Depresión,mujeres,40
2026-09-07,Morelos,Depresión,general,75
2026-09-07,Morelos,Depresión,hombres,23
2026-09-07,Morelos,Depresión,mujeres,60
2026-09-14,Morelos,Depresión,general,64
2026-09-14,Morelos,Depresión,hombres,15
2026-09-14,Morelos,Depresión,mujeres,48
2026-09-21,Morelos,Depresión,general,73
2026-09-21,Morelos,Depresión,hombres,18
2026-09-21,Morelos,Depresión,mujeres,45
2026-09-28,Morelos,Depresión,general,80
2026-09-28,Morelos,Depresión,hombres,22
2026-09-28,Morelos,Depresión,mujeres,62
2026-10-05,Morelos,Depresión,general,76
2026-10-05,Morelos,Depresión,hombres,14
2026-10-05,Morelos,Depresión,mujeres,62
2026-10-12,Morelos,Depresión,general,63
2026-10-12,Morelos,Depresión,hombres,13
2026-10-12,Morelos,Depresión,mujeres,56
2026-10-19,Morelos,Depresión,general,71
2026-10-19,Morelos,Depresión,hombres,18
2026-10-19,Morelos,Depresión,mujeres,60
2026-10-26,Morelos,Depresión,general,71
2026-10-26,Morelos,Depresión,hombres,13
2026-10-26,Morelos,Depresión,mujeres,62
2026-11-02,Morelos,Depresión,general,73
2026-11-02,Morelos,Depresión,hombres,14
2026-11-02,Morelos,Depresión,mujeres,65
2026-11-09,Morelos,Depresión,general,58
2026-11-09,Morelos,Depresión,hombres,15
2026-11-09,Morelos,Depresión,mujeres,67
2026-11-16,Morelos,Depresión,general,67
2026-11-16,Morelos,Depresión,hombres,18
2026-11-16,Morelos,Depresión,mujeres,54
2026-11-23,Morelos,Depresión,general,78
2026-11-23,Morelos,Depresión,hombres,17
2026-11-23,Morelos,Depresión,mujeres,55
2026-11-30,Morelos,Depresión,general,69
2026-11-30,Morelos,Depresión,hombres,12
2026-11-30,Morelos,Depresión,mujeres,57
2026-12-07,Morelos,Depresión,general,56
2026-12-07,Morelos,Depresión,hombres,15
2026-12-07,Morelos,Depresión,mujeres,49
2026-12-14,Morelos,Depresión,general,58
2026-12-14,Morelos,Depresión,hombres,15
2026-12-14,Morelos,Depresión,mujeres,66
2026-12-21,Morelos,Depresión,general,47
2026-12-21,Morelos,Depresión,hombres,11
2026-12-21,Morelos,Depresión,mujeres,54
2026-12-28,Morelos,Depresión,general,37
2026-12-28,Morelos,Depresión,hombres,10
2026-12-28,Morelos,Depresión,mujeres,50
2027-01-04,Morelos,Depresión,general,52
2027-01-04,Morelos,Depresión,hombres,14
2027-01-04,Morelos,Depresión,mujeres,50
2027-01-11,Morelos,Depresión,general,64
2027-01-11,Morelos,Depresión,hombres,11
2027-01-11,Morelos,Depresión,mujeres,62
2027-01-18,Morelos,Depresión,general,63
2027-01-18,Morelos,Depresión,hombres,16
2027-01-18,Morelos,Depresión,mujeres,68
2027-01-25,Morelos,Depresión,general,54
2027-01-25,Morelos,Depresión,hombres,13
2027-01-25,Morelos,Depresión,mujeres,71
2026-02-02,México,Depresión,general,182
2026-02-02,México,Depresión,hombres,68
2026-02-02,México,Depresión,mujeres,140
2026-02-09,México,Depresión,general,276
2026-02-09,México,Depresión,hombres,44
2026-02-09,México,Depresión,mujeres,138
2026-02-16,México,Depresión,general,203
2026-02-16,México,Depresión,hombres,72
2026-02-16,México,Depresión,mujeres,154
2026-02-23,México,Depresión,general,193
2026-02-23,México,Depresión,hombres,50
2026-02-23,México,Depresión,mujeres,151
2026-03-02,México,Depresión,general,224
2026-03-02,México,Depresión,hombres,57
2026-03-02,México,Depresión,mujeres,138
2026-03-09,México,Depresión,general,175
2026-03-09,México,Depresión,hombres,61
2026-03-09,México,Depresión,mujeres,139
2026-03-16,México,Depresión,general,166
2026-03-16,México,Depresión,hombres,48
2026-03-16,México,Depresión,mujeres,109
2026-03-23,México,Depresión,general,212
2026-03-23,México,Depresión,hombres,55
2026-03-23,México,Depresión,mujeres,125
2026-03-30,México,Depresión,general,198
2026-03-30,México,Depresión,hombres,67
2026-03-30,México,Depresión,mujeres,80
2026-04-06,México,Depresión,general,190
2026-04-06,México,Depresión,hombres,67
2026-04-06,México,Depresión,mujeres,45
2026-04-13,México,Depresión,general,137
2026-04-13,México,Depresión,hombres,67
2026-04-13,México,Depresión,mujeres,55
2026-04-20,México,Depresión,general,208
2026-04-20,México,Depresión,hombres,71
2026-04-20,México,Depresión,mujeres,34
2026-04-27,México,Depresión,general,186
2026-04-27,México,Depresión,hombres,71
2026-04-27,México,Depresión,mujeres,43
2026-05-04,México,Depresión,general,151
2026-05-04,México,Depresión,hombres,64
2026-05-04,México,Depresión,mujeres,36
2026-05-11,México,Depresión,general,223
2026-05-11,México,Depresión,hombres,90
2026-05-11,México,Depresión,mujeres,54
2026-05-18,México,Depresión,general,192
2026-05-18,México,Depresión,hombres,60
2026-05-18,México,Depresión,mujeres,51
2026-05-25,México,Depresión,general,230
2026-05-25,México,Depresión,hombres,72
2026-05-25,México,Depresión,mujeres,47
2026-06-01,México,Depresión,general,200
2026-06-01,México,Depresión,hombres,59
2026-06-01,México,Depresión,mujeres,35
2026-06-08,México,Depresión,general,180
2026-06-08,México,Depresión,hombres,57
2026-06-08,México,Depresión,mujeres,73
2026-06-15,México,Depresión,general,253
2026-06-15,México,Depresión,hombres,61
2026-06-15,México,Depresión,mujeres,83
2026-06-22,México,Depresión,general,221
2026-06-22,México,Depresión,hombres,89
2026-06-22,México,Depresión,mujeres,52
2026-06-29,México,Depresión,general,204
2026-06-29,México,Depresión,hombres,82
2026-06-29,México,Depresión,mujeres,53
2026-07-06,México,Depresión,general,263
2026-07-06,México,Depresión,hombres,78
2026-07-06,México,Depresión,mujeres,72
2026-07-13,México,Depresión,general,200
2026-07-13,México,Depresión,hombres,80
2026-07-13,México,Depresión,mujeres,66
2026-07-20,México,Depresión,general,216
2026-07-20,México,Depresión,hombres,96
2026-07-20,México,Depresión,mujeres,54
2026-07-27,México,Depresión,general,274
2026-07-27,México,Depresión,hombres,93
2026-07-27,México,Depresión,mujeres,67
2026-08-03,México,Depresión,general,204
2026-08-03,México,Depresión,hombres,71
2026-08-03,México,Depresión,mujeres,75
2026-08-10,México,Depresión,general,285
2026-08-10,México,Depresión,hombres,93
2026-08-10,México,Depresión,mujeres,90
2026-08-17,México,Depresión,general,246
2026-08-17,México,Depresión,hombres,80
2026-08-17,México,Depresión,mujeres,85
2026-08-24,México,Depresión,general,230
2026-08-24,México,Depresión,hombres,82
2026-08-24,México,Depresión,mujeres,121
2026-08-31,México,Depresión,general,274
2026-08-31,México,Depresión,hombres,89
2026-08-31,México,Depresión,mujeres,105
2026-09-07,México,Depresión,general,256
2026-09-07,México,Depresión,hombres,69
2026-09-07,México,Depresión,mujeres,112
2026-09-14,México,Depresión,general,274
2026-09-14,México,Depresión,hombres,74
2026-09-14,México,Depresión,mujeres,89
2026-09-21,México,Depresión,general,245
2026-09-21,México,Depresión,hombres,92
2026-09-21,México,Depresión,mujeres,123
2026-09-28,México,Depresión,general,243
2026-09-28,México,Depresión,hombres,109
2026-09-28,México,Depresión,mujeres,120
2026-10-05,México,Depresión,general,247
2026-10-05,México,Depresión,hombres,85
2026-10-05,México,Depresión,mujeres,94
2026-10-12,México,Depresión,general,305
2026-10-12,México,Depresión,hombres,89
2026-10-12,México,Depresión,mujeres,112
2026-10-19,México,Depresión,general,241
2026-10-19,México,Depresión,hombres,86
2026-10-19,México,Depresión,mujeres,143
2026-10-26,México,Depresión,general,283
2026-10-26,México,Depresión,hombres,91
2026-10-26,México,Depresión,mujeres,123
2026-11-02,México,Depresión,general,276
2026-11-02,México,Depresión,hombres,73
2026-11-02,México,Depresión,mujeres,88
2026-11-09,México,Depresión,general,277
2026-11-09,México,Depresión,hombres,85
2026-11-09,México,Depresión,mujeres,126
2026-11-16,México,Depresión,general,316
2026-11-16,México,Depresión,hombres,107
2026-11-16,México,Depresión,mujeres,138
2026-11-23,México,Depresión,general,250
2026-11-23,México,Depresión,hombres,94
2026-11-23,México,Depresión,mujeres,122
2026-11-30,México,Depresión,general,253
2026-11-30,México,Depresión,hombres,70
2026-11-30,México,Depresión,mujeres,93
2026-12-07,México,Depresión,general,281
2026-12-07,México,Depresión,hombres,86
2026-12-07,México,Depresión,mujeres,88
2026-12-14,México,Depresión,general,249
2026-12-14,México,Depresión,hombres,69
2026-12-14,México,Depresión,mujeres,85
2026-12-21,México,Depresión,general,196
2026-12-21,México,Depresión,hombres,78
2026-12-21,México,Depresión,mujeres,52
2026-12-28,México,Depresión,general,154
2026-12-28,México,Depresión,hombres,78
2026-12-28,México,Depresión,mujeres,41
2027-01-04,México,Depresión,general,156
2027-01-04,México,Depresión,hombres,77
2027-01-04,México,Depresión,mujeres,67
2027-01-11,México,Depresión,general,234
2027-01-11,México,Depresión,hombres,100
2027-01-11,México,Depresión,mujeres,83
2027-01-18,México,Depresión,general,220
2027-01-18,México,Depresión,hombres,85
2027-01-18,México,Depresión,mujeres,85
2027-01-25,México,Depresión,general,291
2027-01-25,México,Depresión,hombres,70
2027-01-25,México,Depresión,mujeres,95
2026-02-02,Nacional,Depresión,general,2886
2026-02-02,Nacional,Depresión,hombres,859
2026-02-02,Nacional,Depresión,mujeres,2138
2026-02-09,Nacional,Depresión,general,2906
2026-02-09,Nacional,Depresión,hombres,879
2026-02-09,Nacional,Depresión,mujeres,2162
2026-02-16,Nacional,Depresión,general,3046
2026-02-16,Nacional,Depresión,hombres,883
2026-02-16,Nacional,Depresión,mujeres,2290
2026-02-23,Nacional,Depresión,general,3167
2026-02-23,Nacional,Depresión,hombres,873
2026-02-23,Nacional,Depresión,mujeres,2384
2026-03-02,Nacional,Depresión,general,3132
2026-03-02,Nacional,Depresión,hombres,857
2026-03-02,Nacional,Depresión,mujeres,2361
2026-03-09,Nacional,Depresión,general,3004
2026-03-09,Nacional,Depresión,hombres,840
2026-03-09,Nacional,Depresión,mujeres,2248
2026-03-16,Nacional,Depresión,general,2891
2026-03-16,Nacional,Depresión,hombres,826
2026-03-16,Nacional,Depresión,mujeres,2158
2026-03-23,Nacional,Depresión,general,2897
2026-03-23,Nacional,Depresión,hombres,818
2026-03-23,Nacional,Depresión,mujeres,2165
2026-03-30,Nacional,Depresión,general,2961
2026-03-30,Nacional,Depresión,hombres,815
2026-03-30,Nacional,Depresión,mujeres,2248
2026-04-06,Nacional,Depresión,general,3093
2026-04-06,Nacional,Depresión,hombres,817
2026-04-06,Nacional,Depresión,mujeres,2322
2026-04-13,Nacional,Depresión,general,3048
2026-04-13,Nacional,Depresión,hombres,821
2026-04-13,Nacional,Depresión,mujeres,2322
2026-04-20,Nacional,Depresión,general,3032
2026-04-20,Nacional,Depresión,hombres,828
2026-04-20,Nacional,Depresión,mujeres,2276
2026-04-27,Nacional,Depresión,general,2964
2026-04-27,Nacional,Depresión,hombres,837
2026-04-27,Nacional,Depresión,mujeres,2230
2026-05-04,Nacional,Depresión,general,3000
2026-05-04,Nacional,Depresión,hombres,849
2026-05-04,Nacional,Depresión,mujeres,2241
2026-05-11,Nacional,Depresión,general,3066
2026-05-11,Nacional,Depresión,hombres,863
2026-05-11,Nacional,Depresión,mujeres,2293
2026-05-18,Nacional,Depresión,general,3156
2026-05-18,Nacional,Depresión,hombres,879
2026-05-18,Nacional,Depresión,mujeres,2369
2026-05-25,Nacional,Depresión,general,3233
2026-05-25,Nacional,Depresión,hombres,896
2026-05-25,Nacional,Depresión,mujeres,2435
2026-06-01,Nacional,Depresión,general,3258
2026-06-01,Nacional,Depresión,hombres,909
2026-06-01,Nacional,Depresión,mujeres,2465
2026-06-08,Nacional,Depresión,general,3247
2026-06-08,Nacional,Depresión,hombres,916
2026-06-08,Nacional,Depresión,mujeres,2448
2026-06-15,Nacional,Depresión,general,3192
2026-06-15,Nacional,Depresión,hombres,914
2026-06-15,Nacional,Depresión,mujeres,2397
2026-06-22,Nacional,Depresión,general,3142
2026-06-22,Nacional,Depresión,hombres,904
2026-06-22,Nacional,Depresión,mujeres,2349
2026-06-29,Nacional,Depresión,general,3106
2026-06-29,Nacional,Depresión,hombres,887
2026-06-29,Nacional,Depresión,mujeres,2323
2026-07-06,Nacional,Depresión,general,3073
2026-07-06,Nacional,Depresión,hombres,868
2026-07-06,Nacional,Depresión,mujeres,2308
2026-07-13,Nacional,Depresión,general,3058
2026-07-13,Nacional,Depresión,hombres,852
2026-07-13,Nacional,Depresión,mujeres,2281
2026-07-20,Nacional,Depresión,general,3002
2026-07-20,Nacional,Depresión,hombres,842
2026-07-20,Nacional,Depresión,mujeres,2237
2026-07-27,Nacional,Depresión,general,2991
2026-07-27,Nacional,Depresión,hombres,841
2026-07-27,Nacional,Depresión,mujeres,2217
2026-08-03,Nacional,Depresión,general,3028
2026-08-03,Nacional,Depresión,hombres,848
2026-08-03,Nacional,Depresión,mujeres,2253
2026-08-10,Nacional,Depresión,general,3122
2026-08-10,Nacional,Depresión,hombres,859
2026-08-10,Nacional,Depresión,mujeres,2337
2026-08-17,Nacional,Depresión,general,3194
2026-08-17,Nacional,Depresión,hombres,871
2026-08-17,Nacional,Depresión,mujeres,2399
2026-08-24,Nacional,Depresión,general,3184
2026-08-24,Nacional,Depresión,hombres,878
2026-08-24,Nacional,Depresión,mujeres,2387
2026-08-31,Nacional,Depresión,general,3105
2026-08-31,Nacional,Depresión,hombres,879
2026-08-31,Nacional,Depresión,mujeres,2315
2026-09-07,Nacional,Depresión,general,3056
2026-09-07,Nacional,Depresión,hombres,873
2026-09-07,Nacional,Depresión,mujeres,2258
2026-09-14,Nacional,Depresión,general,3068
2026-09-14,Nacional,Depresión,hombres,864
2026-09-14,Nacional,Depresión,mujeres,2269
2026-09-21,Nacional,Depresión,general,3138
2026-09-21,Nacional,Depresión,hombres,856
2026-09-21,Nacional,Depresión,mujeres,2340
2026-09-28,Nacional,Depresión,general,3203
2026-09-28,Nacional,Depresión,hombres,854
2026-09-28,Nacional,Depresión,mujeres,2396
2026-10-05,Nacional,Depresión,general,3218
2026-10-05,Nacional,Depresión,hombres,860
2026-10-05,Nacional,Depresión,mujeres,2407
2026-10-12,Nacional,Depresión,general,3193
2026-10-12,Nacional,Depresión,hombres,874
2026-10-12,Nacional,Depresión,mujeres,2376
2026-10-19,Nacional,Depresión,general,3149
2026-10-19,Nacional,Depresión,hombres,890
2026-10-19,Nacional,Depresión,mujeres,2336
2026-10-26,Nacional,Depresión,general,3092
2026-10-26,Nacional,Depresión,hombres,902
2026-10-26,Nacional,Depresión,mujeres,2289
2026-11-02,Nacional,Depresión,general,3025
2026-11-02,Nacional,Depresión,hombres,902
2026-11-02,Nacional,Depresión,mujeres,2229
2026-11-09,Nacional,Depresión,general,2974
2026-11-09,Nacional,Depresión,hombres,884
2026-11-09,Nacional,Depresión,mujeres,2179
2026-11-16,Nacional,Depresión,general,2958
2026-11-16,Nacional,Depresión,hombres,847
2026-11-16,Nacional,Depresión,mujeres,2160
2026-11-23,Nacional,Depresión,general,2975
2026-11-23,Nacional,Depresión,hombres,796
2026-11-23,Nacional,Depresión,mujeres,2175
2026-11-30,Nacional,Depresión,general,2933
2026-11-30,Nacional,Depresión,hombres,739
2026-11-30,Nacional,Depresión,mujeres,2145
2026-12-07,Nacional,Depresión,general,2744
2026-12-07,Nacional,Depresión,hombres,688
2026-12-07,Nacional,Depresión,mujeres,1993
2026-12-14,Nacional,Depresión,general,2423
2026-12-14,Nacional,Depresión,hombres,651
2026-12-14,Nacional,Depresión,mujeres,1738
2026-12-21,Nacional,Depresión,general,2163
2026-12-21,Nacional,Depresión,hombres,637
2026-12-21,Nacional,Depresión,mujeres,1520
2026-12-28,Nacional,Depresión,general,2143
2026-12-28,Nacional,Depresión,hombres,647
2026-12-28,Nacional,Depresión,mujeres,1526
2027-01-04,Nacional,Depresión,general,2440
2027-01-04,Nacional,Depresión,hombres,679
2027-01-04,Nacional,Depresión,mujeres,1762
2027-01-11,Nacional,Depresión,general,2817
2027-01-11,Nacional,Depresión,hombres,728
2027-01-11,Nacional,Depresión,mujeres,2078
2027-01-18,Nacional,Depresión,general,3038
2027-01-18,Nacional,Depresión,hombres,784
2027-01-18,Nacional,Depresión,mujeres,2252
2027-01-25,Nacional,Depresión,general,3034
2027-01-25,Nacional,Depresión,hombres,837
2027-01-25,Nacional,Depresión,mujeres,2259
2026-02-02,Nayarit,Depresión,general,75
2026-02-02,Nayarit,Depresión,hombres,15
2026-02-02,Nayarit,Depresión,mujeres,39
2026-02-09,Nayarit,Depresión,general,68
2026-02-09,Nayarit,Depresión,hombres,24
2026-02-09,Nayarit,Depresión,mujeres,46
2026-02-16,Nayarit,Depresión,general,62
2026-02-16,Nayarit,Depresión,hombres,18
2026-02-16,Nayarit,Depresión,mujeres,53
2026-02-23,Nayarit,Depresión,general,50
2026-02-23,Nayarit,Depresión,hombres,23
2026-02-23,Nayarit,Depresión,mujeres,43
2026-03-02,Nayarit,Depresión,general,87
2026-03-02,Nayarit,Depresión,hombres,13
2026-03-02,Nayarit,Depresión,mujeres,46
2026-03-09,Nayarit,Depresión,general,68
2026-03-09,Nayarit,Depresión,hombres,25
2026-03-09,Nayarit,Depresión,mujeres,43
2026-03-16,Nayarit,Depresión,general,85
2026-03-16,Nayarit,Depresión,hombres,25
2026-03-16,Nayarit,Depresión,mujeres,43
2026-03-23,Nayarit,Depresión,general,42
2026-03-23,Nayarit,Depresión,hombres,17
2026-03-23,Nayarit,Depresión,mujeres,53
2026-03-30,Nayarit,Depresión,general,86
2026-03-30,Nayarit,Depresión,hombres,30
2026-03-30,Nayarit,Depresión,mujeres,58
2026-04-06,Nayarit,Depresión,general,59
2026-04-06,Nayarit,Depresión,hombres,29
2026-04-06,Nayarit,Depresión,mujeres,54
2026-04-13,Nayarit,Depresión,general,74
2026-04-13,Nayarit,Depresión,hombres,26
2026-04-13,Nayarit,Depresión,mujeres,65
2026-04-20,Nayarit,Depresión,general,70
2026-04-20,Nayarit,Depresión,hombres,21
2026-04-20,Nayarit,Depresión,mujeres,70
2026-04-27,Nayarit,Depresión,general,66
2026-04-27,Nayarit,Depresión,hombres,18
2026-04-27,Nayarit,Depresión,mujeres,65
2026-05-04,Nayarit,Depresión,general,64
2026-05-04,Nayarit,Depresión,hombres,29
2026-05-04,Nayarit,Depresión,mujeres,67
2026-05-11,Nayarit,Depresión,general,58
2026-05-11,Nayarit,Depresión,hombres,29
2026-05-11,Nayarit,Depresión,mujeres,61
2026-05-18,Nayarit,Depresión,general,93
2026-05-18,Nayarit,Depresión,hombres,29
2026-05-18,Nayarit,Depresión,mujeres,63
2026-05-25,Nayarit,Depresión,general,61
2026-05-25,Nayarit,Depresión,hombres,29
2026-05-25,Nayarit,Depresión,mujeres,64
2026-06-01,Nayarit,Depresión,general,64
2026-06-01,Nayarit,Depresión,hombres,25
2026-06-01,Nayarit,Depresión,mujeres,64
2026-06-08,Nayarit,Depresión,general,73
2026-06-08,Nayarit,Depresión,hombres,21
2026-06-08,Nayarit,Depresión,mujeres,62
2026-06-15,Nayarit,Depresión,general,67
2026-06-15,Nayarit,Depresión,hombres,24
2026-06-15,Nayarit,Depresión,mujeres,49
2026-06-22,Nayarit,Depresión,general,58
2026-06-22,Nayarit,Depresión,hombres,21
2026-06-22,Nayarit,Depresión,mujeres,43
2026-06-29,Nayarit,Depresión,general,88
2026-06-29,Nayarit,Depresión,hombres,23
2026-06-29,Nayarit,Depresión,mujeres,37
2026-07-06,Nayarit,Depresión,general,77
2026-07-06,Nayarit,Depresión,hombres,25
2026-07-06,Nayarit,Depresión,mujeres,54
2026-07-13,Nayarit,Depresión,general,86
2026-07-13,Nayarit,Depresión,hombres,20
2026-07-13,Nayarit,Depresión,mujeres,46
2026-07-20,Nayarit,Depresión,general,76
2026-07-20,Nayarit,Depresión,hombres,17
2026-07-20,Nayarit,Depresión,mujeres,28
2026-07-27,Nayarit,Depresión,general,60
2026-07-27,Nayarit,Depresión,hombres,15
2026-07-27,Nayarit,Depresión,mujeres,41
2026-08-03,Nayarit,Depresión,general,71
2026-08-03,Nayarit,Depresión,hombres,17
2026-08-03,Nayarit,Depresión,mujeres,50
2026-08-10,Nayarit,Depresión,general,60
2026-08-10,Nayarit,Depresión,hombres,27
2026-08-10,Nayarit,Depresión,mujeres,48
2026-08-17,Nayarit,Depresión,general,74
2026-08-17,Nayarit,Depresión,hombres,15
2026-08-17,Nayarit,Depresión,mujeres,58
2026-08-24,Nayarit,Depresión,general,80
2026-08-24,Nayarit,Depresión,hombres,13
2026-08-24,Nayarit,Depresión,mujeres,63
2026-08-31,Nayarit,Depresión,general,74
2026-08-31,Nayarit,Depresión,hombres,19
2026-08-31,Nayarit,Depresión,mujeres,40
2026-09-07,Nayarit,Depresión,general,92
2026-09-07,Nayarit,Depresión,hombres,14
2026-09-07,Nayarit,Depresión,mujeres,60
2026-09-14,Nayarit,Depresión,general,85
2026-09-14,Nayarit,Depresión,hombres,24
2026-09-14,Nayarit,Depresión,mujeres,55
2026-09-21,Nayarit,Depresión,general,73
2026-09-21,Nayarit,Depresión,hombres,11
2026-09-21,Nayarit,Depresión,mujeres,59
2026-09-28,Nayarit,Depresión,general,74
2026-09-28,Nayarit,Depresión,hombres,21
2026-09-28,Nayarit,Depresión,mujeres,50
2026-10-05,Nayarit,Depresión,general,74
2026-10-05,Nayarit,Depresión,hombres,13
2026-10-05,Nayarit,Depresión,mujeres,58
2026-10-12,Nayarit,Depresión,general,61
2026-10-12,Nayarit,Depresión,hombres,20
2026-10-12,Nayarit,Depresión,mujeres,67
2026-10-19,Nayarit,Depresión,general,80
2026-10-19,Nayarit,Depresión,hombres,15
2026-10-19,Nayarit,Depresión,mujeres,60
2026-10-26,Nayarit,Depresión,general,89
2026-10-26,Nayarit,Depresión,hombres,13
2026-10-26,Nayarit,Depresión,mujeres,45
2026-11-02,Nayarit,Depresión,general,77
2026-11-02,Nayarit,Depresión,hombres,20
2026-11-02,Nayarit,Depresión,mujeres,64
2026-11-09,Nayarit,Depresión,general,85
2026-11-09,Nayarit,Depresión,hombres,19
2026-11-09,Nayarit,Depresión,mujeres,60
2026-11-16,Nayarit,Depresión,general,79
2026-11-16,Nayarit,Depresión,hombres,17
2026-11-16,Nayarit,Depresión,mujeres,50
2026-11-23,Nayarit,Depresión,general,49
2026-11-23,Nayarit,Depresión,hombres,12
2026-11-23,Nayarit,Depresión,mujeres,50
2026-11-30,Nayarit,Depresión,general,63
2026-11-30,Nayarit,Depresión,hombres,15
2026-11-30,Nayarit,Depresión,mujeres,42
2026-12-07,Nayarit,Depresión,general,83
2026-12-07,Nayarit,Depresión,hombres,19
2026-12-07,Nayarit,Depresión,mujeres,59
2026-12-14,Nayarit,Depresión,general,88
2026-12-14,Nayarit,Depresión,hombres,13
2026-12-14,Nayarit,Depresión,mujeres,43
2026-12-21,Nayarit,Depresión,general,35
2026-12-21,Nayarit,Depresión,hombres,11
2026-12-21,Nayarit,Depresión,mujeres,22
2026-12-28,Nayarit,Depresión,general,30
2026-12-28,Nayarit,Depresión,hombres,10
2026-12-28,Nayarit,Depresión,mujeres,10
2027-01-04,Nayarit,Depresión,general,63
2027-01-04,Nayarit,Depresión,hombres,17
2027-01-04,Nayarit,Depresión,mujeres,41
2027-01-11,Nayarit,Depresión,general,78
2027-01-11,Nayarit,Depresión,hombres,19
2027-01-11,Nayarit,Depresión,mujeres,47
2027-01-18,Nayarit,Depresión,general,75
2027-01-18,Nayarit,Depresión,hombres,17
2027-01-18,Nayarit,Depresión,mujeres,40
2027-01-25,Nayarit,Depresión,general,79
2027-01-25,Nayarit,Depresión,hombres,14
2027-01-25,Nayarit,Depresión,mujeres,36
2026-02-02,Nuevo León,Depresión,general,104
2026-02-02,Nuevo León,Depresión,hombres,28
2026-02-02,Nuevo León,Depresión,mujeres,50
2026-02-09,Nuevo León,Depresión,general,126
2026-02-09,Nuevo León,Depresión,hombres,29
2026-02-09,Nuevo León,Depresión,mujeres,65
2026-02-16,Nuevo León,Depresión,general,86
2026-02-16,Nuevo León,Depresión,hombres,24
2026-02-16,Nuevo León,Depresión,mujeres,57
2026-02-23,Nuevo León,Depresión,general,135
2026-02-23,Nuevo León,Depresión,hombres,33
2026-02-23,Nuevo León,Depresión,mujeres,60
2026-03-02,Nuevo León,Depresión,general,115
2026-03-02,Nuevo León,Depresión,hombres,28
2026-03-02,Nuevo León,Depresión,mujeres,60
2026-03-09,Nuevo León,Depresión,general,99
2026-03-09,Nuevo León,Depresión,hombres,17
2026-03-09,Nuevo León,Depresión,mujeres,31
2026-03-16,Nuevo León,Depresión,general,61
2026-03-16,Nuevo León,Depresión,hombres,32
2026-03-16,Nuevo León,Depresión,mujeres,30
2026-03-23,Nuevo León,Depresión,general,111
2026-03-23,Nuevo León,Depresión,hombres,22
2026-03-23,Nuevo León,Depresión,mujeres,47
2026-03-30,Nuevo León,Depresión,general,67
2026-03-30,Nuevo León,Depresión,hombres,16
2026-03-30,Nuevo León,Depresión,mujeres,52
2026-04-06,Nuevo León,Depresión,general,58
2026-04-06,Nuevo León,Depresión,hombres,26
2026-04-06,Nuevo León,Depresión,mujeres,33
2026-04-13,Nuevo León,Depresión,general,59
2026-04-13,Nuevo León,Depresión,hombres,31
2026-04-13,Nuevo León,Depresión,mujeres,35
2026-04-20,Nuevo León,Depresión,general,60
2026-04-20,Nuevo León,Depresión,hombres,20
2026-04-20,Nuevo León,Depresión,mujeres,33
2026-04-27,Nuevo León,Depresión,general,60
2026-04-27,Nuevo León,Depresión,hombres,17
2026-04-27,Nuevo León,Depresión,mujeres,36
2026-05-04,Nuevo León,Depresión,general,67
2026-05-04,Nuevo León,Depresión,hombres,24
2026-05-04,Nuevo León,Depresión,mujeres,39
2026-05-11,Nuevo León,Depresión,general,59
2026-05-11,Nuevo León,Depresión,hombres,23
2026-05-11,Nuevo León,Depresión,mujeres,35
2026-05-18,Nuevo León,Depresión,general,48
2026-05-18,Nuevo León,Depresión,hombres,22
2026-05-18,Nuevo León,Depresión,mujeres,33
2026-05-25,Nuevo León,Depresión,general,44
2026-05-25,Nuevo León,Depresión,hombres,28
2026-05-25,Nuevo León,Depresión,mujeres,35
2026-06-01,Nuevo León,Depresión,general,59
2026-06-01,Nuevo León,Depresión,hombres,30
2026-06-01,Nuevo León,Depresión,mujeres,44
2026-06-08,Nuevo León,Depresión,general,66
2026-06-08,Nuevo León,Depresión,hombres,17
2026-06-08,Nuevo León,Depresión,mujeres,56
2026-06-15,Nuevo León,Depresión,general,67
2026-06-15,Nuevo León,Depresión,hombres,16
2026-06-15,Nuevo León,Depresión,mujeres,39
2026-06-22,Nuevo León,Depresión,general,62
2026-06-22,Nuevo León,Depresión,hombres,14
2026-06-22,Nuevo León,Depresión,mujeres,35
2026-06-29,Nuevo León,Depresión,general,61
2026-06-29,Nuevo León,Depresión,hombres,7
2026-06-29,Nuevo León,Depresión,mujeres,38
2026-07-06,Nuevo León,Depresión,general,87
2026-07-06,Nuevo León,Depresión,hombres,18
2026-07-06,Nuevo León,Depresión,mujeres,46
2026-07-13,Nuevo León,Depresión,general,61
2026-07-13,Nuevo León,Depresión,hombres,25
2026-07-13,Nuevo León,Depresión,mujeres,41
2026-07-20,Nuevo León,Depresión,general,58
2026-07-20,Nuevo León,Depresión,hombres,15
2026-07-20,Nuevo León,Depresión,mujeres,34
2026-07-27,Nuevo León,Depresión,general,37
2026-07-27,Nuevo León,Depresión,hombres,17
2026-07-27,Nuevo León,Depresión,mujeres,24
2026-08-03,Nuevo León,Depresión,general,34
2026-08-03,Nuevo León,Depresión,hombres,20
2026-08-03,Nuevo León,Depresión,mujeres,29
2026-08-10,Nuevo León,Depresión,general,42
2026-08-10,Nuevo León,Depresión,hombres,18
2026-08-10,Nuevo León,Depresión,mujeres,39
2026-08-17,Nuevo León,Depresión,general,47
2026-08-17,Nuevo León,Depresión,hombres,21
2026-08-17,Nuevo León,Depresión,mujeres,37
2026-08-24,Nuevo León,Depresión,general,43
2026-08-24,Nuevo León,Depresión,hombres,22
2026-08-24,Nuevo León,Depresión,mujeres,31
2026-08-31,Nuevo León,Depresión,general,39
2026-08-31,Nuevo León,Depresión,hombres,18
2026-08-31,Nuevo León,Depresión,mujeres,35
2026-09-07,Nuevo León,Depresión,general,48
2026-09-07,Nuevo León,Depresión,hombres,23
2026-09-07,Nuevo León,Depresión,mujeres,41
2026-09-14,Nuevo León,Depresión,general,50
2026-09-14,Nuevo León,Depresión,hombres,26
2026-09-14,Nuevo León,Depresión,mujeres,44
2026-09-21,Nuevo León,Depresión,general,46
2026-09-21,Nuevo León,Depresión,hombres,16
2026-09-21,Nuevo León,Depresión,mujeres,39
2026-09-28,Nuevo León,Depresión,general,46
2026-09-28,Nuevo León,Depresión,hombres,12
2026-09-28,Nuevo León,Depresión,mujeres,44
2026-10-05,Nuevo León,Depresión,general,53
2026-10-05,Nuevo León,Depresión,hombres,20
2026-10-05,Nuevo León,Depresión,mujeres,43
2026-10-12,Nuevo León,Depresión,general,56
2026-10-12,Nuevo León,Depresión,hombres,15
2026-10-12,Nuevo León,Depresión,mujeres,51
2026-10-19,Nuevo León,Depresión,general,59
2026-10-19,Nuevo León,Depresión,hombres,23
2026-10-19,Nuevo León,Depresión,mujeres,42
2026-10-26,Nuevo León,Depresión,general,48
2026-10-26,Nuevo León,Depresión,hombres,11
2026-10-26,Nuevo León,Depresión,mujeres,30
2026-11-02,Nuevo León,Depresión,general,74
2026-11-02,Nuevo León,Depresión,hombres,14
2026-11-02,Nuevo León,Depresión,mujeres,40
2026-11-09,Nuevo León,Depresión,general,57
2026-11-09,Nuevo León,Depresión,hombres,14
2026-11-09,Nuevo León,Depresión,mujeres,30
2026-11-16,Nuevo León,Depresión,general,35
2026-11-16,Nuevo León,Depresión,hombres,13
2026-11-16,Nuevo León,Depresión,mujeres,16
2026-11-23,Nuevo León,Depresión,general,58
2026-11-23,Nuevo León,Depresión,hombres,10
2026-11-23,Nuevo León,Depresión,mujeres,21
2026-11-30,Nuevo León,Depresión,general,35
2026-11-30,Nuevo León,Depresión,hombres,13
2026-11-30,Nuevo León,Depresión,mujeres,25
2026-12-07,Nuevo León,Depresión,general,41
2026-12-07,Nuevo León,Depresión,hombres,15
2026-12-07,Nuevo León,Depresión,mujeres,36
2026-12-14,Nuevo León,Depresión,general,50
2026-12-14,Nuevo León,Depresión,hombres,18
2026-12-14,Nuevo León,Depresión,mujeres,35
2026-12-21,Nuevo León,Depresión,general,44
2026-12-21,Nuevo León,Depresión,hombres,17
2026-12-21,Nuevo León,Depresión,mujeres,28
2026-12-28,Nuevo León,Depresión,general,48
2026-12-28,Nuevo León,Depresión,hombres,12
2026-12-28,Nuevo León,Depresión,mujeres,33
2027-01-04,Nuevo León,Depresión,general,67
2027-01-04,Nuevo León,Depresión,hombres,17
2027-01-04,Nuevo León,Depresión,mujeres,48
2027-01-11,Nuevo León,Depresión,general,62
2027-01-11,Nuevo León,Depresión,hombres,19
2027-01-11,Nuevo León,Depresión,mujeres,50
2027-01-18,Nuevo León,Depresión,general,53
2027-01-18,Nuevo León,Depresión,hombres,19
2027-01-18,Nuevo León,Depresión,mujeres,48
2027-01-25,Nuevo León,Depresión,general,57
2027-01-25,Nuevo León,Depresión,hombres,22
2027-01-25,Nuevo León,Depresión,mujeres,50
2026-02-02,Oaxaca,Depresión,general,53
2026-02-02,Oaxaca,Depresión,hombres,29
2026-02-02,Oaxaca,Depresión,mujeres,34
2026-02-09,Oaxaca,Depresión,general,55
2026-02-09,Oaxaca,Depresión,hombres,42
2026-02-09,Oaxaca,Depresión,mujeres,36
2026-02-16,Oaxaca,Depresión,general,60
2026-02-16,Oaxaca,Depresión,hombres,39
2026-02-16,Oaxaca,Depresión,mujeres,41
2026-02-23,Oaxaca,Depresión,general,64
2026-02-23,Oaxaca,Depresión,hombres,19
2026-02-23,Oaxaca,Depresión,mujeres,40
2026-03-02,Oaxaca,Depresión,general,47
2026-03-02,Oaxaca,Depresión,hombres,21
2026-03-02,Oaxaca,Depresión,mujeres,45
2026-03-09,Oaxaca,Depresión,general,53
2026-03-09,Oaxaca,Depresión,hombres,19
2026-03-09,Oaxaca,Depresión,mujeres,34
2026-03-16,Oaxaca,Depresión,general,73
2026-03-16,Oaxaca,Depresión,hombres,24
2026-03-16,Oaxaca,Depresión,mujeres,32
2026-03-23,Oaxaca,Depresión,general,62
2026-03-23,Oaxaca,Depresión,hombres,35
2026-03-23,Oaxaca,Depresión,mujeres,37
2026-03-30,Oaxaca,Depresión,general,72
2026-03-30,Oaxaca,Depresión,hombres,23
2026-03-30,Oaxaca,Depresión,mujeres,29
2026-04-06,Oaxaca,Depresión,general,43
2026-04-06,Oaxaca,Depresión,hombres,29
2026-04-06,Oaxaca,Depresión,mujeres,11
2026-04-13,Oaxaca,Depresión,general,56
2026-04-13,Oaxaca,Depresión,hombres,18
2026-04-13,Oaxaca,Depresión,mujeres,11
2026-04-20,Oaxaca,Depresión,general,59
2026-04-20,Oaxaca,Depresión,hombres,29
2026-04-20,Oaxaca,Depresión,mujeres,14
2026-04-27,Oaxaca,Depresión,general,79
2026-04-27,Oaxaca,Depresión,hombres,29
2026-04-27,Oaxaca,Depresión,mujeres,17
2026-05-04,Oaxaca,Depresión,general,43
2026-05-04,Oaxaca,Depresión,hombres,24
2026-05-04,Oaxaca,Depresión,mujeres,18
2026-05-11,Oaxaca,Depresión,general,56
2026-05-11,Oaxaca,Depresión,hombres,26
2026-05-11,Oaxaca,Depresión,mujeres,15
2026-05-18,Oaxaca,Depresión,general,68
2026-05-18,Oaxaca,Depresión,hombres,24
2026-05-18,Oaxaca,Depresión,mujeres,16
2026-05-25,Oaxaca,Depresión,general,62
2026-05-25,Oaxaca,Depresión,hombres,25
2026-05-25,Oaxaca,Depresión,mujeres,8
2026-06-01,Oaxaca,Depresión,general,47
2026-06-01,Oaxaca,Depresión,hombres,27
2026-06-01,Oaxaca,Depresión,mujeres,10
2026-06-08,Oaxaca,Depresión,general,51
2026-06-08,Oaxaca,Depresión,hombres,31
2026-06-08,Oaxaca,Depresión,mujeres,25
2026-06-15,Oaxaca,Depresión,general,59
2026-06-15,Oaxaca,Depresión,hombres,38
2026-06-15,Oaxaca,Depresión,mujeres,17
2026-06-22,Oaxaca,Depresión,general,66
2026-06-22,Oaxaca,Depresión,hombres,21
2026-06-22,Oaxaca,Depresión,mujeres,11
2026-06-29,Oaxaca,Depresión,general,61
2026-06-29,Oaxaca,Depresión,hombres,27
2026-06-29,Oaxaca,Depresión,mujeres,13
2026-07-06,Oaxaca,Depresión,general,76
2026-07-06,Oaxaca,Depresión,hombres,37
2026-07-06,Oaxaca,Depresión,mujeres,14
2026-07-13,Oaxaca,Depresión,general,62
2026-07-13,Oaxaca,Depresión,hombres,26
2026-07-13,Oaxaca,Depresión,mujeres,19
2026-07-20,Oaxaca,Depresión,general,49
2026-07-20,Oaxaca,Depresión,hombres,32
2026-07-20,Oaxaca,Depresión,mujeres,12
2026-07-27,Oaxaca,Depresión,general,67
2026-07-27,Oaxaca,Depresión,hombres,18
2026-07-27,Oaxaca,Depresión,mujeres,10
2026-08-03,Oaxaca,Depresión,general,50
2026-08-03,Oaxaca,Depresión,hombres,18
2026-08-03,Oaxaca,Depresión,mujeres,12
2026-08-10,Oaxaca,Depresión,general,44
2026-08-10,Oaxaca,Depresión,hombres,22
2026-08-10,Oaxaca,Depresión,mujeres,22
2026-08-17,Oaxaca,Depresión,general,43
2026-08-17,Oaxaca,Depresión,hombres,23
2026-08-17,Oaxaca,Depresión,mujeres,13
2026-08-24,Oaxaca,Depresión,general,41
2026-08-24,Oaxaca,Depresión,hombres,17
2026-08-24,Oaxaca,Depresión,mujeres,10
2026-08-31,Oaxaca,Depresión,general,40
2026-08-31,Oaxaca,Depresión,hombres,15
2026-08-31,Oaxaca,Depresión,mujeres,15
2026-09-07,Oaxaca,Depresión,general,57
2026-09-07,Oaxaca,Depresión,hombres,20
2026-09-07,Oaxaca,Depresión,mujeres,13
2026-09-14,Oaxaca,Depresión,general,59
2026-09-14,Oaxaca,Depresión,hombres,38
2026-09-14,Oaxaca,Depresión,mujeres,18
2026-09-21,Oaxaca,Depresión,general,61
2026-09-21,Oaxaca,Depresión,hombres,29
2026-09-21,Oaxaca,Depresión,mujeres,14
2026-09-28,Oaxaca,Depresión,general,39
2026-09-28,Oaxaca,Depresión,hombres,32
2026-09-28,Oaxaca,Depresión,mujeres,14
2026-10-05,Oaxaca,Depresión,general,58
2026-10-05,Oaxaca,Depresión,hombres,23
2026-10-05,Oaxaca,Depresión,mujeres,21
2026-10-12,Oaxaca,Depresión,general,44
2026-10-12,Oaxaca,Depresión,hombres,21
2026-10-12,Oaxaca,Depresión,mujeres,17
2026-10-19,Oaxaca,Depresión,general,55
2026-10-19,Oaxaca,Depresión,hombres,22
2026-10-19,Oaxaca,Depresión,mujeres,15
2026-10-26,Oaxaca,Depresión,general,32
2026-10-26,Oaxaca,Depresión,hombres,21
2026-10-26,Oaxaca,Depresión,mujeres,24
2026-11-02,Oaxaca,Depresión,general,34
2026-11-02,Oaxaca,Depresión,hombres,23
2026-11-02,Oaxaca,Depresión,mujeres,12
2026-11-09,Oaxaca,Depresión,general,32
2026-11-09,Oaxaca,Depresión,hombres,26
2026-11-09,Oaxaca,Depresión,mujeres,18
2026-11-16,Oaxaca,Depresión,general,44
2026-11-16,Oaxaca,Depresión,hombres,27
2026-11-16,Oaxaca,Depresión,mujeres,17
2026-11-23,Oaxaca,Depresión,general,26
2026-11-23,Oaxaca,Depresión,hombres,22
2026-11-23,Oaxaca,Depresión,mujeres,21
2026-11-30,Oaxaca,Depresión,general,37
2026-11-30,Oaxaca,Depresión,hombres,18
2026-11-30,Oaxaca,Depresión,mujeres,19
2026-12-07,Oaxaca,Depresión,general,29
2026-12-07,Oaxaca,Depresión,hombres,20
2026-12-07,Oaxaca,Depresión,mujeres,17
2026-12-14,Oaxaca,Depresión,general,24
2026-12-14,Oaxaca,Depresión,hombres,24
2026-12-14,Oaxaca,Depresión,mujeres,14
2026-12-21,Oaxaca,Depresión,general,16
2026-12-21,Oaxaca,Depresión,hombres,21
2026-12-21,Oaxaca,Depresión,mujeres,9
2026-12-28,Oaxaca,Depresión,general,11
2026-12-28,Oaxaca,Depresión,hombres,14
2026-12-28,Oaxaca,Depresión,mujeres,5
2027-01-04,Oaxaca,Depresión,general,15
2027-01-04,Oaxaca,Depresión,hombres,9
2027-01-04,Oaxaca,Depresión,mujeres,8
2027-01-11,Oaxaca,Depresión,general,17
2027-01-11,Oaxaca,Depresión,hombres,22
2027-01-11,Oaxaca,Depresión,mujeres,11
2027-01-18,Oaxaca,Depresión,general,50
2027-01-18,Oaxaca,Depresión,hombres,31
2027-01-18,Oaxaca,Depresión,mujeres,14
2027-01-25,Oaxaca,Depresión,general,55
2027-01-25,Oaxaca,Depresión,hombres,24
2027-01-25,Oaxaca,Depresión,mujeres,18
2026-02-02,Puebla,Depresión,general,64
2026-02-02,Puebla,Depresión,hombres,22
2026-02-02,Puebla,Depresión,mujeres,51
2026-02-09,Puebla,Depresión,general,99
2026-02-09,Puebla,Depresión,hombres,21
2026-02-09,Puebla,Depresión,mujeres,71
2026-02-16,Puebla,Depresión,general,101
2026-02-16,Puebla,Depresión,hombres,26
2026-02-16,Puebla,Depresión,mujeres,72
2026-02-23,Puebla,Depresión,general,93
2026-02-23,Puebla,Depresión,hombres,33
2026-02-23,Puebla,Depresión,mujeres,69
2026-03-02,Puebla,Depresión,general,68
2026-03-02,Puebla,Depresión,hombres,35
2026-03-02,Puebla,Depresión,mujeres,58
2026-03-09,Puebla,Depresión,general,104
2026-03-09,Puebla,Depresión,hombres,48
2026-03-09,Puebla,Depresión,mujeres,72
2026-03-16,Puebla,Depresión,general,127
2026-03-16,Puebla,Depresión,hombres,47
2026-03-16,Puebla,Depresión,mujeres,75
2026-03-23,Puebla,Depresión,general,81
2026-03-23,Puebla,Depresión,hombres,45
2026-03-23,Puebla,Depresión,mujeres,77
2026-03-30,Puebla,Depresión,general,108
2026-03-30,Puebla,Depresión,hombres,40
2026-03-30,Puebla,Depresión,mujeres,87
2026-04-06,Puebla,Depresión,general,96
2026-04-06,Puebla,Depresión,hombres,21
2026-04-06,Puebla,Depresión,mujeres,93
2026-04-13,Puebla,Depresión,general,101
2026-04-13,Puebla,Depresión,hombres,18
2026-04-13,Puebla,Depresión,mujeres,95
2026-04-20,Puebla,Depresión,general,83
2026-04-20,Puebla,Depresión,hombres,21
2026-04-20,Puebla,Depresión,mujeres,93
2026-04-27,Puebla,Depresión,general,97
2026-04-27,Puebla,Depresión,hombres,27
2026-04-27,Puebla,Depresión,mujeres,80
2026-05-04,Puebla,Depresión,general,121
2026-05-04,Puebla,Depresión,hombres,25
2026-05-04,Puebla,Depresión,mujeres,74
2026-05-11,Puebla,Depresión,general,104
2026-05-11,Puebla,Depresión,hombres,44
2026-05-11,Puebla,Depresión,mujeres,76
2026-05-18,Puebla,Depresión,general,194
2026-05-18,Puebla,Depresión,hombres,55
2026-05-18,Puebla,Depresión,mujeres,79
2026-05-25,Puebla,Depresión,general,148
2026-05-25,Puebla,Depresión,hombres,43
2026-05-25,Puebla,Depresión,mujeres,86
2026-06-01,Puebla,Depresión,general,99
2026-06-01,Puebla,Depresión,hombres,48
2026-06-01,Puebla,Depresión,mujeres,86
2026-06-08,Puebla,Depresión,general,115
2026-06-08,Puebla,Depresión,hombres,43
2026-06-08,Puebla,Depresión,mujeres,86
2026-06-15,Puebla,Depresión,general,113
2026-06-15,Puebla,Depresión,hombres,43
2026-06-15,Puebla,Depresión,mujeres,87
2026-06-22,Puebla,Depresión,general,126
2026-06-22,Puebla,Depresión,hombres,24
2026-06-22,Puebla,Depresión,mujeres,104
2026-06-29,Puebla,Depresión,general,98
2026-06-29,Puebla,Depresión,hombres,16
2026-06-29,Puebla,Depresión,mujeres,102
2026-07-06,Puebla,Depresión,general,88
2026-07-06,Puebla,Depresión,hombres,31
2026-07-06,Puebla,Depresión,mujeres,85
2026-07-13,Puebla,Depresión,general,96
2026-07-13,Puebla,Depresión,hombres,28
2026-07-13,Puebla,Depresión,mujeres,73
2026-07-20,Puebla,Depresión,general,92
2026-07-20,Puebla,Depresión,hombres,29
2026-07-20,Puebla,Depresión,mujeres,70
2026-07-27,Puebla,Depresión,general,100
2026-07-27,Puebla,Depresión,hombres,36
2026-07-27,Puebla,Depresión,mujeres,64
2026-08-03,Puebla,Depresión,general,100
2026-08-03,Puebla,Depresión,hombres,54
2026-08-03,Puebla,Depresión,mujeres,61
2026-08-10,Puebla,Depresión,general,154
2026-08-10,Puebla,Depresión,hombres,64
2026-08-10,Puebla,Depresión,mujeres,72
2026-08-17,Puebla,Depresión,general,184
2026-08-17,Puebla,Depresión,hombres,58
2026-08-17,Puebla,Depresión,mujeres,88
2026-08-24,Puebla,Depresión,general,158
2026-08-24,Puebla,Depresión,hombres,43
2026-08-24,Puebla,Depresión,mujeres,90
2026-08-31,Puebla,Depresión,general,125
2026-08-31,Puebla,Depresión,hombres,24
2026-08-31,Puebla,Depresión,mujeres,67
2026-09-07,Puebla,Depresión,general,88
2026-09-07,Puebla,Depresión,hombres,19
2026-09-07,Puebla,Depresión,mujeres,59
2026-09-14,Puebla,Depresión,general,83
2026-09-14,Puebla,Depresión,hombres,29
2026-09-14,Puebla,Depresión,mujeres,61
2026-09-21,Puebla,Depresión,general,87
2026-09-21,Puebla,Depresión,hombres,37
2026-09-21,Puebla,Depresión,mujeres,63
2026-09-28,Puebla,Depresión,general,116
2026-09-28,Puebla,Depresión,hombres,33
2026-09-28,Puebla,Depresión,mujeres,60
2026-10-05,Puebla,Depresión,general,72
2026-10-05,Puebla,Depresión,hombres,33
2026-10-05,Puebla,Depresión,mujeres,63
2026-10-12,Puebla,Depresión,general,96
2026-10-12,Puebla,Depresión,hombres,40
2026-10-12,Puebla,Depresión,mujeres,94
2026-10-19,Puebla,Depresión,general,143
2026-10-19,Puebla,Depresión,hombres,51
2026-10-19,Puebla,Depresión,mujeres,122
2026-10-26,Puebla,Depresión,general,113
2026-10-26,Puebla,Depresión,hombres,26
2026-10-26,Puebla,Depresión,mujeres,74
2026-11-02,Puebla,Depresión,general,74
2026-11-02,Puebla,Depresión,hombres,17
2026-11-02,Puebla,Depresión,mujeres,56
2026-11-09,Puebla,Depresión,general,83
2026-11-09,Puebla,Depresión,hombres,14
2026-11-09,Puebla,Depresión,mujeres,58
2026-11-16,Puebla,Depresión,general,72
2026-11-16,Puebla,Depresión,hombres,25
2026-11-16,Puebla,Depresión,mujeres,61
2026-11-23,Puebla,Depresión,general,72
2026-11-23,Puebla,Depresión,hombres,40
2026-11-23,Puebla,Depresión,mujeres,77
2026-11-30,Puebla,Depresión,general,68
2026-11-30,Puebla,Depresión,hombres,38
2026-11-30,Puebla,Depresión,mujeres,86
2026-12-07,Puebla,Depresión,general,62
2026-12-07,Puebla,Depresión,hombres,18
2026-12-07,Puebla,Depresión,mujeres,79
2026-12-14,Puebla,Depresión,general,52
2026-12-14,Puebla,Depresión,hombres,15
2026-12-14,Puebla,Depresión,mujeres,72
2026-12-21,Puebla,Depresión,general,33
2026-12-21,Puebla,Depresión,hombres,11
2026-12-21,Puebla,Depresión,mujeres,61
2026-12-28,Puebla,Depresión,general,40
2026-12-28,Puebla,Depresión,hombres,17
2026-12-28,Puebla,Depresión,mujeres,34
2027-01-04,Puebla,Depresión,general,52
2027-01-04,Puebla,Depresión,hombres,27
2027-01-04,Puebla,Depresión,mujeres,42
2027-01-11,Puebla,Depresión,general,61
2027-01-11,Puebla,Depresión,hombres,22
2027-01-11,Puebla,Depresión,mujeres,53
2027-01-18,Puebla,Depresión,general,71
2027-01-18,Puebla,Depresión,hombres,19
2027-01-18,Puebla,Depresión,mujeres,65
2027-01-25,Puebla,Depresión,general,77
2027-01-25,Puebla,Depresión,hombres,22
2027-01-25,Puebla,Depresión,mujeres,75
2026-02-02,Querétaro,Depresión,general,24
2026-02-02,Querétaro,Depresión,hombres,3
2026-02-02,Querétaro,Depresión,mujeres,15
2026-02-09,Querétaro,Depresión,general,24
2026-02-09,Querétaro,Depresión,hombres,5
2026-02-09,Querétaro,Depresión,mujeres,20
2026-02-16,Querétaro,Depresión,general,15
2026-02-16,Querétaro,Depresión,hombres,5
2026-02-16,Querétaro,Depresión,mujeres,9
2026-02-23,Querétaro,Depresión,general,30
2026-02-23,Querétaro,Depresión,hombres,6
2026-02-23,Querétaro,Depresión,mujeres,18
2026-03-02,Querétaro,Depresión,general,18
2026-03-02,Querétaro,Depresión,hombres,10
2026-03-02,Querétaro,Depresión,mujeres,16
2026-03-09,Querétaro,Depresión,general,14
2026-03-09,Querétaro,Depresión,hombres,6
2026-03-09,Querétaro,Depresión,mujeres,12
2026-03-16,Querétaro,Depresión,general,20
2026-03-16,Querétaro,Depresión,hombres,3
2026-03-16,Querétaro,Depresión,mujeres,17
2026-03-23,Querétaro,Depresión,general,23
2026-03-23,Querétaro,Depresión,hombres,5
2026-03-23,Querétaro,Depresión,mujeres,18
2026-03-30,Querétaro,Depresión,general,23
2026-03-30,Querétaro,Depresión,hombres,5
2026-03-30,Querétaro,Depresión,mujeres,15
2026-04-06,Querétaro,Depresión,general,19
2026-04-06,Querétaro,Depresión,hombres,5
2026-04-06,Querétaro,Depresión,mujeres,10
2026-04-13,Querétaro,Depresión,general,24
2026-04-13,Querétaro,Depresión,hombres,8
2026-04-13,Querétaro,Depresión,mujeres,18
2026-04-20,Querétaro,Depresión,general,25
2026-04-20,Querétaro,Depresión,hombres,2
2026-04-20,Querétaro,Depresión,mujeres,19
2026-04-27,Querétaro,Depresión,general,26
2026-04-27,Querétaro,Depresión,hombres,6
2026-04-27,Querétaro,Depresión,mujeres,16
2026-05-04,Querétaro,Depresión,general,22
2026-05-04,Querétaro,Depresión,hombres,8
2026-05-04,Querétaro,Depresión,mujeres,14
2026-05-11,Querétaro,Depresión,general,20
2026-05-11,Querétaro,Depresión,hombres,3
2026-05-11,Querétaro,Depresión,mujeres,14
2026-05-18,Querétaro,Depresión,general,21
2026-05-18,Querétaro,Depresión,hombres,6
2026-05-18,Querétaro,Depresión,mujeres,22
2026-05-25,Querétaro,Depresión,general,28
2026-05-25,Querétaro,Depresión,hombres,5
2026-05-25,Querétaro,Depresión,mujeres,14
2026-06-01,Querétaro,Depresión,general,16
2026-06-01,Querétaro,Depresión,hombres,3
2026-06-01,Querétaro,Depresión,mujeres,16
2026-06-08,Querétaro,Depresión,general,19
2026-06-08,Querétaro,Depresión,hombres,5
2026-06-08,Querétaro,Depresión,mujeres,13
2026-06-15,Querétaro,Depresión,general,23
2026-06-15,Querétaro,Depresión,hombres,6
2026-06-15,Querétaro,Depresión,mujeres,14
2026-06-22,Querétaro,Depresión,general,23
2026-06-22,Querétaro,Depresión,hombres,5
2026-06-22,Querétaro,Depresión,mujeres,16
2026-06-29,Querétaro,Depresión,general,23
2026-06-29,Querétaro,Depresión,hombres,9
2026-06-29,Querétaro,Depresión,mujeres,13
2026-07-06,Querétaro,Depresión,general,23
2026-07-06,Querétaro,Depresión,hombres,6
2026-07-06,Querétaro,Depresión,mujeres,11
2026-07-13,Querétaro,Depresión,general,25
2026-07-13,Querétaro,Depresión,hombres,5
2026-07-13,Querétaro,Depresión,mujeres,18
2026-07-20,Querétaro,Depresión,general,23
2026-07-20,Querétaro,Depresión,hombres,6
2026-07-20,Querétaro,Depresión,mujeres,14
2026-07-27,Querétaro,Depresión,general,25
2026-07-27,Querétaro,Depresión,hombres,3
2026-07-27,Querétaro,Depresión,mujeres,17
2026-08-03,Querétaro,Depresión,general,22
2026-08-03,Querétaro,Depresión,hombres,5
2026-08-03,Querétaro,Depresión,mujeres,15
2026-08-10,Querétaro,Depresión,general,22
2026-08-10,Querétaro,Depresión,hombres,3
2026-08-10,Querétaro,Depresión,mujeres,15
2026-08-17,Querétaro,Depresión,general,18
2026-08-17,Querétaro,Depresión,hombres,6
2026-08-17,Querétaro,Depresión,mujeres,21
2026-08-24,Querétaro,Depresión,general,27
2026-08-24,Querétaro,Depresión,hombres,5
2026-08-24,Querétaro,Depresión,mujeres,19
2026-08-31,Querétaro,Depresión,general,22
2026-08-31,Querétaro,Depresión,hombres,3
2026-08-31,Querétaro,Depresión,mujeres,15
2026-09-07,Querétaro,Depresión,general,16
2026-09-07,Querétaro,Depresión,hombres,5
2026-09-07,Querétaro,Depresión,mujeres,13
2026-09-14,Querétaro,Depresión,general,23
2026-09-14,Querétaro,Depresión,hombres,7
2026-09-14,Querétaro,Depresión,mujeres,19
2026-09-21,Querétaro,Depresión,general,19
2026-09-21,Querétaro,Depresión,hombres,5
2026-09-21,Querétaro,Depresión,mujeres,17
2026-09-28,Querétaro,Depresión,general,17
2026-09-28,Querétaro,Depresión,hombres,7
2026-09-28,Querétaro,Depresión,mujeres,12
2026-10-05,Querétaro,Depresión,general,24
2026-10-05,Querétaro,Depresión,hombres,3
2026-10-05,Querétaro,Depresión,mujeres,16
2026-10-12,Querétaro,Depresión,general,24
2026-10-12,Querétaro,Depresión,hombres,3
2026-10-12,Querétaro,Depresión,mujeres,15
2026-10-19,Querétaro,Depresión,general,19
2026-10-19,Querétaro,Depresión,hombres,4
2026-10-19,Querétaro,Depresión,mujeres,13
2026-10-26,Querétaro,Depresión,general,21
2026-10-26,Querétaro,Depresión,hombres,5
2026-10-26,Querétaro,Depresión,mujeres,11
2026-11-02,Querétaro,Depresión,general,19
2026-11-02,Querétaro,Depresión,hombres,7
2026-11-02,Querétaro,Depresión,mujeres,13
2026-11-09,Querétaro,Depresión,general,18
2026-11-09,Querétaro,Depresión,hombres,4
2026-11-09,Querétaro,Depresión,mujeres,12
2026-11-16,Querétaro,Depresión,general,20
2026-11-16,Querétaro,Depresión,hombres,5
2026-11-16,Querétaro,Depresión,mujeres,8
2026-11-23,Querétaro,Depresión,general,19
2026-11-23,Querétaro,Depresión,hombres,6
2026-11-23,Querétaro,Depresión,mujeres,15
2026-11-30,Querétaro,Depresión,general,18
2026-11-30,Querétaro,Depresión,hombres,5
2026-11-30,Querétaro,Depresión,mujeres,13
2026-12-07,Querétaro,Depresión,general,18
2026-12-07,Querétaro,Depresión,hombres,5
2026-12-07,Querétaro,Depresión,mujeres,10
2026-12-14,Querétaro,Depresión,general,22
2026-12-14,Querétaro,Depresión,hombres,4
2026-12-14,Querétaro,Depresión,mujeres,18
2026-12-21,Querétaro,Depresión,general,11
2026-12-21,Querétaro,Depresión,hombres,4
2026-12-21,Querétaro,Depresión,mujeres,11
2026-12-28,Querétaro,Depresión,general,16
2026-12-28,Querétaro,Depresión,hombres,6
2026-12-28,Querétaro,Depresión,mujeres,12
2027-01-04,Querétaro,Depresión,general,16
2027-01-04,Querétaro,Depresión,hombres,4
2027-01-04,Querétaro,Depresión,mujeres,13
2027-01-11,Querétaro,Depresión,general,18
2027-01-11,Querétaro,Depresión,hombres,5
2027-01-11,Querétaro,Depresión,mujeres,20
2027-01-18,Querétaro,Depresión,general,10
2027-01-18,Querétaro,Depresión,hombres,4
2027-01-18,Querétaro,Depresión,mujeres,16
2027-01-25,Querétaro,Depresión,general,11
2027-01-25,Querétaro,Depresión,hombres,4
2027-01-25,Querétaro,Depresión,mujeres,13
2026-02-02,Quintana Roo,Depresión,general,25
2026-02-02,Quintana Roo,Depresión,hombres,11
2026-02-02,Quintana Roo,Depresión,mujeres,16
2026-02-09,Quintana Roo,Depresión,general,17
2026-02-09,Quintana Roo,Depresión,hombres,10
2026-02-09,Quintana Roo,Depresión,mujeres,21
2026-02-16,Quintana Roo,Depresión,general,34
2026-02-16,Quintana Roo,Depresión,hombres,10
2026-02-16,Quintana Roo,Depresión,mujeres,28
2026-02-23,Quintana Roo,Depresión,general,20
2026-02-23,Quintana Roo,Depresión,hombres,5
2026-02-23,Quintana Roo,Depresión,mujeres,19
2026-03-02,Quintana Roo,Depresión,general,28
2026-03-02,Quintana Roo,Depresión,hombres,6
2026-03-02,Quintana Roo,Depresión,mujeres,21
2026-03-09,Quintana Roo,Depresión,general,26
2026-03-09,Quintana Roo,Depresión,hombres,10
2026-03-09,Quintana Roo,Depresión,mujeres,27
2026-03-16,Quintana Roo,Depresión,general,31
2026-03-16,Quintana Roo,Depresión,hombres,3
2026-03-16,Quintana Roo,Depresión,mujeres,26
2026-03-23,Quintana Roo,Depresión,general,29
2026-03-23,Quintana Roo,Depresión,hombres,5
2026-03-23,Quintana Roo,Depresión,mujeres,14
2026-03-30,Quintana Roo,Depresión,general,22
2026-03-30,Quintana Roo,Depresión,hombres,8
2026-03-30,Quintana Roo,Depresión,mujeres,21
2026-04-06,Quintana Roo,Depresión,general,38
2026-04-06,Quintana Roo,Depresión,hombres,7
2026-04-06,Quintana Roo,Depresión,mujeres,21
2026-04-13,Quintana Roo,Depresión,general,36
2026-04-13,Quintana Roo,Depresión,hombres,6
2026-04-13,Quintana Roo,Depresión,mujeres,26
2026-04-20,Quintana Roo,Depresión,general,35
2026-04-20,Quintana Roo,Depresión,hombres,4
2026-04-20,Quintana Roo,Depresión,mujeres,24
2026-04-27,Quintana Roo,Depresión,general,35
2026-04-27,Quintana Roo,Depresión,hombres,5
2026-04-27,Quintana Roo,Depresión,mujeres,21
2026-05-04,Quintana Roo,Depresión,general,25
2026-05-04,Quintana Roo,Depresión,hombres,5
2026-05-04,Quintana Roo,Depresión,mujeres,22
2026-05-11,Quintana Roo,Depresión,general,27
2026-05-11,Quintana Roo,Depresión,hombres,5
2026-05-11,Quintana Roo,Depresión,mujeres,18
2026-05-18,Quintana Roo,Depresión,general,31
2026-05-18,Quintana Roo,Depresión,hombres,5
2026-05-18,Quintana Roo,Depresión,mujeres,16
2026-05-25,Quintana Roo,Depresión,general,26
2026-05-25,Quintana Roo,Depresión,hombres,6
2026-05-25,Quintana Roo,Depresión,mujeres,22
2026-06-01,Quintana Roo,Depresión,general,34
2026-06-01,Quintana Roo,Depresión,hombres,9
2026-06-01,Quintana Roo,Depresión,mujeres,28
2026-06-08,Quintana Roo,Depresión,general,34
2026-06-08,Quintana Roo,Depresión,hombres,12
2026-06-08,Quintana Roo,Depresión,mujeres,28
2026-06-15,Quintana Roo,Depresión,general,31
2026-06-15,Quintana Roo,Depresión,hombres,4
2026-06-15,Quintana Roo,Depresión,mujeres,25
2026-06-22,Quintana Roo,Depresión,general,24
2026-06-22,Quintana Roo,Depresión,hombres,4
2026-06-22,Quintana Roo,Depresión,mujeres,22
2026-06-29,Quintana Roo,Depresión,general,28
2026-06-29,Quintana Roo,Depresión,hombres,5
2026-06-29,Quintana Roo,Depresión,mujeres,19
2026-07-06,Quintana Roo,Depresión,general,39
2026-07-06,Quintana Roo,Depresión,hombres,6
2026-07-06,Quintana Roo,Depresión,mujeres,20
2026-07-13,Quintana Roo,Depresión,general,38
2026-07-13,Quintana Roo,Depresión,hombres,6
2026-07-13,Quintana Roo,Depresión,mujeres,23
2026-07-20,Quintana Roo,Depresión,general,38
2026-07-20,Quintana Roo,Depresión,hombres,7
2026-07-20,Quintana Roo,Depresión,mujeres,31
2026-07-27,Quintana Roo,Depresión,general,32
2026-07-27,Quintana Roo,Depresión,hombres,9
2026-07-27,Quintana Roo,Depresión,mujeres,25
2026-08-03,Quintana Roo,Depresión,general,30
2026-08-03,Quintana Roo,Depresión,hombres,7
2026-08-03,Quintana Roo,Depresión,mujeres,22
2026-08-10,Quintana Roo,Depresión,general,23
2026-08-10,Quintana Roo,Depresión,hombres,11
2026-08-10,Quintana Roo,Depresión,mujeres,23
2026-08-17,Quintana Roo,Depresión,general,33
2026-08-17,Quintana Roo,Depresión,hombres,13
2026-08-17,Quintana Roo,Depresión,mujeres,19
2026-08-24,Quintana Roo,Depresión,general,28
2026-08-24,Quintana Roo,Depresión,hombres,12
2026-08-24,Quintana Roo,Depresión,mujeres,19
2026-08-31,Quintana Roo,Depresión,general,29
2026-08-31,Quintana Roo,Depresión,hombres,10
2026-08-31,Quintana Roo,Depresión,mujeres,23
2026-09-07,Quintana Roo,Depresión,general,27
2026-09-07,Quintana Roo,Depresión,hombres,10
2026-09-07,Quintana Roo,Depresión,mujeres,29
2026-09-14,Quintana Roo,Depresión,general,37
2026-09-14,Quintana Roo,Depresión,hombres,10
2026-09-14,Quintana Roo,Depresión,mujeres,27
2026-09-21,Quintana Roo,Depresión,general,34
2026-09-21,Quintana Roo,Depresión,hombres,9
2026-09-21,Quintana Roo,Depresión,mujeres,20
2026-09-28,Quintana Roo,Depresión,general,30
2026-09-28,Quintana Roo,Depresión,hombres,8
2026-09-28,Quintana Roo,Depresión,mujeres,20
2026-10-05,Quintana Roo,Depresión,general,30
2026-10-05,Quintana Roo,Depresión,hombres,11
2026-10-05,Quintana Roo,Depresión,mujeres,20
2026-10-12,Quintana Roo,Depresión,general,33
2026-10-12,Quintana Roo,Depresión,hombres,10
2026-10-12,Quintana Roo,Depresión,mujeres,17
2026-10-19,Quintana Roo,Depresión,general,29
2026-10-19,Quintana Roo,Depresión,hombres,12
2026-10-19,Quintana Roo,Depresión,mujeres,22
2026-10-26,Quintana Roo,Depresión,general,24
2026-10-26,Quintana Roo,Depresión,hombres,11
2026-10-26,Quintana Roo,Depresión,mujeres,18
2026-11-02,Quintana Roo,Depresión,general,19
2026-11-02,Quintana Roo,Depresión,hombres,11
2026-11-02,Quintana Roo,Depresión,mujeres,21
2026-11-09,Quintana Roo,Depresión,general,32
2026-11-09,Quintana Roo,Depresión,hombres,11
2026-11-09,Quintana Roo,Depresión,mujeres,19
2026-11-16,Quintana Roo,Depresión,general,28
2026-11-16,Quintana Roo,Depresión,hombres,11
2026-11-16,Quintana Roo,Depresión,mujeres,17
2026-11-23,Quintana Roo,Depresión,general,30
2026-11-23,Quintana Roo,Depresión,hombres,11
2026-11-23,Quintana Roo,Depresión,mujeres,16
2026-11-30,Quintana Roo,Depresión,general,33
2026-11-30,Quintana Roo,Depresión,hombres,11
2026-11-30,Quintana Roo,Depresión,mujeres,19
2026-12-07,Quintana Roo,Depresión,general,33
2026-12-07,Quintana Roo,Depresión,hombres,12
2026-12-07,Quintana Roo,Depresión,mujeres,20
2026-12-14,Quintana Roo,Depresión,general,30
2026-12-14,Quintana Roo,Depresión,hombres,10
2026-12-14,Quintana Roo,Depresión,mujeres,14
2026-12-21,Quintana Roo,Depresión,general,22
2026-12-21,Quintana Roo,Depresión,hombres,8
2026-12-21,Quintana Roo,Depresión,mujeres,14
2026-12-28,Quintana Roo,Depresión,general,16
2026-12-28,Quintana Roo,Depresión,hombres,6
2026-12-28,Quintana Roo,Depresión,mujeres,12
2027-01-04,Quintana Roo,Depresión,general,28
2027-01-04,Quintana Roo,Depresión,hombres,8
2027-01-04,Quintana Roo,Depresión,mujeres,15
2027-01-11,Quintana Roo,Depresión,general,33
2027-01-11,Quintana Roo,Depresión,hombres,10
2027-01-11,Quintana Roo,Depresión,mujeres,20
2027-01-18,Quintana Roo,Depresión,general,32
2027-01-18,Quintana Roo,Depresión,hombres,12
2027-01-18,Quintana Roo,Depresión,mujeres,24
2027-01-25,Quintana Roo,Depresión,general,44
2027-01-25,Quintana Roo,Depresión,hombres,10
2027-01-25,Quintana Roo,Depresión,mujeres,26
2026-02-02,Region Metropolitana alta,Depresión,general,1014
2026-02-02,Region Metropolitana alta,Depresión,hombres,311
2026-02-02,Region Metropolitana alta,Depresión,mujeres,777
2026-02-09,Region Metropolitana alta,Depresión,general,1048
2026-02-09,Region Metropolitana alta,Depresión,hombres,321
2026-02-09,Region Metropolitana alta,Depresión,mujeres,833
2026-02-16,Region Metropolitana alta,Depresión,general,1066
2026-02-16,Region Metropolitana alta,Depresión,hombres,319
2026-02-16,Region Metropolitana alta,Depresión,mujeres,851
2026-02-23,Region Metropolitana alta,Depresión,general,1078
2026-02-23,Region Metropolitana alta,Depresión,hombres,308
2026-02-23,Region Metropolitana alta,Depresión,mujeres,857
2026-03-02,Region Metropolitana alta,Depresión,general,1119
2026-03-02,Region Metropolitana alta,Depresión,hombres,318
2026-03-02,Region Metropolitana alta,Depresión,mujeres,883
2026-03-09,Region Metropolitana alta,Depresión,general,1134
2026-03-09,Region Metropolitana alta,Depresión,hombres,304
2026-03-09,Region Metropolitana alta,Depresión,mujeres,858
2026-03-16,Region Metropolitana alta,Depresión,general,1130
2026-03-16,Region Metropolitana alta,Depresión,hombres,260
2026-03-16,Region Metropolitana alta,Depresión,mujeres,756
2026-03-23,Region Metropolitana alta,Depresión,general,1094
2026-03-23,Region Metropolitana alta,Depresión,hombres,232
2026-03-23,Region Metropolitana alta,Depresión,mujeres,826
2026-03-30,Region Metropolitana alta,Depresión,general,1056
2026-03-30,Region Metropolitana alta,Depresión,hombres,212
2026-03-30,Region Metropolitana alta,Depresión,mujeres,835
2026-04-06,Region Metropolitana alta,Depresión,general,1035
2026-04-06,Region Metropolitana alta,Depresión,hombres,197
2026-04-06,Region Metropolitana alta,Depresión,mujeres,804
2026-04-13,Region Metropolitana alta,Depresión,general,1049
2026-04-13,Region Metropolitana alta,Depresión,hombres,188
2026-04-13,Region Metropolitana alta,Depresión,mujeres,820
2026-04-20,Region Metropolitana alta,Depresión,general,1049
2026-04-20,Region Metropolitana alta,Depresión,hombres,191
2026-04-20,Region Metropolitana alta,Depresión,mujeres,824
2026-04-27,Region Metropolitana alta,Depresión,general,1054
2026-04-27,Region Metropolitana alta,Depresión,hombres,188
2026-04-27,Region Metropolitana alta,Depresión,mujeres,809
2026-05-04,Region Metropolitana alta,Depresión,general,1047
2026-05-04,Region Metropolitana alta,Depresión,hombres,188
2026-05-04,Region Metropolitana alta,Depresión,mujeres,833
2026-05-11,Region Metropolitana alta,Depresión,general,1052
2026-05-11,Region Metropolitana alta,Depresión,hombres,193
2026-05-11,Region Metropolitana alta,Depresión,mujeres,859
2026-05-18,Region Metropolitana alta,Depresión,general,1067
2026-05-18,Region Metropolitana alta,Depresión,hombres,191
2026-05-18,Region Metropolitana alta,Depresión,mujeres,873
2026-05-25,Region Metropolitana alta,Depresión,general,1063
2026-05-25,Region Metropolitana alta,Depresión,hombres,183
2026-05-25,Region Metropolitana alta,Depresión,mujeres,881
2026-06-01,Region Metropolitana alta,Depresión,general,1052
2026-06-01,Region Metropolitana alta,Depresión,hombres,191
2026-06-01,Region Metropolitana alta,Depresión,mujeres,871
2026-06-08,Region Metropolitana alta,Depresión,general,1104
2026-06-08,Region Metropolitana alta,Depresión,hombres,169
2026-06-08,Region Metropolitana alta,Depresión,mujeres,867
2026-06-15,Region Metropolitana alta,Depresión,general,1133
2026-06-15,Region Metropolitana alta,Depresión,hombres,178
2026-06-15,Region Metropolitana alta,Depresión,mujeres,860
2026-06-22,Region Metropolitana alta,Depresión,general,1123
2026-06-22,Region Metropolitana alta,Depresión,hombres,192
2026-06-22,Region Metropolitana alta,Depresión,mujeres,848
2026-06-29,Region Metropolitana alta,Depresión,general,1079
2026-06-29,Region Metropolitana alta,Depresión,hombres,179
2026-06-29,Region Metropolitana alta,Depresión,mujeres,840
2026-07-06,Region Metropolitana alta,Depresión,general,1050
2026-07-06,Region Metropolitana alta,Depresión,hombres,191
2026-07-06,Region Metropolitana alta,Depresión,mujeres,829
2026-07-13,Region Metropolitana alta,Depresión,general,1048
2026-07-13,Region Metropolitana alta,Depresión,hombres,230
2026-07-13,Region Metropolitana alta,Depresión,mujeres,830
2026-07-20,Region Metropolitana alta,Depresión,general,1015
2026-07-20,Region Metropolitana alta,Depresión,hombres,215
2026-07-20,Region Metropolitana alta,Depresión,mujeres,830
2026-07-27,Region Metropolitana alta,Depresión,general,1052
2026-07-27,Region Metropolitana alta,Depresión,hombres,223
2026-07-27,Region Metropolitana alta,Depresión,mujeres,805
2026-08-03,Region Metropolitana alta,Depresión,general,1013
2026-08-03,Region Metropolitana alta,Depresión,hombres,204
2026-08-03,Region Metropolitana alta,Depresión,mujeres,792
2026-08-10,Region Metropolitana alta,Depresión,general,1021
2026-08-10,Region Metropolitana alta,Depresión,hombres,226
2026-08-10,Region Metropolitana alta,Depresión,mujeres,799
2026-08-17,Region Metropolitana alta,Depresión,general,1021
2026-08-17,Region Metropolitana alta,Depresión,hombres,229
2026-08-17,Region Metropolitana alta,Depresión,mujeres,791
2026-08-24,Region Metropolitana alta,Depresión,general,1017
2026-08-24,Region Metropolitana alta,Depresión,hombres,251
2026-08-24,Region Metropolitana alta,Depresión,mujeres,808
2026-08-31,Region Metropolitana alta,Depresión,general,994
2026-08-31,Region Metropolitana alta,Depresión,hombres,255
2026-08-31,Region Metropolitana alta,Depresión,mujeres,789
2026-09-07,Region Metropolitana alta,Depresión,general,995
2026-09-07,Region Metropolitana alta,Depresión,hombres,260
2026-09-07,Region Metropolitana alta,Depresión,mujeres,790
2026-09-14,Region Metropolitana alta,Depresión,general,1009
2026-09-14,Region Metropolitana alta,Depresión,hombres,245
2026-09-14,Region Metropolitana alta,Depresión,mujeres,769
2026-09-21,Region Metropolitana alta,Depresión,general,1028
2026-09-21,Region Metropolitana alta,Depresión,hombres,260
2026-09-21,Region Metropolitana alta,Depresión,mujeres,833
2026-09-28,Region Metropolitana alta,Depresión,general,1030
2026-09-28,Region Metropolitana alta,Depresión,hombres,262
2026-09-28,Region Metropolitana alta,Depresión,mujeres,856
2026-10-05,Region Metropolitana alta,Depresión,general,1037
2026-10-05,Region Metropolitana alta,Depresión,hombres,239
2026-10-05,Region Metropolitana alta,Depresión,mujeres,841
2026-10-12,Region Metropolitana alta,Depresión,general,1040
2026-10-12,Region Metropolitana alta,Depresión,hombres,240
2026-10-12,Region Metropolitana alta,Depresión,mujeres,864
2026-10-19,Region Metropolitana alta,Depresión,general,1070
2026-10-19,Region Metropolitana alta,Depresión,hombres,259
2026-10-19,Region Metropolitana alta,Depresión,mujeres,869
2026-10-26,Region Metropolitana alta,Depresión,general,1060
2026-10-26,Region Metropolitana alta,Depresión,hombres,253
2026-10-26,Region Metropolitana alta,Depresión,mujeres,827
2026-11-02,Region Metropolitana alta,Depresión,general,1030
2026-11-02,Region Metropolitana alta,Depresión,hombres,223
2026-11-02,Region Metropolitana alta,Depresión,mujeres,822
2026-11-09,Region Metropolitana alta,Depresión,general,1023
2026-11-09,Region Metropolitana alta,Depresión,hombres,207
2026-11-09,Region Metropolitana alta,Depresión,mujeres,820
2026-11-16,Region Metropolitana alta,Depresión,general,967
2026-11-16,Region Metropolitana alta,Depresión,hombres,216
2026-11-16,Region Metropolitana alta,Depresión,mujeres,800
2026-11-23,Region Metropolitana alta,Depresión,general,971
2026-11-23,Region Metropolitana alta,Depresión,hombres,233
2026-11-23,Region Metropolitana alta,Depresión,mujeres,753
2026-11-30,Region Metropolitana alta,Depresión,general,954
2026-11-30,Region Metropolitana alta,Depresión,hombres,206
2026-11-30,Region Metropolitana alta,Depresión,mujeres,634
2026-12-07,Region Metropolitana alta,Depresión,general,917
2026-12-07,Region Metropolitana alta,Depresión,hombres,171
2026-12-07,Region Metropolitana alta,Depresión,mujeres,748
2026-12-14,Region Metropolitana alta,Depresión,general,884
2026-12-14,Region Metropolitana alta,Depresión,hombres,170
2026-12-14,Region Metropolitana alta,Depresión,mujeres,768
2026-12-21,Region Metropolitana alta,Depresión,general,850
2026-12-21,Region Metropolitana alta,Depresión,hombres,170
2026-12-21,Region Metropolitana alta,Depresión,mujeres,727
2026-12-28,Region Metropolitana alta,Depresión,general,785
2026-12-28,Region Metropolitana alta,Depresión,hombres,165
2026-12-28,Region Metropolitana alta,Depresión,mujeres,613
2027-01-04,Region Metropolitana alta,Depresión,general,849
2027-01-04,Region Metropolitana alta,Depresión,hombres,159
2027-01-04,Region Metropolitana alta,Depresión,mujeres,689
2027-01-11,Region Metropolitana alta,Depresión,general,926
2027-01-11,Region Metropolitana alta,Depresión,hombres,215
2027-01-11,Region Metropolitana alta,Depresión,mujeres,779
2027-01-18,Region Metropolitana alta,Depresión,general,948
2027-01-18,Region Metropolitana alta,Depresión,hombres,225
2027-01-18,Region Metropolitana alta,Depresión,mujeres,825
2027-01-25,Region Metropolitana alta,Depresión,general,992
2027-01-25,Region Metropolitana alta,Depresión,hombres,232
2027-01-25,Region Metropolitana alta,Depresión,mujeres,891
2026-02-02,Region Rural / dispersa,Depresión,general,572
2026-02-02,Region Rural / dispersa,Depresión,hombres,150
2026-02-02,Region Rural / dispersa,Depresión,mujeres,395
2026-02-09,Region Rural / dispersa,Depresión,general,598
2026-02-09,Region Rural / dispersa,Depresión,hombres,148
2026-02-09,Region Rural / dispersa,Depresión,mujeres,412
2026-02-16,Region Rural / dispersa,Depresión,general,638
2026-02-16,Region Rural / dispersa,Depresión,hombres,149
2026-02-16,Region Rural / dispersa,Depresión,mujeres,436
2026-02-23,Region Rural / dispersa,Depresión,general,644
2026-02-23,Region Rural / dispersa,Depresión,hombres,152
2026-02-23,Region Rural / dispersa,Depresión,mujeres,459
2026-03-02,Region Rural / dispersa,Depresión,general,629
2026-03-02,Region Rural / dispersa,Depresión,hombres,156
2026-03-02,Region Rural / dispersa,Depresión,mujeres,459
2026-03-09,Region Rural / dispersa,Depresión,general,635
2026-03-09,Region Rural / dispersa,Depresión,hombres,157
2026-03-09,Region Rural / dispersa,Depresión,mujeres,462
2026-03-16,Region Rural / dispersa,Depresión,general,627
2026-03-16,Region Rural / dispersa,Depresión,hombres,155
2026-03-16,Region Rural / dispersa,Depresión,mujeres,458
2026-03-23,Region Rural / dispersa,Depresión,general,600
2026-03-23,Region Rural / dispersa,Depresión,hombres,154
2026-03-23,Region Rural / dispersa,Depresión,mujeres,460
2026-03-30,Region Rural / dispersa,Depresión,general,591
2026-03-30,Region Rural / dispersa,Depresión,hombres,151
2026-03-30,Region Rural / dispersa,Depresión,mujeres,444
2026-04-06,Region Rural / dispersa,Depresión,general,596
2026-04-06,Region Rural / dispersa,Depresión,hombres,151
2026-04-06,Region Rural / dispersa,Depresión,mujeres,449
2026-04-13,Region Rural / dispersa,Depresión,general,589
2026-04-13,Region Rural / dispersa,Depresión,hombres,153
2026-04-13,Region Rural / dispersa,Depresión,mujeres,429
2026-04-20,Region Rural / dispersa,Depresión,general,561
2026-04-20,Region Rural / dispersa,Depresión,hombres,155
2026-04-20,Region Rural / dispersa,Depresión,mujeres,437
2026-04-27,Region Rural / dispersa,Depresión,general,546
2026-04-27,Region Rural / dispersa,Depresión,hombres,149
2026-04-27,Region Rural / dispersa,Depresión,mujeres,399
2026-05-04,Region Rural / dispersa,Depresión,general,542
2026-05-04,Region Rural / dispersa,Depresión,hombres,155
2026-05-04,Region Rural / dispersa,Depresión,mujeres,411
2026-05-11,Region Rural / dispersa,Depresión,general,560
2026-05-11,Region Rural / dispersa,Depresión,hombres,159
2026-05-11,Region Rural / dispersa,Depresión,mujeres,413
2026-05-18,Region Rural / dispersa,Depresión,general,568
2026-05-18,Region Rural / dispersa,Depresión,hombres,160
2026-05-18,Region Rural / dispersa,Depresión,mujeres,442
2026-05-25,Region Rural / dispersa,Depresión,general,587
2026-05-25,Region Rural / dispersa,Depresión,hombres,164
2026-05-25,Region Rural / dispersa,Depresión,mujeres,413
2026-06-01,Region Rural / dispersa,Depresión,general,591
2026-06-01,Region Rural / dispersa,Depresión,hombres,165
2026-06-01,Region Rural / dispersa,Depresión,mujeres,462
2026-06-08,Region Rural / dispersa,Depresión,general,650
2026-06-08,Region Rural / dispersa,Depresión,hombres,166
2026-06-08,Region Rural / dispersa,Depresión,mujeres,450
2026-06-15,Region Rural / dispersa,Depresión,general,686
2026-06-15,Region Rural / dispersa,Depresión,hombres,171
2026-06-15,Region Rural / dispersa,Depresión,mujeres,405
2026-06-22,Region Rural / dispersa,Depresión,general,608
2026-06-22,Region Rural / dispersa,Depresión,hombres,178
2026-06-22,Region Rural / dispersa,Depresión,mujeres,425
2026-06-29,Region Rural / dispersa,Depresión,general,603
2026-06-29,Region Rural / dispersa,Depresión,hombres,172
2026-06-29,Region Rural / dispersa,Depresión,mujeres,452
2026-07-06,Region Rural / dispersa,Depresión,general,597
2026-07-06,Region Rural / dispersa,Depresión,hombres,164
2026-07-06,Region Rural / dispersa,Depresión,mujeres,467
2026-07-13,Region Rural / dispersa,Depresión,general,599
2026-07-13,Region Rural / dispersa,Depresión,hombres,159
2026-07-13,Region Rural / dispersa,Depresión,mujeres,471
2026-07-20,Region Rural / dispersa,Depresión,general,608
2026-07-20,Region Rural / dispersa,Depresión,hombres,159
2026-07-20,Region Rural / dispersa,Depresión,mujeres,489
2026-07-27,Region Rural / dispersa,Depresión,general,606
2026-07-27,Region Rural / dispersa,Depresión,hombres,159
2026-07-27,Region Rural / dispersa,Depresión,mujeres,485
2026-08-03,Region Rural / dispersa,Depresión,general,593
2026-08-03,Region Rural / dispersa,Depresión,hombres,141
2026-08-03,Region Rural / dispersa,Depresión,mujeres,487
2026-08-10,Region Rural / dispersa,Depresión,general,594
2026-08-10,Region Rural / dispersa,Depresión,hombres,142
2026-08-10,Region Rural / dispersa,Depresión,mujeres,478
2026-08-17,Region Rural / dispersa,Depresión,general,600
2026-08-17,Region Rural / dispersa,Depresión,hombres,150
2026-08-17,Region Rural / dispersa,Depresión,mujeres,494
2026-08-24,Region Rural / dispersa,Depresión,general,600
2026-08-24,Region Rural / dispersa,Depresión,hombres,159
2026-08-24,Region Rural / dispersa,Depresión,mujeres,503
2026-08-31,Region Rural / dispersa,Depresión,general,583
2026-08-31,Region Rural / dispersa,Depresión,hombres,152
2026-08-31,Region Rural / dispersa,Depresión,mujeres,504
2026-09-07,Region Rural / dispersa,Depresión,general,590
2026-09-07,Region Rural / dispersa,Depresión,hombres,152
2026-09-07,Region Rural / dispersa,Depresión,mujeres,501
2026-09-14,Region Rural / dispersa,Depresión,general,614
2026-09-14,Region Rural / dispersa,Depresión,hombres,144
2026-09-14,Region Rural / dispersa,Depresión,mujeres,492
2026-09-21,Region Rural / dispersa,Depresión,general,613
2026-09-21,Region Rural / dispersa,Depresión,hombres,148
2026-09-21,Region Rural / dispersa,Depresión,mujeres,501
2026-09-28,Region Rural / dispersa,Depresión,general,592
2026-09-28,Region Rural / dispersa,Depresión,hombres,155
2026-09-28,Region Rural / dispersa,Depresión,mujeres,482
2026-10-05,Region Rural / dispersa,Depresión,general,596
2026-10-05,Region Rural / dispersa,Depresión,hombres,146
2026-10-05,Region Rural / dispersa,Depresión,mujeres,489
2026-10-12,Region Rural / dispersa,Depresión,general,612
2026-10-12,Region Rural / dispersa,Depresión,hombres,149
2026-10-12,Region Rural / dispersa,Depresión,mujeres,483
2026-10-19,Region Rural / dispersa,Depresión,general,610
2026-10-19,Region Rural / dispersa,Depresión,hombres,156
2026-10-19,Region Rural / dispersa,Depresión,mujeres,452
2026-10-26,Region Rural / dispersa,Depresión,general,601
2026-10-26,Region Rural / dispersa,Depresión,hombres,160
2026-10-26,Region Rural / dispersa,Depresión,mujeres,393
2026-11-02,Region Rural / dispersa,Depresión,general,600
2026-11-02,Region Rural / dispersa,Depresión,hombres,159
2026-11-02,Region Rural / dispersa,Depresión,mujeres,444
2026-11-09,Region Rural / dispersa,Depresión,general,603
2026-11-09,Region Rural / dispersa,Depresión,hombres,160
2026-11-09,Region Rural / dispersa,Depresión,mujeres,445
2026-11-16,Region Rural / dispersa,Depresión,general,597
2026-11-16,Region Rural / dispersa,Depresión,hombres,159
2026-11-16,Region Rural / dispersa,Depresión,mujeres,446
2026-11-23,Region Rural / dispersa,Depresión,general,598
2026-11-23,Region Rural / dispersa,Depresión,hombres,156
2026-11-23,Region Rural / dispersa,Depresión,mujeres,435
2026-11-30,Region Rural / dispersa,Depresión,general,593
2026-11-30,Region Rural / dispersa,Depresión,hombres,151
2026-11-30,Region Rural / dispersa,Depresión,mujeres,348
2026-12-07,Region Rural / dispersa,Depresión,general,576
2026-12-07,Region Rural / dispersa,Depresión,hombres,150
2026-12-07,Region Rural / dispersa,Depresión,mujeres,446
2026-12-14,Region Rural / dispersa,Depresión,general,584
2026-12-14,Region Rural / dispersa,Depresión,hombres,143
2026-12-14,Region Rural / dispersa,Depresión,mujeres,441
2026-12-21,Region Rural / dispersa,Depresión,general,583
2026-12-21,Region Rural / dispersa,Depresión,hombres,138
2026-12-21,Region Rural / dispersa,Depresión,mujeres,401
2026-12-28,Region Rural / dispersa,Depresión,general,561
2026-12-28,Region Rural / dispersa,Depresión,hombres,136
2026-12-28,Region Rural / dispersa,Depresión,mujeres,270
2027-01-04,Region Rural / dispersa,Depresión,general,563
2027-01-04,Region Rural / dispersa,Depresión,hombres,140
2027-01-04,Region Rural / dispersa,Depresión,mujeres,403
2027-01-11,Region Rural / dispersa,Depresión,general,576
2027-01-11,Region Rural / dispersa,Depresión,hombres,153
2027-01-11,Region Rural / dispersa,Depresión,mujeres,445
2027-01-18,Region Rural / dispersa,Depresión,general,578
2027-01-18,Region Rural / dispersa,Depresión,hombres,159
2027-01-18,Region Rural / dispersa,Depresión,mujeres,448
2027-01-25,Region Rural / dispersa,Depresión,general,588
2027-01-25,Region Rural / dispersa,Depresión,hombres,158
2027-01-25,Region Rural / dispersa,Depresión,mujeres,449
2026-02-02,Region Sur-Sureste vulnerable,Depresión,general,352
2026-02-02,Region Sur-Sureste vulnerable,Depresión,hombres,99
2026-02-02,Region Sur-Sureste vulnerable,Depresión,mujeres,281
2026-02-09,Region Sur-Sureste vulnerable,Depresión,general,349
2026-02-09,Region Sur-Sureste vulnerable,Depresión,hombres,99
2026-02-09,Region Sur-Sureste vulnerable,Depresión,mujeres,289
2026-02-16,Region Sur-Sureste vulnerable,Depresión,general,360
2026-02-16,Region Sur-Sureste vulnerable,Depresión,hombres,94
2026-02-16,Region Sur-Sureste vulnerable,Depresión,mujeres,305
2026-02-23,Region Sur-Sureste vulnerable,Depresión,general,372
2026-02-23,Region Sur-Sureste vulnerable,Depresión,hombres,102
2026-02-23,Region Sur-Sureste vulnerable,Depresión,mujeres,332
2026-03-02,Region Sur-Sureste vulnerable,Depresión,general,380
2026-03-02,Region Sur-Sureste vulnerable,Depresión,hombres,114
2026-03-02,Region Sur-Sureste vulnerable,Depresión,mujeres,317
2026-03-09,Region Sur-Sureste vulnerable,Depresión,general,397
2026-03-09,Region Sur-Sureste vulnerable,Depresión,hombres,116
2026-03-09,Region Sur-Sureste vulnerable,Depresión,mujeres,314
2026-03-16,Region Sur-Sureste vulnerable,Depresión,general,393
2026-03-16,Region Sur-Sureste vulnerable,Depresión,hombres,98
2026-03-16,Region Sur-Sureste vulnerable,Depresión,mujeres,304
2026-03-23,Region Sur-Sureste vulnerable,Depresión,general,372
2026-03-23,Region Sur-Sureste vulnerable,Depresión,hombres,89
2026-03-23,Region Sur-Sureste vulnerable,Depresión,mujeres,263
2026-03-30,Region Sur-Sureste vulnerable,Depresión,general,331
2026-03-30,Region Sur-Sureste vulnerable,Depresión,hombres,76
2026-03-30,Region Sur-Sureste vulnerable,Depresión,mujeres,268
2026-04-06,Region Sur-Sureste vulnerable,Depresión,general,306
2026-04-06,Region Sur-Sureste vulnerable,Depresión,hombres,68
2026-04-06,Region Sur-Sureste vulnerable,Depresión,mujeres,268
2026-04-13,Region Sur-Sureste vulnerable,Depresión,general,300
2026-04-13,Region Sur-Sureste vulnerable,Depresión,hombres,74
2026-04-13,Region Sur-Sureste vulnerable,Depresión,mujeres,260
2026-04-20,Region Sur-Sureste vulnerable,Depresión,general,274
2026-04-20,Region Sur-Sureste vulnerable,Depresión,hombres,79
2026-04-20,Region Sur-Sureste vulnerable,Depresión,mujeres,245
2026-04-27,Region Sur-Sureste vulnerable,Depresión,general,282
2026-04-27,Region Sur-Sureste vulnerable,Depresión,hombres,84
2026-04-27,Region Sur-Sureste vulnerable,Depresión,mujeres,239
2026-05-04,Region Sur-Sureste vulnerable,Depresión,general,288
2026-05-04,Region Sur-Sureste vulnerable,Depresión,hombres,92
2026-05-04,Region Sur-Sureste vulnerable,Depresión,mujeres,221
2026-05-11,Region Sur-Sureste vulnerable,Depresión,general,274
2026-05-11,Region Sur-Sureste vulnerable,Depresión,hombres,105
2026-05-11,Region Sur-Sureste vulnerable,Depresión,mujeres,220
2026-05-18,Region Sur-Sureste vulnerable,Depresión,general,273
2026-05-18,Region Sur-Sureste vulnerable,Depresión,hombres,101
2026-05-18,Region Sur-Sureste vulnerable,Depresión,mujeres,247
2026-05-25,Region Sur-Sureste vulnerable,Depresión,general,275
2026-05-25,Region Sur-Sureste vulnerable,Depresión,hombres,98
2026-05-25,Region Sur-Sureste vulnerable,Depresión,mujeres,278
2026-06-01,Region Sur-Sureste vulnerable,Depresión,general,311
2026-06-01,Region Sur-Sureste vulnerable,Depresión,hombres,99
2026-06-01,Region Sur-Sureste vulnerable,Depresión,mujeres,275
2026-06-08,Region Sur-Sureste vulnerable,Depresión,general,334
2026-06-08,Region Sur-Sureste vulnerable,Depresión,hombres,101
2026-06-08,Region Sur-Sureste vulnerable,Depresión,mujeres,271
2026-06-15,Region Sur-Sureste vulnerable,Depresión,general,347
2026-06-15,Region Sur-Sureste vulnerable,Depresión,hombres,102
2026-06-15,Region Sur-Sureste vulnerable,Depresión,mujeres,267
2026-06-22,Region Sur-Sureste vulnerable,Depresión,general,335
2026-06-22,Region Sur-Sureste vulnerable,Depresión,hombres,101
2026-06-22,Region Sur-Sureste vulnerable,Depresión,mujeres,255
2026-06-29,Region Sur-Sureste vulnerable,Depresión,general,321
2026-06-29,Region Sur-Sureste vulnerable,Depresión,hombres,99
2026-06-29,Region Sur-Sureste vulnerable,Depresión,mujeres,265
2026-07-06,Region Sur-Sureste vulnerable,Depresión,general,341
2026-07-06,Region Sur-Sureste vulnerable,Depresión,hombres,93
2026-07-06,Region Sur-Sureste vulnerable,Depresión,mujeres,246
2026-07-13,Region Sur-Sureste vulnerable,Depresión,general,344
2026-07-13,Region Sur-Sureste vulnerable,Depresión,hombres,93
2026-07-13,Region Sur-Sureste vulnerable,Depresión,mujeres,245
2026-07-20,Region Sur-Sureste vulnerable,Depresión,general,344
2026-07-20,Region Sur-Sureste vulnerable,Depresión,hombres,87
2026-07-20,Region Sur-Sureste vulnerable,Depresión,mujeres,246
2026-07-27,Region Sur-Sureste vulnerable,Depresión,general,336
2026-07-27,Region Sur-Sureste vulnerable,Depresión,hombres,73
2026-07-27,Region Sur-Sureste vulnerable,Depresión,mujeres,230
2026-08-03,Region Sur-Sureste vulnerable,Depresión,general,344
2026-08-03,Region Sur-Sureste vulnerable,Depresión,hombres,98
2026-08-03,Region Sur-Sureste vulnerable,Depresión,mujeres,236
2026-08-10,Region Sur-Sureste vulnerable,Depresión,general,349
2026-08-10,Region Sur-Sureste vulnerable,Depresión,hombres,99
2026-08-10,Region Sur-Sureste vulnerable,Depresión,mujeres,249
2026-08-17,Region Sur-Sureste vulnerable,Depresión,general,345
2026-08-17,Region Sur-Sureste vulnerable,Depresión,hombres,101
2026-08-17,Region Sur-Sureste vulnerable,Depresión,mujeres,257
2026-08-24,Region Sur-Sureste vulnerable,Depresión,general,341
2026-08-24,Region Sur-Sureste vulnerable,Depresión,hombres,97
2026-08-24,Region Sur-Sureste vulnerable,Depresión,mujeres,253
2026-08-31,Region Sur-Sureste vulnerable,Depresión,general,338
2026-08-31,Region Sur-Sureste vulnerable,Depresión,hombres,89
2026-08-31,Region Sur-Sureste vulnerable,Depresión,mujeres,261
2026-09-07,Region Sur-Sureste vulnerable,Depresión,general,340
2026-09-07,Region Sur-Sureste vulnerable,Depresión,hombres,95
2026-09-07,Region Sur-Sureste vulnerable,Depresión,mujeres,246
2026-09-14,Region Sur-Sureste vulnerable,Depresión,general,340
2026-09-14,Region Sur-Sureste vulnerable,Depresión,hombres,96
2026-09-14,Region Sur-Sureste vulnerable,Depresión,mujeres,252
2026-09-21,Region Sur-Sureste vulnerable,Depresión,general,341
2026-09-21,Region Sur-Sureste vulnerable,Depresión,hombres,92
2026-09-21,Region Sur-Sureste vulnerable,Depresión,mujeres,261
2026-09-28,Region Sur-Sureste vulnerable,Depresión,general,341
2026-09-28,Region Sur-Sureste vulnerable,Depresión,hombres,74
2026-09-28,Region Sur-Sureste vulnerable,Depresión,mujeres,261
2026-10-05,Region Sur-Sureste vulnerable,Depresión,general,336
2026-10-05,Region Sur-Sureste vulnerable,Depresión,hombres,87
2026-10-05,Region Sur-Sureste vulnerable,Depresión,mujeres,253
2026-10-12,Region Sur-Sureste vulnerable,Depresión,general,340
2026-10-12,Region Sur-Sureste vulnerable,Depresión,hombres,90
2026-10-12,Region Sur-Sureste vulnerable,Depresión,mujeres,267
2026-10-19,Region Sur-Sureste vulnerable,Depresión,general,335
2026-10-19,Region Sur-Sureste vulnerable,Depresión,hombres,88
2026-10-19,Region Sur-Sureste vulnerable,Depresión,mujeres,263
2026-10-26,Region Sur-Sureste vulnerable,Depresión,general,339
2026-10-26,Region Sur-Sureste vulnerable,Depresión,hombres,81
2026-10-26,Region Sur-Sureste vulnerable,Depresión,mujeres,261
2026-11-02,Region Sur-Sureste vulnerable,Depresión,general,336
2026-11-02,Region Sur-Sureste vulnerable,Depresión,hombres,90
2026-11-02,Region Sur-Sureste vulnerable,Depresión,mujeres,252
2026-11-09,Region Sur-Sureste vulnerable,Depresión,general,339
2026-11-09,Region Sur-Sureste vulnerable,Depresión,hombres,93
2026-11-09,Region Sur-Sureste vulnerable,Depresión,mujeres,262
2026-11-16,Region Sur-Sureste vulnerable,Depresión,general,341
2026-11-16,Region Sur-Sureste vulnerable,Depresión,hombres,95
2026-11-16,Region Sur-Sureste vulnerable,Depresión,mujeres,248
2026-11-23,Region Sur-Sureste vulnerable,Depresión,general,318
2026-11-23,Region Sur-Sureste vulnerable,Depresión,hombres,95
2026-11-23,Region Sur-Sureste vulnerable,Depresión,mujeres,238
2026-11-30,Region Sur-Sureste vulnerable,Depresión,general,268
2026-11-30,Region Sur-Sureste vulnerable,Depresión,hombres,85
2026-11-30,Region Sur-Sureste vulnerable,Depresión,mujeres,232
2026-12-07,Region Sur-Sureste vulnerable,Depresión,general,255
2026-12-07,Region Sur-Sureste vulnerable,Depresión,hombres,92
2026-12-07,Region Sur-Sureste vulnerable,Depresión,mujeres,234
2026-12-14,Region Sur-Sureste vulnerable,Depresión,general,248
2026-12-14,Region Sur-Sureste vulnerable,Depresión,hombres,90
2026-12-14,Region Sur-Sureste vulnerable,Depresión,mujeres,247
2026-12-21,Region Sur-Sureste vulnerable,Depresión,general,247
2026-12-21,Region Sur-Sureste vulnerable,Depresión,hombres,73
2026-12-21,Region Sur-Sureste vulnerable,Depresión,mujeres,227
2026-12-28,Region Sur-Sureste vulnerable,Depresión,general,242
2026-12-28,Region Sur-Sureste vulnerable,Depresión,hombres,68
2026-12-28,Region Sur-Sureste vulnerable,Depresión,mujeres,215
2027-01-04,Region Sur-Sureste vulnerable,Depresión,general,289
2027-01-04,Region Sur-Sureste vulnerable,Depresión,hombres,79
2027-01-04,Region Sur-Sureste vulnerable,Depresión,mujeres,217
2027-01-11,Region Sur-Sureste vulnerable,Depresión,general,309
2027-01-11,Region Sur-Sureste vulnerable,Depresión,hombres,98
2027-01-11,Region Sur-Sureste vulnerable,Depresión,mujeres,238
2027-01-18,Region Sur-Sureste vulnerable,Depresión,general,351
2027-01-18,Region Sur-Sureste vulnerable,Depresión,hombres,102
2027-01-18,Region Sur-Sureste vulnerable,Depresión,mujeres,242
2027-01-25,Region Sur-Sureste vulnerable,Depresión,general,357
2027-01-25,Region Sur-Sureste vulnerable,Depresión,hombres,94
2027-01-25,Region Sur-Sureste vulnerable,Depresión,mujeres,241
2026-02-02,Region Urbana media,Depresión,general,1017
2026-02-02,Region Urbana media,Depresión,hombres,232
2026-02-02,Region Urbana media,Depresión,mujeres,749
2026-02-09,Region Urbana media,Depresión,general,1014
2026-02-09,Region Urbana media,Depresión,hombres,231
2026-02-09,Region Urbana media,Depresión,mujeres,744
2026-02-16,Region Urbana media,Depresión,general,1055
2026-02-16,Region Urbana media,Depresión,hombres,230
2026-02-16,Region Urbana media,Depresión,mujeres,764
2026-02-23,Region Urbana media,Depresión,general,1128
2026-02-23,Region Urbana media,Depresión,hombres,234
2026-02-23,Region Urbana media,Depresión,mujeres,801
2026-03-02,Region Urbana media,Depresión,general,1131
2026-03-02,Region Urbana media,Depresión,hombres,240
2026-03-02,Region Urbana media,Depresión,mujeres,802
2026-03-09,Region Urbana media,Depresión,general,1134
2026-03-09,Region Urbana media,Depresión,hombres,236
2026-03-09,Region Urbana media,Depresión,mujeres,811
2026-03-16,Region Urbana media,Depresión,general,1095
2026-03-16,Region Urbana media,Depresión,hombres,255
2026-03-16,Region Urbana media,Depresión,mujeres,827
2026-03-23,Region Urbana media,Depresión,general,1072
2026-03-23,Region Urbana media,Depresión,hombres,236
2026-03-23,Region Urbana media,Depresión,mujeres,751
2026-03-30,Region Urbana media,Depresión,general,1020
2026-03-30,Region Urbana media,Depresión,hombres,235
2026-03-30,Region Urbana media,Depresión,mujeres,728
2026-04-06,Region Urbana media,Depresión,general,1007
2026-04-06,Region Urbana media,Depresión,hombres,224
2026-04-06,Region Urbana media,Depresión,mujeres,705
2026-04-13,Region Urbana media,Depresión,general,990
2026-04-13,Region Urbana media,Depresión,hombres,248
2026-04-13,Region Urbana media,Depresión,mujeres,703
2026-04-20,Region Urbana media,Depresión,general,993
2026-04-20,Region Urbana media,Depresión,hombres,246
2026-04-20,Region Urbana media,Depresión,mujeres,716
2026-04-27,Region Urbana media,Depresión,general,1014
2026-04-27,Region Urbana media,Depresión,hombres,247
2026-04-27,Region Urbana media,Depresión,mujeres,710
2026-05-04,Region Urbana media,Depresión,general,1022
2026-05-04,Region Urbana media,Depresión,hombres,241
2026-05-04,Region Urbana media,Depresión,mujeres,719
2026-05-11,Region Urbana media,Depresión,general,1008
2026-05-11,Region Urbana media,Depresión,hombres,242
2026-05-11,Region Urbana media,Depresión,mujeres,690
2026-05-18,Region Urbana media,Depresión,general,986
2026-05-18,Region Urbana media,Depresión,hombres,240
2026-05-18,Region Urbana media,Depresión,mujeres,683
2026-05-25,Region Urbana media,Depresión,general,977
2026-05-25,Region Urbana media,Depresión,hombres,240
2026-05-25,Region Urbana media,Depresión,mujeres,669
2026-06-01,Region Urbana media,Depresión,general,971
2026-06-01,Region Urbana media,Depresión,hombres,238
2026-06-01,Region Urbana media,Depresión,mujeres,664
2026-06-08,Region Urbana media,Depresión,general,999
2026-06-08,Region Urbana media,Depresión,hombres,238
2026-06-08,Region Urbana media,Depresión,mujeres,669
2026-06-15,Region Urbana media,Depresión,general,1016
2026-06-15,Region Urbana media,Depresión,hombres,229
2026-06-15,Region Urbana media,Depresión,mujeres,673
2026-06-22,Region Urbana media,Depresión,general,1012
2026-06-22,Region Urbana media,Depresión,hombres,232
2026-06-22,Region Urbana media,Depresión,mujeres,658
2026-06-29,Region Urbana media,Depresión,general,1021
2026-06-29,Region Urbana media,Depresión,hombres,235
2026-06-29,Region Urbana media,Depresión,mujeres,614
2026-07-06,Region Urbana media,Depresión,general,1027
2026-07-06,Region Urbana media,Depresión,hombres,237
2026-07-06,Region Urbana media,Depresión,mujeres,649
2026-07-13,Region Urbana media,Depresión,general,1034
2026-07-13,Region Urbana media,Depresión,hombres,234
2026-07-13,Region Urbana media,Depresión,mujeres,659
2026-07-20,Region Urbana media,Depresión,general,1035
2026-07-20,Region Urbana media,Depresión,hombres,234
2026-07-20,Region Urbana media,Depresión,mujeres,629
2026-07-27,Region Urbana media,Depresión,general,1039
2026-07-27,Region Urbana media,Depresión,hombres,228
2026-07-27,Region Urbana media,Depresión,mujeres,616
2026-08-03,Region Urbana media,Depresión,general,1057
2026-08-03,Region Urbana media,Depresión,hombres,241
2026-08-03,Region Urbana media,Depresión,mujeres,682
2026-08-10,Region Urbana media,Depresión,general,1020
2026-08-10,Region Urbana media,Depresión,hombres,246
2026-08-10,Region Urbana media,Depresión,mujeres,688
2026-08-17,Region Urbana media,Depresión,general,990
2026-08-17,Region Urbana media,Depresión,hombres,244
2026-08-17,Region Urbana media,Depresión,mujeres,696
2026-08-24,Region Urbana media,Depresión,general,991
2026-08-24,Region Urbana media,Depresión,hombres,249
2026-08-24,Region Urbana media,Depresión,mujeres,672
2026-08-31,Region Urbana media,Depresión,general,1013
2026-08-31,Region Urbana media,Depresión,hombres,251
2026-08-31,Region Urbana media,Depresión,mujeres,630
2026-09-07,Region Urbana media,Depresión,general,1032
2026-09-07,Region Urbana media,Depresión,hombres,254
2026-09-07,Region Urbana media,Depresión,mujeres,692
2026-09-14,Region Urbana media,Depresión,general,1048
2026-09-14,Region Urbana media,Depresión,hombres,258
2026-09-14,Region Urbana media,Depresión,mujeres,694
2026-09-21,Region Urbana media,Depresión,general,1017
2026-09-21,Region Urbana media,Depresión,hombres,260
2026-09-21,Region Urbana media,Depresión,mujeres,696
2026-09-28,Region Urbana media,Depresión,general,1016
2026-09-28,Region Urbana media,Depresión,hombres,250
2026-09-28,Region Urbana media,Depresión,mujeres,718
2026-10-05,Region Urbana media,Depresión,general,990
2026-10-05,Region Urbana media,Depresión,hombres,248
2026-10-05,Region Urbana media,Depresión,mujeres,792
2026-10-12,Region Urbana media,Depresión,general,1068
2026-10-12,Region Urbana media,Depresión,hombres,253
2026-10-12,Region Urbana media,Depresión,mujeres,780
2026-10-19,Region Urbana media,Depresión,general,1069
2026-10-19,Region Urbana media,Depresión,hombres,252
2026-10-19,Region Urbana media,Depresión,mujeres,780
2026-10-26,Region Urbana media,Depresión,general,1055
2026-10-26,Region Urbana media,Depresión,hombres,245
2026-10-26,Region Urbana media,Depresión,mujeres,765
2026-11-02,Region Urbana media,Depresión,general,1008
2026-11-02,Region Urbana media,Depresión,hombres,245
2026-11-02,Region Urbana media,Depresión,mujeres,763
2026-11-09,Region Urbana media,Depresión,general,1023
2026-11-09,Region Urbana media,Depresión,hombres,240
2026-11-09,Region Urbana media,Depresión,mujeres,742
2026-11-16,Region Urbana media,Depresión,general,999
2026-11-16,Region Urbana media,Depresión,hombres,234
2026-11-16,Region Urbana media,Depresión,mujeres,732
2026-11-23,Region Urbana media,Depresión,general,979
2026-11-23,Region Urbana media,Depresión,hombres,234
2026-11-23,Region Urbana media,Depresión,mujeres,712
2026-11-30,Region Urbana media,Depresión,general,993
2026-11-30,Region Urbana media,Depresión,hombres,229
2026-11-30,Region Urbana media,Depresión,mujeres,688
2026-12-07,Region Urbana media,Depresión,general,1026
2026-12-07,Region Urbana media,Depresión,hombres,230
2026-12-07,Region Urbana media,Depresión,mujeres,703
2026-12-14,Region Urbana media,Depresión,general,1019
2026-12-14,Region Urbana media,Depresión,hombres,221
2026-12-14,Region Urbana media,Depresión,mujeres,680
2026-12-21,Region Urbana media,Depresión,general,984
2026-12-21,Region Urbana media,Depresión,hombres,199
2026-12-21,Region Urbana media,Depresión,mujeres,674
2026-12-28,Region Urbana media,Depresión,general,966
2026-12-28,Region Urbana media,Depresión,hombres,190
2026-12-28,Region Urbana media,Depresión,mujeres,598
2027-01-04,Region Urbana media,Depresión,general,975
2027-01-04,Region Urbana media,Depresión,hombres,232
2027-01-04,Region Urbana media,Depresión,mujeres,620
2027-01-11,Region Urbana media,Depresión,general,1005
2027-01-11,Region Urbana media,Depresión,hombres,239
2027-01-11,Region Urbana media,Depresión,mujeres,632
2027-01-18,Region Urbana media,Depresión,general,1055
2027-01-18,Region Urbana media,Depresión,hombres,242
2027-01-18,Region Urbana media,Depresión,mujeres,634
2027-01-25,Region Urbana media,Depresión,general,1060
2027-01-25,Region Urbana media,Depresión,hombres,238
2027-01-25,Region Urbana media,Depresión,mujeres,642
2026-02-02,San Luis Potosí,Depresión,general,73
2026-02-02,San Luis Potosí,Depresión,hombres,15
2026-02-02,San Luis Potosí,Depresión,mujeres,47
2026-02-09,San Luis Potosí,Depresión,general,52
2026-02-09,San Luis Potosí,Depresión,hombres,17
2026-02-09,San Luis Potosí,Depresión,mujeres,50
2026-02-16,San Luis Potosí,Depresión,general,65
2026-02-16,San Luis Potosí,Depresión,hombres,18
2026-02-16,San Luis Potosí,Depresión,mujeres,42
2026-02-23,San Luis Potosí,Depresión,general,61
2026-02-23,San Luis Potosí,Depresión,hombres,14
2026-02-23,San Luis Potosí,Depresión,mujeres,44
2026-03-02,San Luis Potosí,Depresión,general,55
2026-03-02,San Luis Potosí,Depresión,hombres,12
2026-03-02,San Luis Potosí,Depresión,mujeres,40
2026-03-09,San Luis Potosí,Depresión,general,38
2026-03-09,San Luis Potosí,Depresión,hombres,13
2026-03-09,San Luis Potosí,Depresión,mujeres,33
2026-03-16,San Luis Potosí,Depresión,general,44
2026-03-16,San Luis Potosí,Depresión,hombres,14
2026-03-16,San Luis Potosí,Depresión,mujeres,34
2026-03-23,San Luis Potosí,Depresión,general,31
2026-03-23,San Luis Potosí,Depresión,hombres,13
2026-03-23,San Luis Potosí,Depresión,mujeres,24
2026-03-30,San Luis Potosí,Depresión,general,29
2026-03-30,San Luis Potosí,Depresión,hombres,8
2026-03-30,San Luis Potosí,Depresión,mujeres,20
2026-04-06,San Luis Potosí,Depresión,general,38
2026-04-06,San Luis Potosí,Depresión,hombres,10
2026-04-06,San Luis Potosí,Depresión,mujeres,28
2026-04-13,San Luis Potosí,Depresión,general,42
2026-04-13,San Luis Potosí,Depresión,hombres,13
2026-04-13,San Luis Potosí,Depresión,mujeres,27
2026-04-20,San Luis Potosí,Depresión,general,39
2026-04-20,San Luis Potosí,Depresión,hombres,17
2026-04-20,San Luis Potosí,Depresión,mujeres,24
2026-04-27,San Luis Potosí,Depresión,general,44
2026-04-27,San Luis Potosí,Depresión,hombres,13
2026-04-27,San Luis Potosí,Depresión,mujeres,17
2026-05-04,San Luis Potosí,Depresión,general,52
2026-05-04,San Luis Potosí,Depresión,hombres,13
2026-05-04,San Luis Potosí,Depresión,mujeres,29
2026-05-11,San Luis Potosí,Depresión,general,51
2026-05-11,San Luis Potosí,Depresión,hombres,13
2026-05-11,San Luis Potosí,Depresión,mujeres,22
2026-05-18,San Luis Potosí,Depresión,general,53
2026-05-18,San Luis Potosí,Depresión,hombres,13
2026-05-18,San Luis Potosí,Depresión,mujeres,19
2026-05-25,San Luis Potosí,Depresión,general,53
2026-05-25,San Luis Potosí,Depresión,hombres,15
2026-05-25,San Luis Potosí,Depresión,mujeres,20
2026-06-01,San Luis Potosí,Depresión,general,43
2026-06-01,San Luis Potosí,Depresión,hombres,12
2026-06-01,San Luis Potosí,Depresión,mujeres,26
2026-06-08,San Luis Potosí,Depresión,general,50
2026-06-08,San Luis Potosí,Depresión,hombres,11
2026-06-08,San Luis Potosí,Depresión,mujeres,29
2026-06-15,San Luis Potosí,Depresión,general,50
2026-06-15,San Luis Potosí,Depresión,hombres,11
2026-06-15,San Luis Potosí,Depresión,mujeres,36
2026-06-22,San Luis Potosí,Depresión,general,40
2026-06-22,San Luis Potosí,Depresión,hombres,11
2026-06-22,San Luis Potosí,Depresión,mujeres,24
2026-06-29,San Luis Potosí,Depresión,general,34
2026-06-29,San Luis Potosí,Depresión,hombres,11
2026-06-29,San Luis Potosí,Depresión,mujeres,29
2026-07-06,San Luis Potosí,Depresión,general,30
2026-07-06,San Luis Potosí,Depresión,hombres,12
2026-07-06,San Luis Potosí,Depresión,mujeres,23
2026-07-13,San Luis Potosí,Depresión,general,44
2026-07-13,San Luis Potosí,Depresión,hombres,11
2026-07-13,San Luis Potosí,Depresión,mujeres,35
2026-07-20,San Luis Potosí,Depresión,general,39
2026-07-20,San Luis Potosí,Depresión,hombres,11
2026-07-20,San Luis Potosí,Depresión,mujeres,33
2026-07-27,San Luis Potosí,Depresión,general,44
2026-07-27,San Luis Potosí,Depresión,hombres,11
2026-07-27,San Luis Potosí,Depresión,mujeres,30
2026-08-03,San Luis Potosí,Depresión,general,48
2026-08-03,San Luis Potosí,Depresión,hombres,14
2026-08-03,San Luis Potosí,Depresión,mujeres,38
2026-08-10,San Luis Potosí,Depresión,general,44
2026-08-10,San Luis Potosí,Depresión,hombres,10
2026-08-10,San Luis Potosí,Depresión,mujeres,24
2026-08-17,San Luis Potosí,Depresión,general,40
2026-08-17,San Luis Potosí,Depresión,hombres,16
2026-08-17,San Luis Potosí,Depresión,mujeres,29
2026-08-24,San Luis Potosí,Depresión,general,54
2026-08-24,San Luis Potosí,Depresión,hombres,13
2026-08-24,San Luis Potosí,Depresión,mujeres,46
2026-08-31,San Luis Potosí,Depresión,general,39
2026-08-31,San Luis Potosí,Depresión,hombres,10
2026-08-31,San Luis Potosí,Depresión,mujeres,41
2026-09-07,San Luis Potosí,Depresión,general,43
2026-09-07,San Luis Potosí,Depresión,hombres,12
2026-09-07,San Luis Potosí,Depresión,mujeres,34
2026-09-14,San Luis Potosí,Depresión,general,45
2026-09-14,San Luis Potosí,Depresión,hombres,14
2026-09-14,San Luis Potosí,Depresión,mujeres,7
2026-09-21,San Luis Potosí,Depresión,general,44
2026-09-21,San Luis Potosí,Depresión,hombres,14
2026-09-21,San Luis Potosí,Depresión,mujeres,39
2026-09-28,San Luis Potosí,Depresión,general,47
2026-09-28,San Luis Potosí,Depresión,hombres,15
2026-09-28,San Luis Potosí,Depresión,mujeres,40
2026-10-05,San Luis Potosí,Depresión,general,37
2026-10-05,San Luis Potosí,Depresión,hombres,12
2026-10-05,San Luis Potosí,Depresión,mujeres,30
2026-10-12,San Luis Potosí,Depresión,general,41
2026-10-12,San Luis Potosí,Depresión,hombres,16
2026-10-12,San Luis Potosí,Depresión,mujeres,34
2026-10-19,San Luis Potosí,Depresión,general,36
2026-10-19,San Luis Potosí,Depresión,hombres,14
2026-10-19,San Luis Potosí,Depresión,mujeres,36
2026-10-26,San Luis Potosí,Depresión,general,45
2026-10-26,San Luis Potosí,Depresión,hombres,10
2026-10-26,San Luis Potosí,Depresión,mujeres,22
2026-11-02,San Luis Potosí,Depresión,general,48
2026-11-02,San Luis Potosí,Depresión,hombres,8
2026-11-02,San Luis Potosí,Depresión,mujeres,21
2026-11-09,San Luis Potosí,Depresión,general,40
2026-11-09,San Luis Potosí,Depresión,hombres,8
2026-11-09,San Luis Potosí,Depresión,mujeres,24
2026-11-16,San Luis Potosí,Depresión,general,36
2026-11-16,San Luis Potosí,Depresión,hombres,9
2026-11-16,San Luis Potosí,Depresión,mujeres,21
2026-11-23,San Luis Potosí,Depresión,general,42
2026-11-23,San Luis Potosí,Depresión,hombres,11
2026-11-23,San Luis Potosí,Depresión,mujeres,21
2026-11-30,San Luis Potosí,Depresión,general,36
2026-11-30,San Luis Potosí,Depresión,hombres,10
2026-11-30,San Luis Potosí,Depresión,mujeres,21
2026-12-07,San Luis Potosí,Depresión,general,35
2026-12-07,San Luis Potosí,Depresión,hombres,7
2026-12-07,San Luis Potosí,Depresión,mujeres,23
2026-12-14,San Luis Potosí,Depresión,general,45
2026-12-14,San Luis Potosí,Depresión,hombres,7
2026-12-14,San Luis Potosí,Depresión,mujeres,19
2026-12-21,San Luis Potosí,Depresión,general,33
2026-12-21,San Luis Potosí,Depresión,hombres,8
2026-12-21,San Luis Potosí,Depresión,mujeres,20
2026-12-28,San Luis Potosí,Depresión,general,49
2026-12-28,San Luis Potosí,Depresión,hombres,9
2026-12-28,San Luis Potosí,Depresión,mujeres,22
2027-01-04,San Luis Potosí,Depresión,general,45
2027-01-04,San Luis Potosí,Depresión,hombres,9
2027-01-04,San Luis Potosí,Depresión,mujeres,19
2027-01-11,San Luis Potosí,Depresión,general,30
2027-01-11,San Luis Potosí,Depresión,hombres,12
2027-01-11,San Luis Potosí,Depresión,mujeres,19
2027-01-18,San Luis Potosí,Depresión,general,34
2027-01-18,San Luis Potosí,Depresión,hombres,13
2027-01-18,San Luis Potosí,Depresión,mujeres,17
2027-01-25,San Luis Potosí,Depresión,general,47
2027-01-25,San Luis Potosí,Depresión,hombres,12
2027-01-25,San Luis Potosí,Depresión,mujeres,30
2026-02-02,Sinaloa,Depresión,general,88
2026-02-02,Sinaloa,Depresión,hombres,25
2026-02-02,Sinaloa,Depresión,mujeres,49
2026-02-09,Sinaloa,Depresión,general,91
2026-02-09,Sinaloa,Depresión,hombres,26
2026-02-09,Sinaloa,Depresión,mujeres,56
2026-02-16,Sinaloa,Depresión,general,109
2026-02-16,Sinaloa,Depresión,hombres,31
2026-02-16,Sinaloa,Depresión,mujeres,66
2026-02-23,Sinaloa,Depresión,general,100
2026-02-23,Sinaloa,Depresión,hombres,33
2026-02-23,Sinaloa,Depresión,mujeres,64
2026-03-02,Sinaloa,Depresión,general,99
2026-03-02,Sinaloa,Depresión,hombres,31
2026-03-02,Sinaloa,Depresión,mujeres,85
2026-03-09,Sinaloa,Depresión,general,105
2026-03-09,Sinaloa,Depresión,hombres,28
2026-03-09,Sinaloa,Depresión,mujeres,62
2026-03-16,Sinaloa,Depresión,general,97
2026-03-16,Sinaloa,Depresión,hombres,32
2026-03-16,Sinaloa,Depresión,mujeres,93
2026-03-23,Sinaloa,Depresión,general,85
2026-03-23,Sinaloa,Depresión,hombres,33
2026-03-23,Sinaloa,Depresión,mujeres,81
2026-03-30,Sinaloa,Depresión,general,97
2026-03-30,Sinaloa,Depresión,hombres,33
2026-03-30,Sinaloa,Depresión,mujeres,51
2026-04-06,Sinaloa,Depresión,general,94
2026-04-06,Sinaloa,Depresión,hombres,22
2026-04-06,Sinaloa,Depresión,mujeres,52
2026-04-13,Sinaloa,Depresión,general,105
2026-04-13,Sinaloa,Depresión,hombres,30
2026-04-13,Sinaloa,Depresión,mujeres,57
2026-04-20,Sinaloa,Depresión,general,77
2026-04-20,Sinaloa,Depresión,hombres,18
2026-04-20,Sinaloa,Depresión,mujeres,62
2026-04-27,Sinaloa,Depresión,general,77
2026-04-27,Sinaloa,Depresión,hombres,21
2026-04-27,Sinaloa,Depresión,mujeres,45
2026-05-04,Sinaloa,Depresión,general,76
2026-05-04,Sinaloa,Depresión,hombres,27
2026-05-04,Sinaloa,Depresión,mujeres,50
2026-05-11,Sinaloa,Depresión,general,93
2026-05-11,Sinaloa,Depresión,hombres,27
2026-05-11,Sinaloa,Depresión,mujeres,61
2026-05-18,Sinaloa,Depresión,general,118
2026-05-18,Sinaloa,Depresión,hombres,24
2026-05-18,Sinaloa,Depresión,mujeres,81
2026-05-25,Sinaloa,Depresión,general,86
2026-05-25,Sinaloa,Depresión,hombres,23
2026-05-25,Sinaloa,Depresión,mujeres,75
2026-06-01,Sinaloa,Depresión,general,82
2026-06-01,Sinaloa,Depresión,hombres,39
2026-06-01,Sinaloa,Depresión,mujeres,75
2026-06-08,Sinaloa,Depresión,general,107
2026-06-08,Sinaloa,Depresión,hombres,26
2026-06-08,Sinaloa,Depresión,mujeres,80
2026-06-15,Sinaloa,Depresión,general,100
2026-06-15,Sinaloa,Depresión,hombres,28
2026-06-15,Sinaloa,Depresión,mujeres,62
2026-06-22,Sinaloa,Depresión,general,89
2026-06-22,Sinaloa,Depresión,hombres,33
2026-06-22,Sinaloa,Depresión,mujeres,75
2026-06-29,Sinaloa,Depresión,general,86
2026-06-29,Sinaloa,Depresión,hombres,34
2026-06-29,Sinaloa,Depresión,mujeres,64
2026-07-06,Sinaloa,Depresión,general,102
2026-07-06,Sinaloa,Depresión,hombres,33
2026-07-06,Sinaloa,Depresión,mujeres,56
2026-07-13,Sinaloa,Depresión,general,83
2026-07-13,Sinaloa,Depresión,hombres,30
2026-07-13,Sinaloa,Depresión,mujeres,67
2026-07-20,Sinaloa,Depresión,general,70
2026-07-20,Sinaloa,Depresión,hombres,26
2026-07-20,Sinaloa,Depresión,mujeres,57
2026-07-27,Sinaloa,Depresión,general,86
2026-07-27,Sinaloa,Depresión,hombres,23
2026-07-27,Sinaloa,Depresión,mujeres,63
2026-08-03,Sinaloa,Depresión,general,97
2026-08-03,Sinaloa,Depresión,hombres,31
2026-08-03,Sinaloa,Depresión,mujeres,80
2026-08-10,Sinaloa,Depresión,general,75
2026-08-10,Sinaloa,Depresión,hombres,27
2026-08-10,Sinaloa,Depresión,mujeres,67
2026-08-17,Sinaloa,Depresión,general,69
2026-08-17,Sinaloa,Depresión,hombres,24
2026-08-17,Sinaloa,Depresión,mujeres,69
2026-08-24,Sinaloa,Depresión,general,71
2026-08-24,Sinaloa,Depresión,hombres,24
2026-08-24,Sinaloa,Depresión,mujeres,65
2026-08-31,Sinaloa,Depresión,general,80
2026-08-31,Sinaloa,Depresión,hombres,27
2026-08-31,Sinaloa,Depresión,mujeres,67
2026-09-07,Sinaloa,Depresión,general,98
2026-09-07,Sinaloa,Depresión,hombres,28
2026-09-07,Sinaloa,Depresión,mujeres,82
2026-09-14,Sinaloa,Depresión,general,71
2026-09-14,Sinaloa,Depresión,hombres,29
2026-09-14,Sinaloa,Depresión,mujeres,57
2026-09-21,Sinaloa,Depresión,general,85
2026-09-21,Sinaloa,Depresión,hombres,28
2026-09-21,Sinaloa,Depresión,mujeres,68
2026-09-28,Sinaloa,Depresión,general,85
2026-09-28,Sinaloa,Depresión,hombres,32
2026-09-28,Sinaloa,Depresión,mujeres,60
2026-10-05,Sinaloa,Depresión,general,80
2026-10-05,Sinaloa,Depresión,hombres,23
2026-10-05,Sinaloa,Depresión,mujeres,60
2026-10-12,Sinaloa,Depresión,general,78
2026-10-12,Sinaloa,Depresión,hombres,27
2026-10-12,Sinaloa,Depresión,mujeres,57
2026-10-19,Sinaloa,Depresión,general,93
2026-10-19,Sinaloa,Depresión,hombres,25
2026-10-19,Sinaloa,Depresión,mujeres,75
2026-10-26,Sinaloa,Depresión,general,92
2026-10-26,Sinaloa,Depresión,hombres,25
2026-10-26,Sinaloa,Depresión,mujeres,56
2026-11-02,Sinaloa,Depresión,general,73
2026-11-02,Sinaloa,Depresión,hombres,20
2026-11-02,Sinaloa,Depresión,mujeres,74
2026-11-09,Sinaloa,Depresión,general,74
2026-11-09,Sinaloa,Depresión,hombres,20
2026-11-09,Sinaloa,Depresión,mujeres,47
2026-11-16,Sinaloa,Depresión,general,67
2026-11-16,Sinaloa,Depresión,hombres,26
2026-11-16,Sinaloa,Depresión,mujeres,63
2026-11-23,Sinaloa,Depresión,general,67
2026-11-23,Sinaloa,Depresión,hombres,24
2026-11-23,Sinaloa,Depresión,mujeres,62
2026-11-30,Sinaloa,Depresión,general,57
2026-11-30,Sinaloa,Depresión,hombres,18
2026-11-30,Sinaloa,Depresión,mujeres,52
2026-12-07,Sinaloa,Depresión,general,52
2026-12-07,Sinaloa,Depresión,hombres,27
2026-12-07,Sinaloa,Depresión,mujeres,72
2026-12-14,Sinaloa,Depresión,general,47
2026-12-14,Sinaloa,Depresión,hombres,22
2026-12-14,Sinaloa,Depresión,mujeres,47
2026-12-21,Sinaloa,Depresión,general,47
2026-12-21,Sinaloa,Depresión,hombres,22
2026-12-21,Sinaloa,Depresión,mujeres,46
2026-12-28,Sinaloa,Depresión,general,46
2026-12-28,Sinaloa,Depresión,hombres,15
2026-12-28,Sinaloa,Depresión,mujeres,46
2027-01-04,Sinaloa,Depresión,general,53
2027-01-04,Sinaloa,Depresión,hombres,21
2027-01-04,Sinaloa,Depresión,mujeres,61
2027-01-11,Sinaloa,Depresión,general,87
2027-01-11,Sinaloa,Depresión,hombres,27
2027-01-11,Sinaloa,Depresión,mujeres,69
2027-01-18,Sinaloa,Depresión,general,89
2027-01-18,Sinaloa,Depresión,hombres,35
2027-01-18,Sinaloa,Depresión,mujeres,68
2027-01-25,Sinaloa,Depresión,general,69
2027-01-25,Sinaloa,Depresión,hombres,24
2027-01-25,Sinaloa,Depresión,mujeres,46
2026-02-02,Sonora,Depresión,general,56
2026-02-02,Sonora,Depresión,hombres,15
2026-02-02,Sonora,Depresión,mujeres,38
2026-02-09,Sonora,Depresión,general,63
2026-02-09,Sonora,Depresión,hombres,18
2026-02-09,Sonora,Depresión,mujeres,45
2026-02-16,Sonora,Depresión,general,67
2026-02-16,Sonora,Depresión,hombres,10
2026-02-16,Sonora,Depresión,mujeres,50
2026-02-23,Sonora,Depresión,general,66
2026-02-23,Sonora,Depresión,hombres,18
2026-02-23,Sonora,Depresión,mujeres,57
2026-03-02,Sonora,Depresión,general,60
2026-03-02,Sonora,Depresión,hombres,17
2026-03-02,Sonora,Depresión,mujeres,48
2026-03-09,Sonora,Depresión,general,54
2026-03-09,Sonora,Depresión,hombres,12
2026-03-09,Sonora,Depresión,mujeres,61
2026-03-16,Sonora,Depresión,general,58
2026-03-16,Sonora,Depresión,hombres,18
2026-03-16,Sonora,Depresión,mujeres,57
2026-03-23,Sonora,Depresión,general,63
2026-03-23,Sonora,Depresión,hombres,25
2026-03-23,Sonora,Depresión,mujeres,52
2026-03-30,Sonora,Depresión,general,61
2026-03-30,Sonora,Depresión,hombres,13
2026-03-30,Sonora,Depresión,mujeres,50
2026-04-06,Sonora,Depresión,general,56
2026-04-06,Sonora,Depresión,hombres,8
2026-04-06,Sonora,Depresión,mujeres,59
2026-04-13,Sonora,Depresión,general,74
2026-04-13,Sonora,Depresión,hombres,13
2026-04-13,Sonora,Depresión,mujeres,63
2026-04-20,Sonora,Depresión,general,65
2026-04-20,Sonora,Depresión,hombres,13
2026-04-20,Sonora,Depresión,mujeres,50
2026-04-27,Sonora,Depresión,general,58
2026-04-27,Sonora,Depresión,hombres,7
2026-04-27,Sonora,Depresión,mujeres,41
2026-05-04,Sonora,Depresión,general,59
2026-05-04,Sonora,Depresión,hombres,13
2026-05-04,Sonora,Depresión,mujeres,58
2026-05-11,Sonora,Depresión,general,72
2026-05-11,Sonora,Depresión,hombres,15
2026-05-11,Sonora,Depresión,mujeres,50
2026-05-18,Sonora,Depresión,general,73
2026-05-18,Sonora,Depresión,hombres,9
2026-05-18,Sonora,Depresión,mujeres,58
2026-05-25,Sonora,Depresión,general,73
2026-05-25,Sonora,Depresión,hombres,11
2026-05-25,Sonora,Depresión,mujeres,40
2026-06-01,Sonora,Depresión,general,68
2026-06-01,Sonora,Depresión,hombres,13
2026-06-01,Sonora,Depresión,mujeres,53
2026-06-08,Sonora,Depresión,general,75
2026-06-08,Sonora,Depresión,hombres,12
2026-06-08,Sonora,Depresión,mujeres,53
2026-06-15,Sonora,Depresión,general,79
2026-06-15,Sonora,Depresión,hombres,13
2026-06-15,Sonora,Depresión,mujeres,55
2026-06-22,Sonora,Depresión,general,78
2026-06-22,Sonora,Depresión,hombres,13
2026-06-22,Sonora,Depresión,mujeres,53
2026-06-29,Sonora,Depresión,general,67
2026-06-29,Sonora,Depresión,hombres,10
2026-06-29,Sonora,Depresión,mujeres,38
2026-07-06,Sonora,Depresión,general,69
2026-07-06,Sonora,Depresión,hombres,9
2026-07-06,Sonora,Depresión,mujeres,50
2026-07-13,Sonora,Depresión,general,75
2026-07-13,Sonora,Depresión,hombres,14
2026-07-13,Sonora,Depresión,mujeres,57
2026-07-20,Sonora,Depresión,general,64
2026-07-20,Sonora,Depresión,hombres,10
2026-07-20,Sonora,Depresión,mujeres,52
2026-07-27,Sonora,Depresión,general,70
2026-07-27,Sonora,Depresión,hombres,10
2026-07-27,Sonora,Depresión,mujeres,50
2026-08-03,Sonora,Depresión,general,66
2026-08-03,Sonora,Depresión,hombres,11
2026-08-03,Sonora,Depresión,mujeres,40
2026-08-10,Sonora,Depresión,general,82
2026-08-10,Sonora,Depresión,hombres,9
2026-08-10,Sonora,Depresión,mujeres,61
2026-08-17,Sonora,Depresión,general,82
2026-08-17,Sonora,Depresión,hombres,10
2026-08-17,Sonora,Depresión,mujeres,50
2026-08-24,Sonora,Depresión,general,76
2026-08-24,Sonora,Depresión,hombres,16
2026-08-24,Sonora,Depresión,mujeres,52
2026-08-31,Sonora,Depresión,general,65
2026-08-31,Sonora,Depresión,hombres,14
2026-08-31,Sonora,Depresión,mujeres,41
2026-09-07,Sonora,Depresión,general,64
2026-09-07,Sonora,Depresión,hombres,12
2026-09-07,Sonora,Depresión,mujeres,51
2026-09-14,Sonora,Depresión,general,84
2026-09-14,Sonora,Depresión,hombres,15
2026-09-14,Sonora,Depresión,mujeres,63
2026-09-21,Sonora,Depresión,general,61
2026-09-21,Sonora,Depresión,hombres,9
2026-09-21,Sonora,Depresión,mujeres,42
2026-09-28,Sonora,Depresión,general,75
2026-09-28,Sonora,Depresión,hombres,10
2026-09-28,Sonora,Depresión,mujeres,44
2026-10-05,Sonora,Depresión,general,64
2026-10-05,Sonora,Depresión,hombres,14
2026-10-05,Sonora,Depresión,mujeres,34
2026-10-12,Sonora,Depresión,general,80
2026-10-12,Sonora,Depresión,hombres,16
2026-10-12,Sonora,Depresión,mujeres,45
2026-10-19,Sonora,Depresión,general,69
2026-10-19,Sonora,Depresión,hombres,10
2026-10-19,Sonora,Depresión,mujeres,30
2026-10-26,Sonora,Depresión,general,66
2026-10-26,Sonora,Depresión,hombres,18
2026-10-26,Sonora,Depresión,mujeres,34
2026-11-02,Sonora,Depresión,general,62
2026-11-02,Sonora,Depresión,hombres,16
2026-11-02,Sonora,Depresión,mujeres,30
2026-11-09,Sonora,Depresión,general,66
2026-11-09,Sonora,Depresión,hombres,13
2026-11-09,Sonora,Depresión,mujeres,30
2026-11-16,Sonora,Depresión,general,53
2026-11-16,Sonora,Depresión,hombres,19
2026-11-16,Sonora,Depresión,mujeres,25
2026-11-23,Sonora,Depresión,general,51
2026-11-23,Sonora,Depresión,hombres,19
2026-11-23,Sonora,Depresión,mujeres,25
2026-11-30,Sonora,Depresión,general,55
2026-11-30,Sonora,Depresión,hombres,14
2026-11-30,Sonora,Depresión,mujeres,16
2026-12-07,Sonora,Depresión,general,43
2026-12-07,Sonora,Depresión,hombres,11
2026-12-07,Sonora,Depresión,mujeres,19
2026-12-14,Sonora,Depresión,general,50
2026-12-14,Sonora,Depresión,hombres,18
2026-12-14,Sonora,Depresión,mujeres,22
2026-12-21,Sonora,Depresión,general,43
2026-12-21,Sonora,Depresión,hombres,20
2026-12-21,Sonora,Depresión,mujeres,14
2026-12-28,Sonora,Depresión,general,39
2026-12-28,Sonora,Depresión,hombres,19
2026-12-28,Sonora,Depresión,mujeres,19
2027-01-04,Sonora,Depresión,general,35
2027-01-04,Sonora,Depresión,hombres,14
2027-01-04,Sonora,Depresión,mujeres,18
2027-01-11,Sonora,Depresión,general,27
2027-01-11,Sonora,Depresión,hombres,17
2027-01-11,Sonora,Depresión,mujeres,26
2027-01-18,Sonora,Depresión,general,42
2027-01-18,Sonora,Depresión,hombres,19
2027-01-18,Sonora,Depresión,mujeres,25
2027-01-25,Sonora,Depresión,general,41
2027-01-25,Sonora,Depresión,hombres,16
2027-01-25,Sonora,Depresión,mujeres,31
2026-02-02,Tabasco,Depresión,general,92
2026-02-02,Tabasco,Depresión,hombres,40
2026-02-02,Tabasco,Depresión,mujeres,60
2026-02-09,Tabasco,Depresión,general,81
2026-02-09,Tabasco,Depresión,hombres,47
2026-02-09,Tabasco,Depresión,mujeres,65
2026-02-16,Tabasco,Depresión,general,102
2026-02-16,Tabasco,Depresión,hombres,40
2026-02-16,Tabasco,Depresión,mujeres,76
2026-02-23,Tabasco,Depresión,general,77
2026-02-23,Tabasco,Depresión,hombres,39
2026-02-23,Tabasco,Depresión,mujeres,61
2026-03-02,Tabasco,Depresión,general,79
2026-03-02,Tabasco,Depresión,hombres,26
2026-03-02,Tabasco,Depresión,mujeres,68
2026-03-09,Tabasco,Depresión,general,116
2026-03-09,Tabasco,Depresión,hombres,38
2026-03-09,Tabasco,Depresión,mujeres,67
2026-03-16,Tabasco,Depresión,general,94
2026-03-16,Tabasco,Depresión,hombres,55
2026-03-16,Tabasco,Depresión,mujeres,58
2026-03-23,Tabasco,Depresión,general,97
2026-03-23,Tabasco,Depresión,hombres,35
2026-03-23,Tabasco,Depresión,mujeres,67
2026-03-30,Tabasco,Depresión,general,64
2026-03-30,Tabasco,Depresión,hombres,31
2026-03-30,Tabasco,Depresión,mujeres,53
2026-04-06,Tabasco,Depresión,general,58
2026-04-06,Tabasco,Depresión,hombres,27
2026-04-06,Tabasco,Depresión,mujeres,46
2026-04-13,Tabasco,Depresión,general,85
2026-04-13,Tabasco,Depresión,hombres,47
2026-04-13,Tabasco,Depresión,mujeres,45
2026-04-20,Tabasco,Depresión,general,65
2026-04-20,Tabasco,Depresión,hombres,45
2026-04-20,Tabasco,Depresión,mujeres,40
2026-04-27,Tabasco,Depresión,general,66
2026-04-27,Tabasco,Depresión,hombres,34
2026-04-27,Tabasco,Depresión,mujeres,37
2026-05-04,Tabasco,Depresión,general,64
2026-05-04,Tabasco,Depresión,hombres,30
2026-05-04,Tabasco,Depresión,mujeres,41
2026-05-11,Tabasco,Depresión,general,80
2026-05-11,Tabasco,Depresión,hombres,35
2026-05-11,Tabasco,Depresión,mujeres,46
2026-05-18,Tabasco,Depresión,general,93
2026-05-18,Tabasco,Depresión,hombres,49
2026-05-18,Tabasco,Depresión,mujeres,56
2026-05-25,Tabasco,Depresión,general,87
2026-05-25,Tabasco,Depresión,hombres,54
2026-05-25,Tabasco,Depresión,mujeres,64
2026-06-01,Tabasco,Depresión,general,79
2026-06-01,Tabasco,Depresión,hombres,50
2026-06-01,Tabasco,Depresión,mujeres,66
2026-06-08,Tabasco,Depresión,general,65
2026-06-08,Tabasco,Depresión,hombres,42
2026-06-08,Tabasco,Depresión,mujeres,67
2026-06-15,Tabasco,Depresión,general,62
2026-06-15,Tabasco,Depresión,hombres,64
2026-06-15,Tabasco,Depresión,mujeres,62
2026-06-22,Tabasco,Depresión,general,87
2026-06-22,Tabasco,Depresión,hombres,65
2026-06-22,Tabasco,Depresión,mujeres,60
2026-06-29,Tabasco,Depresión,general,76
2026-06-29,Tabasco,Depresión,hombres,54
2026-06-29,Tabasco,Depresión,mujeres,46
2026-07-06,Tabasco,Depresión,general,71
2026-07-06,Tabasco,Depresión,hombres,61
2026-07-06,Tabasco,Depresión,mujeres,61
2026-07-13,Tabasco,Depresión,general,82
2026-07-13,Tabasco,Depresión,hombres,60
2026-07-13,Tabasco,Depresión,mujeres,54
2026-07-20,Tabasco,Depresión,general,84
2026-07-20,Tabasco,Depresión,hombres,76
2026-07-20,Tabasco,Depresión,mujeres,50
2026-07-27,Tabasco,Depresión,general,59
2026-07-27,Tabasco,Depresión,hombres,50
2026-07-27,Tabasco,Depresión,mujeres,47
2026-08-03,Tabasco,Depresión,general,67
2026-08-03,Tabasco,Depresión,hombres,56
2026-08-03,Tabasco,Depresión,mujeres,61
2026-08-10,Tabasco,Depresión,general,56
2026-08-10,Tabasco,Depresión,hombres,43
2026-08-10,Tabasco,Depresión,mujeres,48
2026-08-17,Tabasco,Depresión,general,50
2026-08-17,Tabasco,Depresión,hombres,47
2026-08-17,Tabasco,Depresión,mujeres,46
2026-08-24,Tabasco,Depresión,general,57
2026-08-24,Tabasco,Depresión,hombres,60
2026-08-24,Tabasco,Depresión,mujeres,51
2026-08-31,Tabasco,Depresión,general,50
2026-08-31,Tabasco,Depresión,hombres,43
2026-08-31,Tabasco,Depresión,mujeres,57
2026-09-07,Tabasco,Depresión,general,62
2026-09-07,Tabasco,Depresión,hombres,43
2026-09-07,Tabasco,Depresión,mujeres,56
2026-09-14,Tabasco,Depresión,general,53
2026-09-14,Tabasco,Depresión,hombres,43
2026-09-14,Tabasco,Depresión,mujeres,47
2026-09-21,Tabasco,Depresión,general,62
2026-09-21,Tabasco,Depresión,hombres,42
2026-09-21,Tabasco,Depresión,mujeres,46
2026-09-28,Tabasco,Depresión,general,73
2026-09-28,Tabasco,Depresión,hombres,47
2026-09-28,Tabasco,Depresión,mujeres,50
2026-10-05,Tabasco,Depresión,general,59
2026-10-05,Tabasco,Depresión,hombres,43
2026-10-05,Tabasco,Depresión,mujeres,58
2026-10-12,Tabasco,Depresión,general,67
2026-10-12,Tabasco,Depresión,hombres,38
2026-10-12,Tabasco,Depresión,mujeres,51
2026-10-19,Tabasco,Depresión,general,60
2026-10-19,Tabasco,Depresión,hombres,54
2026-10-19,Tabasco,Depresión,mujeres,49
2026-10-26,Tabasco,Depresión,general,53
2026-10-26,Tabasco,Depresión,hombres,40
2026-10-26,Tabasco,Depresión,mujeres,43
2026-11-02,Tabasco,Depresión,general,65
2026-11-02,Tabasco,Depresión,hombres,43
2026-11-02,Tabasco,Depresión,mujeres,55
2026-11-09,Tabasco,Depresión,general,62
2026-11-09,Tabasco,Depresión,hombres,61
2026-11-09,Tabasco,Depresión,mujeres,39
2026-11-16,Tabasco,Depresión,general,59
2026-11-16,Tabasco,Depresión,hombres,46
2026-11-16,Tabasco,Depresión,mujeres,34
2026-11-23,Tabasco,Depresión,general,52
2026-11-23,Tabasco,Depresión,hombres,38
2026-11-23,Tabasco,Depresión,mujeres,31
2026-11-30,Tabasco,Depresión,general,55
2026-11-30,Tabasco,Depresión,hombres,39
2026-11-30,Tabasco,Depresión,mujeres,30
2026-12-07,Tabasco,Depresión,general,45
2026-12-07,Tabasco,Depresión,hombres,45
2026-12-07,Tabasco,Depresión,mujeres,34
2026-12-14,Tabasco,Depresión,general,39
2026-12-14,Tabasco,Depresión,hombres,46
2026-12-14,Tabasco,Depresión,mujeres,34
2026-12-21,Tabasco,Depresión,general,34
2026-12-21,Tabasco,Depresión,hombres,27
2026-12-21,Tabasco,Depresión,mujeres,31
2026-12-28,Tabasco,Depresión,general,30
2026-12-28,Tabasco,Depresión,hombres,24
2026-12-28,Tabasco,Depresión,mujeres,25
2027-01-04,Tabasco,Depresión,general,40
2027-01-04,Tabasco,Depresión,hombres,40
2027-01-04,Tabasco,Depresión,mujeres,35
2027-01-11,Tabasco,Depresión,general,45
2027-01-11,Tabasco,Depresión,hombres,61
2027-01-11,Tabasco,Depresión,mujeres,45
2027-01-18,Tabasco,Depresión,general,40
2027-01-18,Tabasco,Depresión,hombres,35
2027-01-18,Tabasco,Depresión,mujeres,41
2027-01-25,Tabasco,Depresión,general,62
2027-01-25,Tabasco,Depresión,hombres,49
2027-01-25,Tabasco,Depresión,mujeres,46
2026-02-02,Tamaulipas,Depresión,general,46
2026-02-02,Tamaulipas,Depresión,hombres,28
2026-02-02,Tamaulipas,Depresión,mujeres,54
2026-02-09,Tamaulipas,Depresión,general,69
2026-02-09,Tamaulipas,Depresión,hombres,21
2026-02-09,Tamaulipas,Depresión,mujeres,53
2026-02-16,Tamaulipas,Depresión,general,50
2026-02-16,Tamaulipas,Depresión,hombres,14
2026-02-16,Tamaulipas,Depresión,mujeres,48
2026-02-23,Tamaulipas,Depresión,general,72
2026-02-23,Tamaulipas,Depresión,hombres,15
2026-02-23,Tamaulipas,Depresión,mujeres,48
2026-03-02,Tamaulipas,Depresión,general,56
2026-03-02,Tamaulipas,Depresión,hombres,26
2026-03-02,Tamaulipas,Depresión,mujeres,45
2026-03-09,Tamaulipas,Depresión,general,91
2026-03-09,Tamaulipas,Depresión,hombres,19
2026-03-09,Tamaulipas,Depresión,mujeres,45
2026-03-16,Tamaulipas,Depresión,general,64
2026-03-16,Tamaulipas,Depresión,hombres,10
2026-03-16,Tamaulipas,Depresión,mujeres,41
2026-03-23,Tamaulipas,Depresión,general,66
2026-03-23,Tamaulipas,Depresión,hombres,17
2026-03-23,Tamaulipas,Depresión,mujeres,47
2026-03-30,Tamaulipas,Depresión,general,71
2026-03-30,Tamaulipas,Depresión,hombres,15
2026-03-30,Tamaulipas,Depresión,mujeres,49
2026-04-06,Tamaulipas,Depresión,general,64
2026-04-06,Tamaulipas,Depresión,hombres,19
2026-04-06,Tamaulipas,Depresión,mujeres,53
2026-04-13,Tamaulipas,Depresión,general,92
2026-04-13,Tamaulipas,Depresión,hombres,17
2026-04-13,Tamaulipas,Depresión,mujeres,50
2026-04-20,Tamaulipas,Depresión,general,101
2026-04-20,Tamaulipas,Depresión,hombres,16
2026-04-20,Tamaulipas,Depresión,mujeres,62
2026-04-27,Tamaulipas,Depresión,general,78
2026-04-27,Tamaulipas,Depresión,hombres,16
2026-04-27,Tamaulipas,Depresión,mujeres,54
2026-05-04,Tamaulipas,Depresión,general,76
2026-05-04,Tamaulipas,Depresión,hombres,15
2026-05-04,Tamaulipas,Depresión,mujeres,36
2026-05-11,Tamaulipas,Depresión,general,49
2026-05-11,Tamaulipas,Depresión,hombres,18
2026-05-11,Tamaulipas,Depresión,mujeres,30
2026-05-18,Tamaulipas,Depresión,general,74
2026-05-18,Tamaulipas,Depresión,hombres,17
2026-05-18,Tamaulipas,Depresión,mujeres,54
2026-05-25,Tamaulipas,Depresión,general,65
2026-05-25,Tamaulipas,Depresión,hombres,21
2026-05-25,Tamaulipas,Depresión,mujeres,46
2026-06-01,Tamaulipas,Depresión,general,71
2026-06-01,Tamaulipas,Depresión,hombres,26
2026-06-01,Tamaulipas,Depresión,mujeres,54
2026-06-08,Tamaulipas,Depresión,general,77
2026-06-08,Tamaulipas,Depresión,hombres,24
2026-06-08,Tamaulipas,Depresión,mujeres,52
2026-06-15,Tamaulipas,Depresión,general,80
2026-06-15,Tamaulipas,Depresión,hombres,15
2026-06-15,Tamaulipas,Depresión,mujeres,53
2026-06-22,Tamaulipas,Depresión,general,65
2026-06-22,Tamaulipas,Depresión,hombres,16
2026-06-22,Tamaulipas,Depresión,mujeres,47
2026-06-29,Tamaulipas,Depresión,general,55
2026-06-29,Tamaulipas,Depresión,hombres,17
2026-06-29,Tamaulipas,Depresión,mujeres,47
2026-07-06,Tamaulipas,Depresión,general,74
2026-07-06,Tamaulipas,Depresión,hombres,17
2026-07-06,Tamaulipas,Depresión,mujeres,52
2026-07-13,Tamaulipas,Depresión,general,54
2026-07-13,Tamaulipas,Depresión,hombres,20
2026-07-13,Tamaulipas,Depresión,mujeres,43
2026-07-20,Tamaulipas,Depresión,general,62
2026-07-20,Tamaulipas,Depresión,hombres,19
2026-07-20,Tamaulipas,Depresión,mujeres,53
2026-07-27,Tamaulipas,Depresión,general,69
2026-07-27,Tamaulipas,Depresión,hombres,18
2026-07-27,Tamaulipas,Depresión,mujeres,47
2026-08-03,Tamaulipas,Depresión,general,75
2026-08-03,Tamaulipas,Depresión,hombres,21
2026-08-03,Tamaulipas,Depresión,mujeres,55
2026-08-10,Tamaulipas,Depresión,general,59
2026-08-10,Tamaulipas,Depresión,hombres,19
2026-08-10,Tamaulipas,Depresión,mujeres,60
2026-08-17,Tamaulipas,Depresión,general,68
2026-08-17,Tamaulipas,Depresión,hombres,14
2026-08-17,Tamaulipas,Depresión,mujeres,56
2026-08-24,Tamaulipas,Depresión,general,73
2026-08-24,Tamaulipas,Depresión,hombres,17
2026-08-24,Tamaulipas,Depresión,mujeres,51
2026-08-31,Tamaulipas,Depresión,general,53
2026-08-31,Tamaulipas,Depresión,hombres,17
2026-08-31,Tamaulipas,Depresión,mujeres,46
2026-09-07,Tamaulipas,Depresión,general,78
2026-09-07,Tamaulipas,Depresión,hombres,18
2026-09-07,Tamaulipas,Depresión,mujeres,55
2026-09-14,Tamaulipas,Depresión,general,66
2026-09-14,Tamaulipas,Depresión,hombres,20
2026-09-14,Tamaulipas,Depresión,mujeres,50
2026-09-21,Tamaulipas,Depresión,general,74
2026-09-21,Tamaulipas,Depresión,hombres,22
2026-09-21,Tamaulipas,Depresión,mujeres,59
2026-09-28,Tamaulipas,Depresión,general,73
2026-09-28,Tamaulipas,Depresión,hombres,17
2026-09-28,Tamaulipas,Depresión,mujeres,55
2026-10-05,Tamaulipas,Depresión,general,91
2026-10-05,Tamaulipas,Depresión,hombres,15
2026-10-05,Tamaulipas,Depresión,mujeres,59
2026-10-12,Tamaulipas,Depresión,general,75
2026-10-12,Tamaulipas,Depresión,hombres,17
2026-10-12,Tamaulipas,Depresión,mujeres,41
2026-10-19,Tamaulipas,Depresión,general,52
2026-10-19,Tamaulipas,Depresión,hombres,20
2026-10-19,Tamaulipas,Depresión,mujeres,39
2026-10-26,Tamaulipas,Depresión,general,54
2026-10-26,Tamaulipas,Depresión,hombres,13
2026-10-26,Tamaulipas,Depresión,mujeres,45
2026-11-02,Tamaulipas,Depresión,general,71
2026-11-02,Tamaulipas,Depresión,hombres,15
2026-11-02,Tamaulipas,Depresión,mujeres,49
2026-11-09,Tamaulipas,Depresión,general,63
2026-11-09,Tamaulipas,Depresión,hombres,15
2026-11-09,Tamaulipas,Depresión,mujeres,47
2026-11-16,Tamaulipas,Depresión,general,53
2026-11-16,Tamaulipas,Depresión,hombres,22
2026-11-16,Tamaulipas,Depresión,mujeres,47
2026-11-23,Tamaulipas,Depresión,general,56
2026-11-23,Tamaulipas,Depresión,hombres,13
2026-11-23,Tamaulipas,Depresión,mujeres,46
2026-11-30,Tamaulipas,Depresión,general,57
2026-11-30,Tamaulipas,Depresión,hombres,11
2026-11-30,Tamaulipas,Depresión,mujeres,46
2026-12-07,Tamaulipas,Depresión,general,68
2026-12-07,Tamaulipas,Depresión,hombres,17
2026-12-07,Tamaulipas,Depresión,mujeres,51
2026-12-14,Tamaulipas,Depresión,general,79
2026-12-14,Tamaulipas,Depresión,hombres,20
2026-12-14,Tamaulipas,Depresión,mujeres,68
2026-12-21,Tamaulipas,Depresión,general,60
2026-12-21,Tamaulipas,Depresión,hombres,17
2026-12-21,Tamaulipas,Depresión,mujeres,39
2026-12-28,Tamaulipas,Depresión,general,43
2026-12-28,Tamaulipas,Depresión,hombres,10
2026-12-28,Tamaulipas,Depresión,mujeres,36
2027-01-04,Tamaulipas,Depresión,general,60
2027-01-04,Tamaulipas,Depresión,hombres,19
2027-01-04,Tamaulipas,Depresión,mujeres,39
2027-01-11,Tamaulipas,Depresión,general,55
2027-01-11,Tamaulipas,Depresión,hombres,17
2027-01-11,Tamaulipas,Depresión,mujeres,39
2027-01-18,Tamaulipas,Depresión,general,46
2027-01-18,Tamaulipas,Depresión,hombres,13
2027-01-18,Tamaulipas,Depresión,mujeres,32
2027-01-25,Tamaulipas,Depresión,general,52
2027-01-25,Tamaulipas,Depresión,hombres,13
2027-01-25,Tamaulipas,Depresión,mujeres,40
2026-02-02,Tlaxcala,Depresión,general,18
2026-02-02,Tlaxcala,Depresión,hombres,7
2026-02-02,Tlaxcala,Depresión,mujeres,8
2026-02-09,Tlaxcala,Depresión,general,23
2026-02-09,Tlaxcala,Depresión,hombres,4
2026-02-09,Tlaxcala,Depresión,mujeres,20
2026-02-16,Tlaxcala,Depresión,general,23
2026-02-16,Tlaxcala,Depresión,hombres,3
2026-02-16,Tlaxcala,Depresión,mujeres,13
2026-02-23,Tlaxcala,Depresión,general,21
2026-02-23,Tlaxcala,Depresión,hombres,8
2026-02-23,Tlaxcala,Depresión,mujeres,9
2026-03-02,Tlaxcala,Depresión,general,28
2026-03-02,Tlaxcala,Depresión,hombres,6
2026-03-02,Tlaxcala,Depresión,mujeres,11
2026-03-09,Tlaxcala,Depresión,general,31
2026-03-09,Tlaxcala,Depresión,hombres,5
2026-03-09,Tlaxcala,Depresión,mujeres,19
2026-03-16,Tlaxcala,Depresión,general,34
2026-03-16,Tlaxcala,Depresión,hombres,7
2026-03-16,Tlaxcala,Depresión,mujeres,11
2026-03-23,Tlaxcala,Depresión,general,28
2026-03-23,Tlaxcala,Depresión,hombres,8
2026-03-23,Tlaxcala,Depresión,mujeres,9
2026-03-30,Tlaxcala,Depresión,general,38
2026-03-30,Tlaxcala,Depresión,hombres,8
2026-03-30,Tlaxcala,Depresión,mujeres,17
2026-04-06,Tlaxcala,Depresión,general,34
2026-04-06,Tlaxcala,Depresión,hombres,5
2026-04-06,Tlaxcala,Depresión,mujeres,20
2026-04-13,Tlaxcala,Depresión,general,30
2026-04-13,Tlaxcala,Depresión,hombres,6
2026-04-13,Tlaxcala,Depresión,mujeres,12
2026-04-20,Tlaxcala,Depresión,general,30
2026-04-20,Tlaxcala,Depresión,hombres,4
2026-04-20,Tlaxcala,Depresión,mujeres,14
2026-04-27,Tlaxcala,Depresión,general,36
2026-04-27,Tlaxcala,Depresión,hombres,2
2026-04-27,Tlaxcala,Depresión,mujeres,19
2026-05-04,Tlaxcala,Depresión,general,28
2026-05-04,Tlaxcala,Depresión,hombres,5
2026-05-04,Tlaxcala,Depresión,mujeres,20
2026-05-11,Tlaxcala,Depresión,general,35
2026-05-11,Tlaxcala,Depresión,hombres,6
2026-05-11,Tlaxcala,Depresión,mujeres,14
2026-05-18,Tlaxcala,Depresión,general,29
2026-05-18,Tlaxcala,Depresión,hombres,9
2026-05-18,Tlaxcala,Depresión,mujeres,14
2026-05-25,Tlaxcala,Depresión,general,28
2026-05-25,Tlaxcala,Depresión,hombres,8
2026-05-25,Tlaxcala,Depresión,mujeres,22
2026-06-01,Tlaxcala,Depresión,general,32
2026-06-01,Tlaxcala,Depresión,hombres,8
2026-06-01,Tlaxcala,Depresión,mujeres,24
2026-06-08,Tlaxcala,Depresión,general,28
2026-06-08,Tlaxcala,Depresión,hombres,6
2026-06-08,Tlaxcala,Depresión,mujeres,23
2026-06-15,Tlaxcala,Depresión,general,31
2026-06-15,Tlaxcala,Depresión,hombres,6
2026-06-15,Tlaxcala,Depresión,mujeres,19
2026-06-22,Tlaxcala,Depresión,general,27
2026-06-22,Tlaxcala,Depresión,hombres,5
2026-06-22,Tlaxcala,Depresión,mujeres,18
2026-06-29,Tlaxcala,Depresión,general,27
2026-06-29,Tlaxcala,Depresión,hombres,5
2026-06-29,Tlaxcala,Depresión,mujeres,19
2026-07-06,Tlaxcala,Depresión,general,35
2026-07-06,Tlaxcala,Depresión,hombres,9
2026-07-06,Tlaxcala,Depresión,mujeres,21
2026-07-13,Tlaxcala,Depresión,general,36
2026-07-13,Tlaxcala,Depresión,hombres,9
2026-07-13,Tlaxcala,Depresión,mujeres,24
2026-07-20,Tlaxcala,Depresión,general,28
2026-07-20,Tlaxcala,Depresión,hombres,7
2026-07-20,Tlaxcala,Depresión,mujeres,18
2026-07-27,Tlaxcala,Depresión,general,26
2026-07-27,Tlaxcala,Depresión,hombres,3
2026-07-27,Tlaxcala,Depresión,mujeres,19
2026-08-03,Tlaxcala,Depresión,general,27
2026-08-03,Tlaxcala,Depresión,hombres,9
2026-08-03,Tlaxcala,Depresión,mujeres,21
2026-08-10,Tlaxcala,Depresión,general,35
2026-08-10,Tlaxcala,Depresión,hombres,9
2026-08-10,Tlaxcala,Depresión,mujeres,22
2026-08-17,Tlaxcala,Depresión,general,30
2026-08-17,Tlaxcala,Depresión,hombres,5
2026-08-17,Tlaxcala,Depresión,mujeres,17
2026-08-24,Tlaxcala,Depresión,general,14
2026-08-24,Tlaxcala,Depresión,hombres,4
2026-08-24,Tlaxcala,Depresión,mujeres,20
2026-08-31,Tlaxcala,Depresión,general,18
2026-08-31,Tlaxcala,Depresión,hombres,3
2026-08-31,Tlaxcala,Depresión,mujeres,19
2026-09-07,Tlaxcala,Depresión,general,30
2026-09-07,Tlaxcala,Depresión,hombres,9
2026-09-07,Tlaxcala,Depresión,mujeres,17
2026-09-14,Tlaxcala,Depresión,general,24
2026-09-14,Tlaxcala,Depresión,hombres,10
2026-09-14,Tlaxcala,Depresión,mujeres,23
2026-09-21,Tlaxcala,Depresión,general,22
2026-09-21,Tlaxcala,Depresión,hombres,8
2026-09-21,Tlaxcala,Depresión,mujeres,22
2026-09-28,Tlaxcala,Depresión,general,17
2026-09-28,Tlaxcala,Depresión,hombres,2
2026-09-28,Tlaxcala,Depresión,mujeres,17
2026-10-05,Tlaxcala,Depresión,general,25
2026-10-05,Tlaxcala,Depresión,hombres,9
2026-10-05,Tlaxcala,Depresión,mujeres,24
2026-10-12,Tlaxcala,Depresión,general,30
2026-10-12,Tlaxcala,Depresión,hombres,9
2026-10-12,Tlaxcala,Depresión,mujeres,20
2026-10-19,Tlaxcala,Depresión,general,23
2026-10-19,Tlaxcala,Depresión,hombres,6
2026-10-19,Tlaxcala,Depresión,mujeres,14
2026-10-26,Tlaxcala,Depresión,general,20
2026-10-26,Tlaxcala,Depresión,hombres,3
2026-10-26,Tlaxcala,Depresión,mujeres,13
2026-11-02,Tlaxcala,Depresión,general,18
2026-11-02,Tlaxcala,Depresión,hombres,6
2026-11-02,Tlaxcala,Depresión,mujeres,25
2026-11-09,Tlaxcala,Depresión,general,31
2026-11-09,Tlaxcala,Depresión,hombres,8
2026-11-09,Tlaxcala,Depresión,mujeres,19
2026-11-16,Tlaxcala,Depresión,general,26
2026-11-16,Tlaxcala,Depresión,hombres,9
2026-11-16,Tlaxcala,Depresión,mujeres,16
2026-11-23,Tlaxcala,Depresión,general,19
2026-11-23,Tlaxcala,Depresión,hombres,5
2026-11-23,Tlaxcala,Depresión,mujeres,17
2026-11-30,Tlaxcala,Depresión,general,16
2026-11-30,Tlaxcala,Depresión,hombres,4
2026-11-30,Tlaxcala,Depresión,mujeres,19
2026-12-07,Tlaxcala,Depresión,general,15
2026-12-07,Tlaxcala,Depresión,hombres,3
2026-12-07,Tlaxcala,Depresión,mujeres,18
2026-12-14,Tlaxcala,Depresión,general,28
2026-12-14,Tlaxcala,Depresión,hombres,8
2026-12-14,Tlaxcala,Depresión,mujeres,17
2026-12-21,Tlaxcala,Depresión,general,13
2026-12-21,Tlaxcala,Depresión,hombres,5
2026-12-21,Tlaxcala,Depresión,mujeres,17
2026-12-28,Tlaxcala,Depresión,general,15
2026-12-28,Tlaxcala,Depresión,hombres,3
2026-12-28,Tlaxcala,Depresión,mujeres,13
2027-01-04,Tlaxcala,Depresión,general,11
2027-01-04,Tlaxcala,Depresión,hombres,3
2027-01-04,Tlaxcala,Depresión,mujeres,18
2027-01-11,Tlaxcala,Depresión,general,14
2027-01-11,Tlaxcala,Depresión,hombres,7
2027-01-11,Tlaxcala,Depresión,mujeres,18
2027-01-18,Tlaxcala,Depresión,general,27
2027-01-18,Tlaxcala,Depresión,hombres,5
2027-01-18,Tlaxcala,Depresión,mujeres,17
2027-01-25,Tlaxcala,Depresión,general,15
2027-01-25,Tlaxcala,Depresión,hombres,5
2027-01-25,Tlaxcala,Depresión,mujeres,13
2026-02-02,Veracruz,Depresión,general,120
2026-02-02,Veracruz,Depresión,hombres,30
2026-02-02,Veracruz,Depresión,mujeres,91
2026-02-09,Veracruz,Depresión,general,115
2026-02-09,Veracruz,Depresión,hombres,36
2026-02-09,Veracruz,Depresión,mujeres,78
2026-02-16,Veracruz,Depresión,general,139
2026-02-16,Veracruz,Depresión,hombres,34
2026-02-16,Veracruz,Depresión,mujeres,94
2026-02-23,Veracruz,Depresión,general,136
2026-02-23,Veracruz,Depresión,hombres,43
2026-02-23,Veracruz,Depresión,mujeres,103
2026-03-02,Veracruz,Depresión,general,134
2026-03-02,Veracruz,Depresión,hombres,25
2026-03-02,Veracruz,Depresión,mujeres,114
2026-03-09,Veracruz,Depresión,general,140
2026-03-09,Veracruz,Depresión,hombres,25
2026-03-09,Veracruz,Depresión,mujeres,114
2026-03-16,Veracruz,Depresión,general,151
2026-03-16,Veracruz,Depresión,hombres,36
2026-03-16,Veracruz,Depresión,mujeres,101
2026-03-23,Veracruz,Depresión,general,142
2026-03-23,Veracruz,Depresión,hombres,26
2026-03-23,Veracruz,Depresión,mujeres,132
2026-03-30,Veracruz,Depresión,general,119
2026-03-30,Veracruz,Depresión,hombres,24
2026-03-30,Veracruz,Depresión,mujeres,104
2026-04-06,Veracruz,Depresión,general,123
2026-04-06,Veracruz,Depresión,hombres,13
2026-04-06,Veracruz,Depresión,mujeres,99
2026-04-13,Veracruz,Depresión,general,119
2026-04-13,Veracruz,Depresión,hombres,24
2026-04-13,Veracruz,Depresión,mujeres,110
2026-04-20,Veracruz,Depresión,general,148
2026-04-20,Veracruz,Depresión,hombres,22
2026-04-20,Veracruz,Depresión,mujeres,100
2026-04-27,Veracruz,Depresión,general,112
2026-04-27,Veracruz,Depresión,hombres,15
2026-04-27,Veracruz,Depresión,mujeres,121
2026-05-04,Veracruz,Depresión,general,101
2026-05-04,Veracruz,Depresión,hombres,14
2026-05-04,Veracruz,Depresión,mujeres,76
2026-05-11,Veracruz,Depresión,general,119
2026-05-11,Veracruz,Depresión,hombres,15
2026-05-11,Veracruz,Depresión,mujeres,105
2026-05-18,Veracruz,Depresión,general,161
2026-05-18,Veracruz,Depresión,hombres,23
2026-05-18,Veracruz,Depresión,mujeres,104
2026-05-25,Veracruz,Depresión,general,131
2026-05-25,Veracruz,Depresión,hombres,22
2026-05-25,Veracruz,Depresión,mujeres,89
2026-06-01,Veracruz,Depresión,general,126
2026-06-01,Veracruz,Depresión,hombres,25
2026-06-01,Veracruz,Depresión,mujeres,100
2026-06-08,Veracruz,Depresión,general,141
2026-06-08,Veracruz,Depresión,hombres,16
2026-06-08,Veracruz,Depresión,mujeres,111
2026-06-15,Veracruz,Depresión,general,129
2026-06-15,Veracruz,Depresión,hombres,23
2026-06-15,Veracruz,Depresión,mujeres,108
2026-06-22,Veracruz,Depresión,general,111
2026-06-22,Veracruz,Depresión,hombres,19
2026-06-22,Veracruz,Depresión,mujeres,107
2026-06-29,Veracruz,Depresión,general,120
2026-06-29,Veracruz,Depresión,hombres,21
2026-06-29,Veracruz,Depresión,mujeres,104
2026-07-06,Veracruz,Depresión,general,152
2026-07-06,Veracruz,Depresión,hombres,15
2026-07-06,Veracruz,Depresión,mujeres,122
2026-07-13,Veracruz,Depresión,general,154
2026-07-13,Veracruz,Depresión,hombres,20
2026-07-13,Veracruz,Depresión,mujeres,105
2026-07-20,Veracruz,Depresión,general,170
2026-07-20,Veracruz,Depresión,hombres,28
2026-07-20,Veracruz,Depresión,mujeres,99
2026-07-27,Veracruz,Depresión,general,156
2026-07-27,Veracruz,Depresión,hombres,30
2026-07-27,Veracruz,Depresión,mujeres,112
2026-08-03,Veracruz,Depresión,general,124
2026-08-03,Veracruz,Depresión,hombres,28
2026-08-03,Veracruz,Depresión,mujeres,97
2026-08-10,Veracruz,Depresión,general,121
2026-08-10,Veracruz,Depresión,hombres,18
2026-08-10,Veracruz,Depresión,mujeres,106
2026-08-17,Veracruz,Depresión,general,170
2026-08-17,Veracruz,Depresión,hombres,32
2026-08-17,Veracruz,Depresión,mujeres,113
2026-08-24,Veracruz,Depresión,general,145
2026-08-24,Veracruz,Depresión,hombres,34
2026-08-24,Veracruz,Depresión,mujeres,92
2026-08-31,Veracruz,Depresión,general,125
2026-08-31,Veracruz,Depresión,hombres,21
2026-08-31,Veracruz,Depresión,mujeres,75
2026-09-07,Veracruz,Depresión,general,133
2026-09-07,Veracruz,Depresión,hombres,27
2026-09-07,Veracruz,Depresión,mujeres,91
2026-09-14,Veracruz,Depresión,general,140
2026-09-14,Veracruz,Depresión,hombres,24
2026-09-14,Veracruz,Depresión,mujeres,81
2026-09-21,Veracruz,Depresión,general,141
2026-09-21,Veracruz,Depresión,hombres,26
2026-09-21,Veracruz,Depresión,mujeres,107
2026-09-28,Veracruz,Depresión,general,125
2026-09-28,Veracruz,Depresión,hombres,32
2026-09-28,Veracruz,Depresión,mujeres,106
2026-10-05,Veracruz,Depresión,general,121
2026-10-05,Veracruz,Depresión,hombres,28
2026-10-05,Veracruz,Depresión,mujeres,95
2026-10-12,Veracruz,Depresión,general,102
2026-10-12,Veracruz,Depresión,hombres,26
2026-10-12,Veracruz,Depresión,mujeres,85
2026-10-19,Veracruz,Depresión,general,96
2026-10-19,Veracruz,Depresión,hombres,22
2026-10-19,Veracruz,Depresión,mujeres,79
2026-10-26,Veracruz,Depresión,general,75
2026-10-26,Veracruz,Depresión,hombres,23
2026-10-26,Veracruz,Depresión,mujeres,42
2026-11-02,Veracruz,Depresión,general,107
2026-11-02,Veracruz,Depresión,hombres,27
2026-11-02,Veracruz,Depresión,mujeres,82
2026-11-09,Veracruz,Depresión,general,93
2026-11-09,Veracruz,Depresión,hombres,27
2026-11-09,Veracruz,Depresión,mujeres,80
2026-11-16,Veracruz,Depresión,general,95
2026-11-16,Veracruz,Depresión,hombres,21
2026-11-16,Veracruz,Depresión,mujeres,79
2026-11-23,Veracruz,Depresión,general,73
2026-11-23,Veracruz,Depresión,hombres,23
2026-11-23,Veracruz,Depresión,mujeres,83
2026-11-30,Veracruz,Depresión,general,76
2026-11-30,Veracruz,Depresión,hombres,23
2026-11-30,Veracruz,Depresión,mujeres,75
2026-12-07,Veracruz,Depresión,general,103
2026-12-07,Veracruz,Depresión,hombres,25
2026-12-07,Veracruz,Depresión,mujeres,88
2026-12-14,Veracruz,Depresión,general,60
2026-12-14,Veracruz,Depresión,hombres,23
2026-12-14,Veracruz,Depresión,mujeres,54
2026-12-21,Veracruz,Depresión,general,32
2026-12-21,Veracruz,Depresión,hombres,15
2026-12-21,Veracruz,Depresión,mujeres,37
2026-12-28,Veracruz,Depresión,general,27
2026-12-28,Veracruz,Depresión,hombres,10
2026-12-28,Veracruz,Depresión,mujeres,28
2027-01-04,Veracruz,Depresión,general,79
2027-01-04,Veracruz,Depresión,hombres,17
2027-01-04,Veracruz,Depresión,mujeres,73
2027-01-11,Veracruz,Depresión,general,128
2027-01-11,Veracruz,Depresión,hombres,26
2027-01-11,Veracruz,Depresión,mujeres,92
2027-01-18,Veracruz,Depresión,general,123
2027-01-18,Veracruz,Depresión,hombres,29
2027-01-18,Veracruz,Depresión,mujeres,96
2027-01-25,Veracruz,Depresión,general,125
2027-01-25,Veracruz,Depresión,hombres,27
2027-01-25,Veracruz,Depresión,mujeres,105
2026-02-02,Yucatán,Depresión,general,74
2026-02-02,Yucatán,Depresión,hombres,28
2026-02-02,Yucatán,Depresión,mujeres,66
2026-02-09,Yucatán,Depresión,general,71
2026-02-09,Yucatán,Depresión,hombres,31
2026-02-09,Yucatán,Depresión,mujeres,51
2026-02-16,Yucatán,Depresión,general,78
2026-02-16,Yucatán,Depresión,hombres,32
2026-02-16,Yucatán,Depresión,mujeres,87
2026-02-23,Yucatán,Depresión,general,85
2026-02-23,Yucatán,Depresión,hombres,30
2026-02-23,Yucatán,Depresión,mujeres,86
2026-03-02,Yucatán,Depresión,general,83
2026-03-02,Yucatán,Depresión,hombres,27
2026-03-02,Yucatán,Depresión,mujeres,79
2026-03-09,Yucatán,Depresión,general,107
2026-03-09,Yucatán,Depresión,hombres,38
2026-03-09,Yucatán,Depresión,mujeres,73
2026-03-16,Yucatán,Depresión,general,91
2026-03-16,Yucatán,Depresión,hombres,35
2026-03-16,Yucatán,Depresión,mujeres,78
2026-03-23,Yucatán,Depresión,general,88
2026-03-23,Yucatán,Depresión,hombres,30
2026-03-23,Yucatán,Depresión,mujeres,76
2026-03-30,Yucatán,Depresión,general,95
2026-03-30,Yucatán,Depresión,hombres,34
2026-03-30,Yucatán,Depresión,mujeres,87
2026-04-06,Yucatán,Depresión,general,73
2026-04-06,Yucatán,Depresión,hombres,28
2026-04-06,Yucatán,Depresión,mujeres,78
2026-04-13,Yucatán,Depresión,general,94
2026-04-13,Yucatán,Depresión,hombres,39
2026-04-13,Yucatán,Depresión,mujeres,78
2026-04-20,Yucatán,Depresión,general,88
2026-04-20,Yucatán,Depresión,hombres,17
2026-04-20,Yucatán,Depresión,mujeres,68
2026-04-27,Yucatán,Depresión,general,76
2026-04-27,Yucatán,Depresión,hombres,24
2026-04-27,Yucatán,Depresión,mujeres,64
2026-05-04,Yucatán,Depresión,general,52
2026-05-04,Yucatán,Depresión,hombres,22
2026-05-04,Yucatán,Depresión,mujeres,52
2026-05-11,Yucatán,Depresión,general,75
2026-05-11,Yucatán,Depresión,hombres,29
2026-05-11,Yucatán,Depresión,mujeres,57
2026-05-18,Yucatán,Depresión,general,77
2026-05-18,Yucatán,Depresión,hombres,38
2026-05-18,Yucatán,Depresión,mujeres,62
2026-05-25,Yucatán,Depresión,general,78
2026-05-25,Yucatán,Depresión,hombres,35
2026-05-25,Yucatán,Depresión,mujeres,55
2026-06-01,Yucatán,Depresión,general,96
2026-06-01,Yucatán,Depresión,hombres,37
2026-06-01,Yucatán,Depresión,mujeres,58
2026-06-08,Yucatán,Depresión,general,110
2026-06-08,Yucatán,Depresión,hombres,35
2026-06-08,Yucatán,Depresión,mujeres,65
2026-06-15,Yucatán,Depresión,general,101
2026-06-15,Yucatán,Depresión,hombres,19
2026-06-15,Yucatán,Depresión,mujeres,78
2026-06-22,Yucatán,Depresión,general,100
2026-06-22,Yucatán,Depresión,hombres,35
2026-06-22,Yucatán,Depresión,mujeres,79
2026-06-29,Yucatán,Depresión,general,103
2026-06-29,Yucatán,Depresión,hombres,21
2026-06-29,Yucatán,Depresión,mujeres,104
2026-07-06,Yucatán,Depresión,general,85
2026-07-06,Yucatán,Depresión,hombres,33
2026-07-06,Yucatán,Depresión,mujeres,79
2026-07-13,Yucatán,Depresión,general,98
2026-07-13,Yucatán,Depresión,hombres,19
2026-07-13,Yucatán,Depresión,mujeres,86
2026-07-20,Yucatán,Depresión,general,95
2026-07-20,Yucatán,Depresión,hombres,25
2026-07-20,Yucatán,Depresión,mujeres,90
2026-07-27,Yucatán,Depresión,general,100
2026-07-27,Yucatán,Depresión,hombres,35
2026-07-27,Yucatán,Depresión,mujeres,96
2026-08-03,Yucatán,Depresión,general,102
2026-08-03,Yucatán,Depresión,hombres,32
2026-08-03,Yucatán,Depresión,mujeres,93
2026-08-10,Yucatán,Depresión,general,94
2026-08-10,Yucatán,Depresión,hombres,29
2026-08-10,Yucatán,Depresión,mujeres,96
2026-08-17,Yucatán,Depresión,general,89
2026-08-17,Yucatán,Depresión,hombres,20
2026-08-17,Yucatán,Depresión,mujeres,78
2026-08-24,Yucatán,Depresión,general,90
2026-08-24,Yucatán,Depresión,hombres,34
2026-08-24,Yucatán,Depresión,mujeres,95
2026-08-31,Yucatán,Depresión,general,76
2026-08-31,Yucatán,Depresión,hombres,22
2026-08-31,Yucatán,Depresión,mujeres,82
2026-09-07,Yucatán,Depresión,general,74
2026-09-07,Yucatán,Depresión,hombres,27
2026-09-07,Yucatán,Depresión,mujeres,73
2026-09-14,Yucatán,Depresión,general,77
2026-09-14,Yucatán,Depresión,hombres,32
2026-09-14,Yucatán,Depresión,mujeres,77
2026-09-21,Yucatán,Depresión,general,60
2026-09-21,Yucatán,Depresión,hombres,23
2026-09-21,Yucatán,Depresión,mujeres,68
2026-09-28,Yucatán,Depresión,general,47
2026-09-28,Yucatán,Depresión,hombres,28
2026-09-28,Yucatán,Depresión,mujeres,79
2026-10-05,Yucatán,Depresión,general,62
2026-10-05,Yucatán,Depresión,hombres,27
2026-10-05,Yucatán,Depresión,mujeres,81
2026-10-12,Yucatán,Depresión,general,70
2026-10-12,Yucatán,Depresión,hombres,27
2026-10-12,Yucatán,Depresión,mujeres,96
2026-10-19,Yucatán,Depresión,general,74
2026-10-19,Yucatán,Depresión,hombres,36
2026-10-19,Yucatán,Depresión,mujeres,83
2026-10-26,Yucatán,Depresión,general,91
2026-10-26,Yucatán,Depresión,hombres,32
2026-10-26,Yucatán,Depresión,mujeres,108
2026-11-02,Yucatán,Depresión,general,89
2026-11-02,Yucatán,Depresión,hombres,27
2026-11-02,Yucatán,Depresión,mujeres,76
2026-11-09,Yucatán,Depresión,general,88
2026-11-09,Yucatán,Depresión,hombres,35
2026-11-09,Yucatán,Depresión,mujeres,104
2026-11-16,Yucatán,Depresión,general,70
2026-11-16,Yucatán,Depresión,hombres,18
2026-11-16,Yucatán,Depresión,mujeres,74
2026-11-23,Yucatán,Depresión,general,64
2026-11-23,Yucatán,Depresión,hombres,14
2026-11-23,Yucatán,Depresión,mujeres,86
2026-11-30,Yucatán,Depresión,general,47
2026-11-30,Yucatán,Depresión,hombres,36
2026-11-30,Yucatán,Depresión,mujeres,73
2026-12-07,Yucatán,Depresión,general,55
2026-12-07,Yucatán,Depresión,hombres,30
2026-12-07,Yucatán,Depresión,mujeres,56
2026-12-14,Yucatán,Depresión,general,62
2026-12-14,Yucatán,Depresión,hombres,21
2026-12-14,Yucatán,Depresión,mujeres,53
2026-12-21,Yucatán,Depresión,general,52
2026-12-21,Yucatán,Depresión,hombres,13
2026-12-21,Yucatán,Depresión,mujeres,45
2026-12-28,Yucatán,Depresión,general,55
2026-12-28,Yucatán,Depresión,hombres,11
2026-12-28,Yucatán,Depresión,mujeres,48
2027-01-04,Yucatán,Depresión,general,57
2027-01-04,Yucatán,Depresión,hombres,15
2027-01-04,Yucatán,Depresión,mujeres,59
2027-01-11,Yucatán,Depresión,general,84
2027-01-11,Yucatán,Depresión,hombres,22
2027-01-11,Yucatán,Depresión,mujeres,77
2027-01-18,Yucatán,Depresión,general,82
2027-01-18,Yucatán,Depresión,hombres,38
2027-01-18,Yucatán,Depresión,mujeres,84
2027-01-25,Yucatán,Depresión,general,86
2027-01-25,Yucatán,Depresión,hombres,36
2027-01-25,Yucatán,Depresión,mujeres,89
2026-02-02,Zacatecas,Depresión,general,63
2026-02-02,Zacatecas,Depresión,hombres,13
2026-02-02,Zacatecas,Depresión,mujeres,45
2026-02-09,Zacatecas,Depresión,general,55
2026-02-09,Zacatecas,Depresión,hombres,7
2026-02-09,Zacatecas,Depresión,mujeres,44
2026-02-16,Zacatecas,Depresión,general,57
2026-02-16,Zacatecas,Depresión,hombres,7
2026-02-16,Zacatecas,Depresión,mujeres,51
2026-02-23,Zacatecas,Depresión,general,49
2026-02-23,Zacatecas,Depresión,hombres,12
2026-02-23,Zacatecas,Depresión,mujeres,49
2026-03-02,Zacatecas,Depresión,general,48
2026-03-02,Zacatecas,Depresión,hombres,11
2026-03-02,Zacatecas,Depresión,mujeres,44
2026-03-09,Zacatecas,Depresión,general,58
2026-03-09,Zacatecas,Depresión,hombres,11
2026-03-09,Zacatecas,Depresión,mujeres,48
2026-03-16,Zacatecas,Depresión,general,53
2026-03-16,Zacatecas,Depresión,hombres,11
2026-03-16,Zacatecas,Depresión,mujeres,46
2026-03-23,Zacatecas,Depresión,general,49
2026-03-23,Zacatecas,Depresión,hombres,9
2026-03-23,Zacatecas,Depresión,mujeres,42
2026-03-30,Zacatecas,Depresión,general,45
2026-03-30,Zacatecas,Depresión,hombres,11
2026-03-30,Zacatecas,Depresión,mujeres,37
2026-04-06,Zacatecas,Depresión,general,47
2026-04-06,Zacatecas,Depresión,hombres,10
2026-04-06,Zacatecas,Depresión,mujeres,37
2026-04-13,Zacatecas,Depresión,general,53
2026-04-13,Zacatecas,Depresión,hombres,11
2026-04-13,Zacatecas,Depresión,mujeres,37
2026-04-20,Zacatecas,Depresión,general,47
2026-04-20,Zacatecas,Depresión,hombres,13
2026-04-20,Zacatecas,Depresión,mujeres,33
2026-04-27,Zacatecas,Depresión,general,44
2026-04-27,Zacatecas,Depresión,hombres,10
2026-04-27,Zacatecas,Depresión,mujeres,31
2026-05-04,Zacatecas,Depresión,general,52
2026-05-04,Zacatecas,Depresión,hombres,8
2026-05-04,Zacatecas,Depresión,mujeres,29
2026-05-11,Zacatecas,Depresión,general,55
2026-05-11,Zacatecas,Depresión,hombres,11
2026-05-11,Zacatecas,Depresión,mujeres,30
2026-05-18,Zacatecas,Depresión,general,50
2026-05-18,Zacatecas,Depresión,hombres,8
2026-05-18,Zacatecas,Depresión,mujeres,33
2026-05-25,Zacatecas,Depresión,general,69
2026-05-25,Zacatecas,Depresión,hombres,11
2026-05-25,Zacatecas,Depresión,mujeres,37
2026-06-01,Zacatecas,Depresión,general,68
2026-06-01,Zacatecas,Depresión,hombres,14
2026-06-01,Zacatecas,Depresión,mujeres,36
2026-06-08,Zacatecas,Depresión,general,63
2026-06-08,Zacatecas,Depresión,hombres,13
2026-06-08,Zacatecas,Depresión,mujeres,38
2026-06-15,Zacatecas,Depresión,general,55
2026-06-15,Zacatecas,Depresión,hombres,15
2026-06-15,Zacatecas,Depresión,mujeres,38
2026-06-22,Zacatecas,Depresión,general,52
2026-06-22,Zacatecas,Depresión,hombres,16
2026-06-22,Zacatecas,Depresión,mujeres,40
2026-06-29,Zacatecas,Depresión,general,62
2026-06-29,Zacatecas,Depresión,hombres,18
2026-06-29,Zacatecas,Depresión,mujeres,39
2026-07-06,Zacatecas,Depresión,general,52
2026-07-06,Zacatecas,Depresión,hombres,15
2026-07-06,Zacatecas,Depresión,mujeres,32
2026-07-13,Zacatecas,Depresión,general,66
2026-07-13,Zacatecas,Depresión,hombres,14
2026-07-13,Zacatecas,Depresión,mujeres,30
2026-07-20,Zacatecas,Depresión,general,47
2026-07-20,Zacatecas,Depresión,hombres,13
2026-07-20,Zacatecas,Depresión,mujeres,38
2026-07-27,Zacatecas,Depresión,general,60
2026-07-27,Zacatecas,Depresión,hombres,9
2026-07-27,Zacatecas,Depresión,mujeres,28
2026-08-03,Zacatecas,Depresión,general,67
2026-08-03,Zacatecas,Depresión,hombres,10
2026-08-03,Zacatecas,Depresión,mujeres,34
2026-08-10,Zacatecas,Depresión,general,58
2026-08-10,Zacatecas,Depresión,hombres,14
2026-08-10,Zacatecas,Depresión,mujeres,52
2026-08-17,Zacatecas,Depresión,general,49
2026-08-17,Zacatecas,Depresión,hombres,8
2026-08-17,Zacatecas,Depresión,mujeres,53
2026-08-24,Zacatecas,Depresión,general,58
2026-08-24,Zacatecas,Depresión,hombres,14
2026-08-24,Zacatecas,Depresión,mujeres,34
2026-08-31,Zacatecas,Depresión,general,40
2026-08-31,Zacatecas,Depresión,hombres,16
2026-08-31,Zacatecas,Depresión,mujeres,32
2026-09-07,Zacatecas,Depresión,general,67
2026-09-07,Zacatecas,Depresión,hombres,5
2026-09-07,Zacatecas,Depresión,mujeres,40
2026-09-14,Zacatecas,Depresión,general,63
2026-09-14,Zacatecas,Depresión,hombres,9
2026-09-14,Zacatecas,Depresión,mujeres,42
2026-09-21,Zacatecas,Depresión,general,54
2026-09-21,Zacatecas,Depresión,hombres,6
2026-09-21,Zacatecas,Depresión,mujeres,28
2026-09-28,Zacatecas,Depresión,general,59
2026-09-28,Zacatecas,Depresión,hombres,9
2026-09-28,Zacatecas,Depresión,mujeres,36
2026-10-05,Zacatecas,Depresión,general,72
2026-10-05,Zacatecas,Depresión,hombres,14
2026-10-05,Zacatecas,Depresión,mujeres,39
2026-10-12,Zacatecas,Depresión,general,60
2026-10-12,Zacatecas,Depresión,hombres,7
2026-10-12,Zacatecas,Depresión,mujeres,39
2026-10-19,Zacatecas,Depresión,general,59
2026-10-19,Zacatecas,Depresión,hombres,10
2026-10-19,Zacatecas,Depresión,mujeres,39
2026-10-26,Zacatecas,Depresión,general,59
2026-10-26,Zacatecas,Depresión,hombres,10
2026-10-26,Zacatecas,Depresión,mujeres,41
2026-11-02,Zacatecas,Depresión,general,61
2026-11-02,Zacatecas,Depresión,hombres,6
2026-11-02,Zacatecas,Depresión,mujeres,39
2026-11-09,Zacatecas,Depresión,general,62
2026-11-09,Zacatecas,Depresión,hombres,10
2026-11-09,Zacatecas,Depresión,mujeres,30
2026-11-16,Zacatecas,Depresión,general,59
2026-11-16,Zacatecas,Depresión,hombres,15
2026-11-16,Zacatecas,Depresión,mujeres,25
2026-11-23,Zacatecas,Depresión,general,54
2026-11-23,Zacatecas,Depresión,hombres,8
2026-11-23,Zacatecas,Depresión,mujeres,29
2026-11-30,Zacatecas,Depresión,general,64
2026-11-30,Zacatecas,Depresión,hombres,11
2026-11-30,Zacatecas,Depresión,mujeres,29
2026-12-07,Zacatecas,Depresión,general,77
2026-12-07,Zacatecas,Depresión,hombres,8
2026-12-07,Zacatecas,Depresión,mujeres,41
2026-12-14,Zacatecas,Depresión,general,63
2026-12-14,Zacatecas,Depresión,hombres,7
2026-12-14,Zacatecas,Depresión,mujeres,42
2026-12-21,Zacatecas,Depresión,general,58
2026-12-21,Zacatecas,Depresión,hombres,12
2026-12-21,Zacatecas,Depresión,mujeres,23
2026-12-28,Zacatecas,Depresión,general,57
2026-12-28,Zacatecas,Depresión,hombres,7
2026-12-28,Zacatecas,Depresión,mujeres,21
2027-01-04,Zacatecas,Depresión,general,81
2027-01-04,Zacatecas,Depresión,hombres,7
2027-01-04,Zacatecas,Depresión,mujeres,36
2027-01-11,Zacatecas,Depresión,general,63
2027-01-11,Zacatecas,Depresión,hombres,8
2027-01-11,Zacatecas,Depresión,mujeres,35
2027-01-18,Zacatecas,Depresión,general,59
2027-01-18,Zacatecas,Depresión,hombres,10
2027-01-18,Zacatecas,Depresión,mujeres,32
2027-01-25,Zacatecas,Depresión,general,61
2027-01-25,Zacatecas,Depresión,hombres,16
2027-01-25,Zacatecas,Depresión,mujeres,38
2026-02-02,Aguascalientes,Parkinson,general,0
2026-02-02,Aguascalientes,Parkinson,hombres,1
2026-02-02,Aguascalientes,Parkinson,mujeres,0
2026-02-09,Aguascalientes,Parkinson,general,1
2026-02-09,Aguascalientes,Parkinson,hombres,1
2026-02-09,Aguascalientes,Parkinson,mujeres,0
2026-02-16,Aguascalientes,Parkinson,general,1
2026-02-16,Aguascalientes,Parkinson,hombres,1
2026-02-16,Aguascalientes,Parkinson,mujeres,0
2026-02-23,Aguascalientes,Parkinson,general,1
2026-02-23,Aguascalientes,Parkinson,hombres,1
2026-02-23,Aguascalientes,Parkinson,mujeres,1
2026-03-02,Aguascalientes,Parkinson,general,1
2026-03-02,Aguascalientes,Parkinson,hombres,1
2026-03-02,Aguascalientes,Parkinson,mujeres,1
2026-03-09,Aguascalientes,Parkinson,general,2
2026-03-09,Aguascalientes,Parkinson,hombres,1
2026-03-09,Aguascalientes,Parkinson,mujeres,1
2026-03-16,Aguascalientes,Parkinson,general,1
2026-03-16,Aguascalientes,Parkinson,hombres,1
2026-03-16,Aguascalientes,Parkinson,mujeres,1
2026-03-23,Aguascalientes,Parkinson,general,2
2026-03-23,Aguascalientes,Parkinson,hombres,1
2026-03-23,Aguascalientes,Parkinson,mujeres,1
2026-03-30,Aguascalientes,Parkinson,general,0
2026-03-30,Aguascalientes,Parkinson,hombres,1
2026-03-30,Aguascalientes,Parkinson,mujeres,1
2026-04-06,Aguascalientes,Parkinson,general,2
2026-04-06,Aguascalientes,Parkinson,hombres,1
2026-04-06,Aguascalientes,Parkinson,mujeres,1
2026-04-13,Aguascalientes,Parkinson,general,2
2026-04-13,Aguascalientes,Parkinson,hombres,1
2026-04-13,Aguascalientes,Parkinson,mujeres,1
2026-04-20,Aguascalientes,Parkinson,general,0
2026-04-20,Aguascalientes,Parkinson,hombres,1
2026-04-20,Aguascalientes,Parkinson,mujeres,1
2026-04-27,Aguascalientes,Parkinson,general,2
2026-04-27,Aguascalientes,Parkinson,hombres,1
2026-04-27,Aguascalientes,Parkinson,mujeres,1
2026-05-04,Aguascalientes,Parkinson,general,2
2026-05-04,Aguascalientes,Parkinson,hombres,1
2026-05-04,Aguascalientes,Parkinson,mujeres,1
2026-05-11,Aguascalientes,Parkinson,general,0
2026-05-11,Aguascalientes,Parkinson,hombres,1
2026-05-11,Aguascalientes,Parkinson,mujeres,1
2026-05-18,Aguascalientes,Parkinson,general,1
2026-05-18,Aguascalientes,Parkinson,hombres,1
2026-05-18,Aguascalientes,Parkinson,mujeres,0
2026-05-25,Aguascalientes,Parkinson,general,1
2026-05-25,Aguascalientes,Parkinson,hombres,1
2026-05-25,Aguascalientes,Parkinson,mujeres,0
2026-06-01,Aguascalientes,Parkinson,general,2
2026-06-01,Aguascalientes,Parkinson,hombres,1
2026-06-01,Aguascalientes,Parkinson,mujeres,0
2026-06-08,Aguascalientes,Parkinson,general,2
2026-06-08,Aguascalientes,Parkinson,hombres,1
2026-06-08,Aguascalientes,Parkinson,mujeres,0
2026-06-15,Aguascalientes,Parkinson,general,1
2026-06-15,Aguascalientes,Parkinson,hombres,1
2026-06-15,Aguascalientes,Parkinson,mujeres,0
2026-06-22,Aguascalientes,Parkinson,general,1
2026-06-22,Aguascalientes,Parkinson,hombres,1
2026-06-22,Aguascalientes,Parkinson,mujeres,1
2026-06-29,Aguascalientes,Parkinson,general,1
2026-06-29,Aguascalientes,Parkinson,hombres,1
2026-06-29,Aguascalientes,Parkinson,mujeres,1
2026-07-06,Aguascalientes,Parkinson,general,1
2026-07-06,Aguascalientes,Parkinson,hombres,1
2026-07-06,Aguascalientes,Parkinson,mujeres,1
2026-07-13,Aguascalientes,Parkinson,general,1
2026-07-13,Aguascalientes,Parkinson,hombres,1
2026-07-13,Aguascalientes,Parkinson,mujeres,1
2026-07-20,Aguascalientes,Parkinson,general,0
2026-07-20,Aguascalientes,Parkinson,hombres,1
2026-07-20,Aguascalientes,Parkinson,mujeres,1
2026-07-27,Aguascalientes,Parkinson,general,2
2026-07-27,Aguascalientes,Parkinson,hombres,1
2026-07-27,Aguascalientes,Parkinson,mujeres,1
2026-08-03,Aguascalientes,Parkinson,general,2
2026-08-03,Aguascalientes,Parkinson,hombres,1
2026-08-03,Aguascalientes,Parkinson,mujeres,1
2026-08-10,Aguascalientes,Parkinson,general,2
2026-08-10,Aguascalientes,Parkinson,hombres,1
2026-08-10,Aguascalientes,Parkinson,mujeres,1
2026-08-17,Aguascalientes,Parkinson,general,0
2026-08-17,Aguascalientes,Parkinson,hombres,1
2026-08-17,Aguascalientes,Parkinson,mujeres,1
2026-08-24,Aguascalientes,Parkinson,general,0
2026-08-24,Aguascalientes,Parkinson,hombres,1
2026-08-24,Aguascalientes,Parkinson,mujeres,0
2026-08-31,Aguascalientes,Parkinson,general,1
2026-08-31,Aguascalientes,Parkinson,hombres,1
2026-08-31,Aguascalientes,Parkinson,mujeres,0
2026-09-07,Aguascalientes,Parkinson,general,0
2026-09-07,Aguascalientes,Parkinson,hombres,1
2026-09-07,Aguascalientes,Parkinson,mujeres,0
2026-09-14,Aguascalientes,Parkinson,general,2
2026-09-14,Aguascalientes,Parkinson,hombres,1
2026-09-14,Aguascalientes,Parkinson,mujeres,0
2026-09-21,Aguascalientes,Parkinson,general,1
2026-09-21,Aguascalientes,Parkinson,hombres,1
2026-09-21,Aguascalientes,Parkinson,mujeres,0
2026-09-28,Aguascalientes,Parkinson,general,1
2026-09-28,Aguascalientes,Parkinson,hombres,1
2026-09-28,Aguascalientes,Parkinson,mujeres,0
2026-10-05,Aguascalientes,Parkinson,general,1
2026-10-05,Aguascalientes,Parkinson,hombres,1
2026-10-05,Aguascalientes,Parkinson,mujeres,1
2026-10-12,Aguascalientes,Parkinson,general,0
2026-10-12,Aguascalientes,Parkinson,hombres,1
2026-10-12,Aguascalientes,Parkinson,mujeres,1
2026-10-19,Aguascalientes,Parkinson,general,0
2026-10-19,Aguascalientes,Parkinson,hombres,1
2026-10-19,Aguascalientes,Parkinson,mujeres,1
2026-10-26,Aguascalientes,Parkinson,general,1
2026-10-26,Aguascalientes,Parkinson,hombres,1
2026-10-26,Aguascalientes,Parkinson,mujeres,1
2026-11-02,Aguascalientes,Parkinson,general,1
2026-11-02,Aguascalientes,Parkinson,hombres,1
2026-11-02,Aguascalientes,Parkinson,mujeres,1
2026-11-09,Aguascalientes,Parkinson,general,0
2026-11-09,Aguascalientes,Parkinson,hombres,1
2026-11-09,Aguascalientes,Parkinson,mujeres,1
2026-11-16,Aguascalientes,Parkinson,general,0
2026-11-16,Aguascalientes,Parkinson,hombres,1
2026-11-16,Aguascalientes,Parkinson,mujeres,1
2026-11-23,Aguascalientes,Parkinson,general,0
2026-11-23,Aguascalientes,Parkinson,hombres,1
2026-11-23,Aguascalientes,Parkinson,mujeres,1
2026-11-30,Aguascalientes,Parkinson,general,0
2026-11-30,Aguascalientes,Parkinson,hombres,1
2026-11-30,Aguascalientes,Parkinson,mujeres,0
2026-12-07,Aguascalientes,Parkinson,general,1
2026-12-07,Aguascalientes,Parkinson,hombres,1
2026-12-07,Aguascalientes,Parkinson,mujeres,0
2026-12-14,Aguascalientes,Parkinson,general,2
2026-12-14,Aguascalientes,Parkinson,hombres,1
2026-12-14,Aguascalientes,Parkinson,mujeres,0
2026-12-21,Aguascalientes,Parkinson,general,1
2026-12-21,Aguascalientes,Parkinson,hombres,1
2026-12-21,Aguascalientes,Parkinson,mujeres,0
2026-12-28,Aguascalientes,Parkinson,general,1
2026-12-28,Aguascalientes,Parkinson,hombres,1
2026-12-28,Aguascalientes,Parkinson,mujeres,0
2027-01-04,Aguascalientes,Parkinson,general,0
2027-01-04,Aguascalientes,Parkinson,hombres,1
2027-01-04,Aguascalientes,Parkinson,mujeres,0
2027-01-11,Aguascalientes,Parkinson,general,0
2027-01-11,Aguascalientes,Parkinson,hombres,1
2027-01-11,Aguascalientes,Parkinson,mujeres,0
2027-01-18,Aguascalientes,Parkinson,general,0
2027-01-18,Aguascalientes,Parkinson,hombres,1
2027-01-18,Aguascalientes,Parkinson,mujeres,0
2027-01-25,Aguascalientes,Parkinson,general,0
2027-01-25,Aguascalientes,Parkinson,hombres,1
2027-01-25,Aguascalientes,Parkinson,mujeres,0
2026-02-02,Baja California,Parkinson,general,4
2026-02-02,Baja California,Parkinson,hombres,2
2026-02-02,Baja California,Parkinson,mujeres,1
2026-02-09,Baja California,Parkinson,general,3
2026-02-09,Baja California,Parkinson,hombres,1
2026-02-09,Baja California,Parkinson,mujeres,1
2026-02-16,Baja California,Parkinson,general,4
2026-02-16,Baja California,Parkinson,hombres,2
2026-02-16,Baja California,Parkinson,mujeres,1
2026-02-23,Baja California,Parkinson,general,3
2026-02-23,Baja California,Parkinson,hombres,2
2026-02-23,Baja California,Parkinson,mujeres,1
2026-03-02,Baja California,Parkinson,general,3
2026-03-02,Baja California,Parkinson,hombres,2
2026-03-02,Baja California,Parkinson,mujeres,1
2026-03-09,Baja California,Parkinson,general,4
2026-03-09,Baja California,Parkinson,hombres,2
2026-03-09,Baja California,Parkinson,mujeres,1
2026-03-16,Baja California,Parkinson,general,5
2026-03-16,Baja California,Parkinson,hombres,2
2026-03-16,Baja California,Parkinson,mujeres,1
2026-03-23,Baja California,Parkinson,general,3
2026-03-23,Baja California,Parkinson,hombres,2
2026-03-23,Baja California,Parkinson,mujeres,1
2026-03-30,Baja California,Parkinson,general,2
2026-03-30,Baja California,Parkinson,hombres,1
2026-03-30,Baja California,Parkinson,mujeres,1
2026-04-06,Baja California,Parkinson,general,2
2026-04-06,Baja California,Parkinson,hombres,1
2026-04-06,Baja California,Parkinson,mujeres,0
2026-04-13,Baja California,Parkinson,general,3
2026-04-13,Baja California,Parkinson,hombres,3
2026-04-13,Baja California,Parkinson,mujeres,1
2026-04-20,Baja California,Parkinson,general,3
2026-04-20,Baja California,Parkinson,hombres,4
2026-04-20,Baja California,Parkinson,mujeres,1
2026-04-27,Baja California,Parkinson,general,3
2026-04-27,Baja California,Parkinson,hombres,4
2026-04-27,Baja California,Parkinson,mujeres,1
2026-05-04,Baja California,Parkinson,general,1
2026-05-04,Baja California,Parkinson,hombres,1
2026-05-04,Baja California,Parkinson,mujeres,1
2026-05-11,Baja California,Parkinson,general,3
2026-05-11,Baja California,Parkinson,hombres,1
2026-05-11,Baja California,Parkinson,mujeres,1
2026-05-18,Baja California,Parkinson,general,3
2026-05-18,Baja California,Parkinson,hombres,2
2026-05-18,Baja California,Parkinson,mujeres,2
2026-05-25,Baja California,Parkinson,general,4
2026-05-25,Baja California,Parkinson,hombres,2
2026-05-25,Baja California,Parkinson,mujeres,2
2026-06-01,Baja California,Parkinson,general,5
2026-06-01,Baja California,Parkinson,hombres,2
2026-06-01,Baja California,Parkinson,mujeres,2
2026-06-08,Baja California,Parkinson,general,6
2026-06-08,Baja California,Parkinson,hombres,0
2026-06-08,Baja California,Parkinson,mujeres,2
2026-06-15,Baja California,Parkinson,general,5
2026-06-15,Baja California,Parkinson,hombres,2
2026-06-15,Baja California,Parkinson,mujeres,1
2026-06-22,Baja California,Parkinson,general,4
2026-06-22,Baja California,Parkinson,hombres,2
2026-06-22,Baja California,Parkinson,mujeres,2
2026-06-29,Baja California,Parkinson,general,4
2026-06-29,Baja California,Parkinson,hombres,0
2026-06-29,Baja California,Parkinson,mujeres,2
2026-07-06,Baja California,Parkinson,general,5
2026-07-06,Baja California,Parkinson,hombres,0
2026-07-06,Baja California,Parkinson,mujeres,1
2026-07-13,Baja California,Parkinson,general,5
2026-07-13,Baja California,Parkinson,hombres,1
2026-07-13,Baja California,Parkinson,mujeres,2
2026-07-20,Baja California,Parkinson,general,2
2026-07-20,Baja California,Parkinson,hombres,2
2026-07-20,Baja California,Parkinson,mujeres,2
2026-07-27,Baja California,Parkinson,general,2
2026-07-27,Baja California,Parkinson,hombres,2
2026-07-27,Baja California,Parkinson,mujeres,2
2026-08-03,Baja California,Parkinson,general,5
2026-08-03,Baja California,Parkinson,hombres,1
2026-08-03,Baja California,Parkinson,mujeres,1
2026-08-10,Baja California,Parkinson,general,4
2026-08-10,Baja California,Parkinson,hombres,1
2026-08-10,Baja California,Parkinson,mujeres,2
2026-08-17,Baja California,Parkinson,general,3
2026-08-17,Baja California,Parkinson,hombres,1
2026-08-17,Baja California,Parkinson,mujeres,3
2026-08-24,Baja California,Parkinson,general,1
2026-08-24,Baja California,Parkinson,hombres,1
2026-08-24,Baja California,Parkinson,mujeres,2
2026-08-31,Baja California,Parkinson,general,2
2026-08-31,Baja California,Parkinson,hombres,0
2026-08-31,Baja California,Parkinson,mujeres,2
2026-09-07,Baja California,Parkinson,general,2
2026-09-07,Baja California,Parkinson,hombres,1
2026-09-07,Baja California,Parkinson,mujeres,3
2026-09-14,Baja California,Parkinson,general,2
2026-09-14,Baja California,Parkinson,hombres,1
2026-09-14,Baja California,Parkinson,mujeres,2
2026-09-21,Baja California,Parkinson,general,2
2026-09-21,Baja California,Parkinson,hombres,1
2026-09-21,Baja California,Parkinson,mujeres,1
2026-09-28,Baja California,Parkinson,general,3
2026-09-28,Baja California,Parkinson,hombres,2
2026-09-28,Baja California,Parkinson,mujeres,3
2026-10-05,Baja California,Parkinson,general,5
2026-10-05,Baja California,Parkinson,hombres,1
2026-10-05,Baja California,Parkinson,mujeres,3
2026-10-12,Baja California,Parkinson,general,3
2026-10-12,Baja California,Parkinson,hombres,2
2026-10-12,Baja California,Parkinson,mujeres,2
2026-10-19,Baja California,Parkinson,general,3
2026-10-19,Baja California,Parkinson,hombres,1
2026-10-19,Baja California,Parkinson,mujeres,2
2026-10-26,Baja California,Parkinson,general,4
2026-10-26,Baja California,Parkinson,hombres,1
2026-10-26,Baja California,Parkinson,mujeres,2
2026-11-02,Baja California,Parkinson,general,3
2026-11-02,Baja California,Parkinson,hombres,2
2026-11-02,Baja California,Parkinson,mujeres,1
2026-11-09,Baja California,Parkinson,general,4
2026-11-09,Baja California,Parkinson,hombres,2
2026-11-09,Baja California,Parkinson,mujeres,1
2026-11-16,Baja California,Parkinson,general,3
2026-11-16,Baja California,Parkinson,hombres,1
2026-11-16,Baja California,Parkinson,mujeres,2
2026-11-23,Baja California,Parkinson,general,3
2026-11-23,Baja California,Parkinson,hombres,1
2026-11-23,Baja California,Parkinson,mujeres,1
2026-11-30,Baja California,Parkinson,general,3
2026-11-30,Baja California,Parkinson,hombres,1
2026-11-30,Baja California,Parkinson,mujeres,2
2026-12-07,Baja California,Parkinson,general,2
2026-12-07,Baja California,Parkinson,hombres,1
2026-12-07,Baja California,Parkinson,mujeres,2
2026-12-14,Baja California,Parkinson,general,1
2026-12-14,Baja California,Parkinson,hombres,2
2026-12-14,Baja California,Parkinson,mujeres,1
2026-12-21,Baja California,Parkinson,general,1
2026-12-21,Baja California,Parkinson,hombres,1
2026-12-21,Baja California,Parkinson,mujeres,1
2026-12-28,Baja California,Parkinson,general,1
2026-12-28,Baja California,Parkinson,hombres,0
2026-12-28,Baja California,Parkinson,mujeres,1
2027-01-04,Baja California,Parkinson,general,0
2027-01-04,Baja California,Parkinson,hombres,1
2027-01-04,Baja California,Parkinson,mujeres,1
2027-01-11,Baja California,Parkinson,general,0
2027-01-11,Baja California,Parkinson,hombres,1
2027-01-11,Baja California,Parkinson,mujeres,1
2027-01-18,Baja California,Parkinson,general,1
2027-01-18,Baja California,Parkinson,hombres,1
2027-01-18,Baja California,Parkinson,mujeres,1
2027-01-25,Baja California,Parkinson,general,2
2027-01-25,Baja California,Parkinson,hombres,1
2027-01-25,Baja California,Parkinson,mujeres,1
2026-02-02,Baja California Sur,Parkinson,general,0
2026-02-02,Baja California Sur,Parkinson,hombres,0
2026-02-02,Baja California Sur,Parkinson,mujeres,0
2026-02-09,Baja California Sur,Parkinson,general,2
2026-02-09,Baja California Sur,Parkinson,hombres,0
2026-02-09,Baja California Sur,Parkinson,mujeres,0
2026-02-16,Baja California Sur,Parkinson,general,1
2026-02-16,Baja California Sur,Parkinson,hombres,0
2026-02-16,Baja California Sur,Parkinson,mujeres,0
2026-02-23,Baja California Sur,Parkinson,general,1
2026-02-23,Baja California Sur,Parkinson,hombres,1
2026-02-23,Baja California Sur,Parkinson,mujeres,0
2026-03-02,Baja California Sur,Parkinson,general,2
2026-03-02,Baja California Sur,Parkinson,hombres,2
2026-03-02,Baja California Sur,Parkinson,mujeres,0
2026-03-09,Baja California Sur,Parkinson,general,0
2026-03-09,Baja California Sur,Parkinson,hombres,2
2026-03-09,Baja California Sur,Parkinson,mujeres,0
2026-03-16,Baja California Sur,Parkinson,general,2
2026-03-16,Baja California Sur,Parkinson,hombres,2
2026-03-16,Baja California Sur,Parkinson,mujeres,0
2026-03-23,Baja California Sur,Parkinson,general,0
2026-03-23,Baja California Sur,Parkinson,hombres,2
2026-03-23,Baja California Sur,Parkinson,mujeres,2
2026-03-30,Baja California Sur,Parkinson,general,0
2026-03-30,Baja California Sur,Parkinson,hombres,2
2026-03-30,Baja California Sur,Parkinson,mujeres,1
2026-04-06,Baja California Sur,Parkinson,general,0
2026-04-06,Baja California Sur,Parkinson,hombres,1
2026-04-06,Baja California Sur,Parkinson,mujeres,1
2026-04-13,Baja California Sur,Parkinson,general,0
2026-04-13,Baja California Sur,Parkinson,hombres,0
2026-04-13,Baja California Sur,Parkinson,mujeres,0
2026-04-20,Baja California Sur,Parkinson,general,0
2026-04-20,Baja California Sur,Parkinson,hombres,0
2026-04-20,Baja California Sur,Parkinson,mujeres,0
2026-04-27,Baja California Sur,Parkinson,general,0
2026-04-27,Baja California Sur,Parkinson,hombres,0
2026-04-27,Baja California Sur,Parkinson,mujeres,0
2026-05-04,Baja California Sur,Parkinson,general,0
2026-05-04,Baja California Sur,Parkinson,hombres,0
2026-05-04,Baja California Sur,Parkinson,mujeres,0
2026-05-11,Baja California Sur,Parkinson,general,0
2026-05-11,Baja California Sur,Parkinson,hombres,0
2026-05-11,Baja California Sur,Parkinson,mujeres,0
2026-05-18,Baja California Sur,Parkinson,general,0
2026-05-18,Baja California Sur,Parkinson,hombres,0
2026-05-18,Baja California Sur,Parkinson,mujeres,0
2026-05-25,Baja California Sur,Parkinson,general,0
2026-05-25,Baja California Sur,Parkinson,hombres,1
2026-05-25,Baja California Sur,Parkinson,mujeres,0
2026-06-01,Baja California Sur,Parkinson,general,0
2026-06-01,Baja California Sur,Parkinson,hombres,1
2026-06-01,Baja California Sur,Parkinson,mujeres,0
2026-06-08,Baja California Sur,Parkinson,general,0
2026-06-08,Baja California Sur,Parkinson,hombres,0
2026-06-08,Baja California Sur,Parkinson,mujeres,0
2026-06-15,Baja California Sur,Parkinson,general,0
2026-06-15,Baja California Sur,Parkinson,hombres,0
2026-06-15,Baja California Sur,Parkinson,mujeres,0
2026-06-22,Baja California Sur,Parkinson,general,0
2026-06-22,Baja California Sur,Parkinson,hombres,0
2026-06-22,Baja California Sur,Parkinson,mujeres,0
2026-06-29,Baja California Sur,Parkinson,general,0
2026-06-29,Baja California Sur,Parkinson,hombres,0
2026-06-29,Baja California Sur,Parkinson,mujeres,0
2026-07-06,Baja California Sur,Parkinson,general,0
2026-07-06,Baja California Sur,Parkinson,hombres,0
2026-07-06,Baja California Sur,Parkinson,mujeres,0
2026-07-13,Baja California Sur,Parkinson,general,0
2026-07-13,Baja California Sur,Parkinson,hombres,0
2026-07-13,Baja California Sur,Parkinson,mujeres,0
2026-07-20,Baja California Sur,Parkinson,general,0
2026-07-20,Baja California Sur,Parkinson,hombres,0
2026-07-20,Baja California Sur,Parkinson,mujeres,0
2026-07-27,Baja California Sur,Parkinson,general,0
2026-07-27,Baja California Sur,Parkinson,hombres,0
2026-07-27,Baja California Sur,Parkinson,mujeres,0
2026-08-03,Baja California Sur,Parkinson,general,0
2026-08-03,Baja California Sur,Parkinson,hombres,0
2026-08-03,Baja California Sur,Parkinson,mujeres,0
2026-08-10,Baja California Sur,Parkinson,general,0
2026-08-10,Baja California Sur,Parkinson,hombres,0
2026-08-10,Baja California Sur,Parkinson,mujeres,0
2026-08-17,Baja California Sur,Parkinson,general,0
2026-08-17,Baja California Sur,Parkinson,hombres,0
2026-08-17,Baja California Sur,Parkinson,mujeres,0
2026-08-24,Baja California Sur,Parkinson,general,0
2026-08-24,Baja California Sur,Parkinson,hombres,0
2026-08-24,Baja California Sur,Parkinson,mujeres,0
2026-08-31,Baja California Sur,Parkinson,general,0
2026-08-31,Baja California Sur,Parkinson,hombres,0
2026-08-31,Baja California Sur,Parkinson,mujeres,0
2026-09-07,Baja California Sur,Parkinson,general,0
2026-09-07,Baja California Sur,Parkinson,hombres,0
2026-09-07,Baja California Sur,Parkinson,mujeres,0
2026-09-14,Baja California Sur,Parkinson,general,0
2026-09-14,Baja California Sur,Parkinson,hombres,1
2026-09-14,Baja California Sur,Parkinson,mujeres,0
2026-09-21,Baja California Sur,Parkinson,general,0
2026-09-21,Baja California Sur,Parkinson,hombres,1
2026-09-21,Baja California Sur,Parkinson,mujeres,0
2026-09-28,Baja California Sur,Parkinson,general,0
2026-09-28,Baja California Sur,Parkinson,hombres,1
2026-09-28,Baja California Sur,Parkinson,mujeres,0
2026-10-05,Baja California Sur,Parkinson,general,0
2026-10-05,Baja California Sur,Parkinson,hombres,1
2026-10-05,Baja California Sur,Parkinson,mujeres,0
2026-10-12,Baja California Sur,Parkinson,general,0
2026-10-12,Baja California Sur,Parkinson,hombres,1
2026-10-12,Baja California Sur,Parkinson,mujeres,0
2026-10-19,Baja California Sur,Parkinson,general,0
2026-10-19,Baja California Sur,Parkinson,hombres,0
2026-10-19,Baja California Sur,Parkinson,mujeres,0
2026-10-26,Baja California Sur,Parkinson,general,0
2026-10-26,Baja California Sur,Parkinson,hombres,0
2026-10-26,Baja California Sur,Parkinson,mujeres,0
2026-11-02,Baja California Sur,Parkinson,general,0
2026-11-02,Baja California Sur,Parkinson,hombres,0
2026-11-02,Baja California Sur,Parkinson,mujeres,0
2026-11-09,Baja California Sur,Parkinson,general,0
2026-11-09,Baja California Sur,Parkinson,hombres,0
2026-11-09,Baja California Sur,Parkinson,mujeres,1
2026-11-16,Baja California Sur,Parkinson,general,0
2026-11-16,Baja California Sur,Parkinson,hombres,0
2026-11-16,Baja California Sur,Parkinson,mujeres,0
2026-11-23,Baja California Sur,Parkinson,general,0
2026-11-23,Baja California Sur,Parkinson,hombres,0
2026-11-23,Baja California Sur,Parkinson,mujeres,1
2026-11-30,Baja California Sur,Parkinson,general,0
2026-11-30,Baja California Sur,Parkinson,hombres,1
2026-11-30,Baja California Sur,Parkinson,mujeres,0
2026-12-07,Baja California Sur,Parkinson,general,0
2026-12-07,Baja California Sur,Parkinson,hombres,1
2026-12-07,Baja California Sur,Parkinson,mujeres,0
2026-12-14,Baja California Sur,Parkinson,general,0
2026-12-14,Baja California Sur,Parkinson,hombres,1
2026-12-14,Baja California Sur,Parkinson,mujeres,0
2026-12-21,Baja California Sur,Parkinson,general,0
2026-12-21,Baja California Sur,Parkinson,hombres,1
2026-12-21,Baja California Sur,Parkinson,mujeres,0
2026-12-28,Baja California Sur,Parkinson,general,0
2026-12-28,Baja California Sur,Parkinson,hombres,0
2026-12-28,Baja California Sur,Parkinson,mujeres,0
2027-01-04,Baja California Sur,Parkinson,general,0
2027-01-04,Baja California Sur,Parkinson,hombres,0
2027-01-04,Baja California Sur,Parkinson,mujeres,0
2027-01-11,Baja California Sur,Parkinson,general,0
2027-01-11,Baja California Sur,Parkinson,hombres,0
2027-01-11,Baja California Sur,Parkinson,mujeres,0
2027-01-18,Baja California Sur,Parkinson,general,0
2027-01-18,Baja California Sur,Parkinson,hombres,0
2027-01-18,Baja California Sur,Parkinson,mujeres,0
2027-01-25,Baja California Sur,Parkinson,general,0
2027-01-25,Baja California Sur,Parkinson,hombres,0
2027-01-25,Baja California Sur,Parkinson,mujeres,0
2026-02-02,Campeche,Parkinson,general,0
2026-02-02,Campeche,Parkinson,hombres,0
2026-02-02,Campeche,Parkinson,mujeres,0
2026-02-09,Campeche,Parkinson,general,0
2026-02-09,Campeche,Parkinson,hombres,3
2026-02-09,Campeche,Parkinson,mujeres,0
2026-02-16,Campeche,Parkinson,general,0
2026-02-16,Campeche,Parkinson,hombres,2
2026-02-16,Campeche,Parkinson,mujeres,0
2026-02-23,Campeche,Parkinson,general,0
2026-02-23,Campeche,Parkinson,hombres,1
2026-02-23,Campeche,Parkinson,mujeres,0
2026-03-02,Campeche,Parkinson,general,0
2026-03-02,Campeche,Parkinson,hombres,1
2026-03-02,Campeche,Parkinson,mujeres,0
2026-03-09,Campeche,Parkinson,general,0
2026-03-09,Campeche,Parkinson,hombres,0
2026-03-09,Campeche,Parkinson,mujeres,0
2026-03-16,Campeche,Parkinson,general,0
2026-03-16,Campeche,Parkinson,hombres,1
2026-03-16,Campeche,Parkinson,mujeres,0
2026-03-23,Campeche,Parkinson,general,0
2026-03-23,Campeche,Parkinson,hombres,1
2026-03-23,Campeche,Parkinson,mujeres,0
2026-03-30,Campeche,Parkinson,general,0
2026-03-30,Campeche,Parkinson,hombres,0
2026-03-30,Campeche,Parkinson,mujeres,0
2026-04-06,Campeche,Parkinson,general,0
2026-04-06,Campeche,Parkinson,hombres,1
2026-04-06,Campeche,Parkinson,mujeres,0
2026-04-13,Campeche,Parkinson,general,0
2026-04-13,Campeche,Parkinson,hombres,1
2026-04-13,Campeche,Parkinson,mujeres,0
2026-04-20,Campeche,Parkinson,general,0
2026-04-20,Campeche,Parkinson,hombres,1
2026-04-20,Campeche,Parkinson,mujeres,0
2026-04-27,Campeche,Parkinson,general,0
2026-04-27,Campeche,Parkinson,hombres,2
2026-04-27,Campeche,Parkinson,mujeres,0
2026-05-04,Campeche,Parkinson,general,0
2026-05-04,Campeche,Parkinson,hombres,1
2026-05-04,Campeche,Parkinson,mujeres,0
2026-05-11,Campeche,Parkinson,general,0
2026-05-11,Campeche,Parkinson,hombres,1
2026-05-11,Campeche,Parkinson,mujeres,0
2026-05-18,Campeche,Parkinson,general,0
2026-05-18,Campeche,Parkinson,hombres,0
2026-05-18,Campeche,Parkinson,mujeres,0
2026-05-25,Campeche,Parkinson,general,0
2026-05-25,Campeche,Parkinson,hombres,1
2026-05-25,Campeche,Parkinson,mujeres,0
2026-06-01,Campeche,Parkinson,general,0
2026-06-01,Campeche,Parkinson,hombres,2
2026-06-01,Campeche,Parkinson,mujeres,0
2026-06-08,Campeche,Parkinson,general,0
2026-06-08,Campeche,Parkinson,hombres,1
2026-06-08,Campeche,Parkinson,mujeres,0
2026-06-15,Campeche,Parkinson,general,0
2026-06-15,Campeche,Parkinson,hombres,0
2026-06-15,Campeche,Parkinson,mujeres,0
2026-06-22,Campeche,Parkinson,general,0
2026-06-22,Campeche,Parkinson,hombres,1
2026-06-22,Campeche,Parkinson,mujeres,0
2026-06-29,Campeche,Parkinson,general,0
2026-06-29,Campeche,Parkinson,hombres,2
2026-06-29,Campeche,Parkinson,mujeres,0
2026-07-06,Campeche,Parkinson,general,0
2026-07-06,Campeche,Parkinson,hombres,2
2026-07-06,Campeche,Parkinson,mujeres,0
2026-07-13,Campeche,Parkinson,general,0
2026-07-13,Campeche,Parkinson,hombres,2
2026-07-13,Campeche,Parkinson,mujeres,0
2026-07-20,Campeche,Parkinson,general,0
2026-07-20,Campeche,Parkinson,hombres,1
2026-07-20,Campeche,Parkinson,mujeres,0
2026-07-27,Campeche,Parkinson,general,0
2026-07-27,Campeche,Parkinson,hombres,1
2026-07-27,Campeche,Parkinson,mujeres,0
2026-08-03,Campeche,Parkinson,general,0
2026-08-03,Campeche,Parkinson,hombres,2
2026-08-03,Campeche,Parkinson,mujeres,1
2026-08-10,Campeche,Parkinson,general,0
2026-08-10,Campeche,Parkinson,hombres,2
2026-08-10,Campeche,Parkinson,mujeres,1
2026-08-17,Campeche,Parkinson,general,0
2026-08-17,Campeche,Parkinson,hombres,2
2026-08-17,Campeche,Parkinson,mujeres,1
2026-08-24,Campeche,Parkinson,general,0
2026-08-24,Campeche,Parkinson,hombres,1
2026-08-24,Campeche,Parkinson,mujeres,1
2026-08-31,Campeche,Parkinson,general,0
2026-08-31,Campeche,Parkinson,hombres,1
2026-08-31,Campeche,Parkinson,mujeres,1
2026-09-07,Campeche,Parkinson,general,0
2026-09-07,Campeche,Parkinson,hombres,1
2026-09-07,Campeche,Parkinson,mujeres,1
2026-09-14,Campeche,Parkinson,general,0
2026-09-14,Campeche,Parkinson,hombres,1
2026-09-14,Campeche,Parkinson,mujeres,0
2026-09-21,Campeche,Parkinson,general,0
2026-09-21,Campeche,Parkinson,hombres,1
2026-09-21,Campeche,Parkinson,mujeres,0
2026-09-28,Campeche,Parkinson,general,0
2026-09-28,Campeche,Parkinson,hombres,1
2026-09-28,Campeche,Parkinson,mujeres,0
2026-10-05,Campeche,Parkinson,general,0
2026-10-05,Campeche,Parkinson,hombres,1
2026-10-05,Campeche,Parkinson,mujeres,0
2026-10-12,Campeche,Parkinson,general,0
2026-10-12,Campeche,Parkinson,hombres,2
2026-10-12,Campeche,Parkinson,mujeres,0
2026-10-19,Campeche,Parkinson,general,0
2026-10-19,Campeche,Parkinson,hombres,1
2026-10-19,Campeche,Parkinson,mujeres,0
2026-10-26,Campeche,Parkinson,general,0
2026-10-26,Campeche,Parkinson,hombres,1
2026-10-26,Campeche,Parkinson,mujeres,0
2026-11-02,Campeche,Parkinson,general,0
2026-11-02,Campeche,Parkinson,hombres,1
2026-11-02,Campeche,Parkinson,mujeres,0
2026-11-09,Campeche,Parkinson,general,0
2026-11-09,Campeche,Parkinson,hombres,1
2026-11-09,Campeche,Parkinson,mujeres,0
2026-11-16,Campeche,Parkinson,general,0
2026-11-16,Campeche,Parkinson,hombres,1
2026-11-16,Campeche,Parkinson,mujeres,0
2026-11-23,Campeche,Parkinson,general,0
2026-11-23,Campeche,Parkinson,hombres,1
2026-11-23,Campeche,Parkinson,mujeres,0
2026-11-30,Campeche,Parkinson,general,0
2026-11-30,Campeche,Parkinson,hombres,0
2026-11-30,Campeche,Parkinson,mujeres,0
2026-12-07,Campeche,Parkinson,general,0
2026-12-07,Campeche,Parkinson,hombres,1
2026-12-07,Campeche,Parkinson,mujeres,0
2026-12-14,Campeche,Parkinson,general,0
2026-12-14,Campeche,Parkinson,hombres,1
2026-12-14,Campeche,Parkinson,mujeres,0
2026-12-21,Campeche,Parkinson,general,0
2026-12-21,Campeche,Parkinson,hombres,1
2026-12-21,Campeche,Parkinson,mujeres,0
2026-12-28,Campeche,Parkinson,general,0
2026-12-28,Campeche,Parkinson,hombres,1
2026-12-28,Campeche,Parkinson,mujeres,0
2027-01-04,Campeche,Parkinson,general,1
2027-01-04,Campeche,Parkinson,hombres,0
2027-01-04,Campeche,Parkinson,mujeres,0
2027-01-11,Campeche,Parkinson,general,1
2027-01-11,Campeche,Parkinson,hombres,0
2027-01-11,Campeche,Parkinson,mujeres,0
2027-01-18,Campeche,Parkinson,general,0
2027-01-18,Campeche,Parkinson,hombres,1
2027-01-18,Campeche,Parkinson,mujeres,0
2027-01-25,Campeche,Parkinson,general,1
2027-01-25,Campeche,Parkinson,hombres,1
2027-01-25,Campeche,Parkinson,mujeres,0
2026-02-02,Chiapas,Parkinson,general,6
2026-02-02,Chiapas,Parkinson,hombres,1
2026-02-02,Chiapas,Parkinson,mujeres,4
2026-02-09,Chiapas,Parkinson,general,2
2026-02-09,Chiapas,Parkinson,hombres,2
2026-02-09,Chiapas,Parkinson,mujeres,1
2026-02-16,Chiapas,Parkinson,general,4
2026-02-16,Chiapas,Parkinson,hombres,3
2026-02-16,Chiapas,Parkinson,mujeres,3
2026-02-23,Chiapas,Parkinson,general,3
2026-02-23,Chiapas,Parkinson,hombres,4
2026-02-23,Chiapas,Parkinson,mujeres,1
2026-03-02,Chiapas,Parkinson,general,5
2026-03-02,Chiapas,Parkinson,hombres,2
2026-03-02,Chiapas,Parkinson,mujeres,0
2026-03-09,Chiapas,Parkinson,general,4
2026-03-09,Chiapas,Parkinson,hombres,1
2026-03-09,Chiapas,Parkinson,mujeres,0
2026-03-16,Chiapas,Parkinson,general,1
2026-03-16,Chiapas,Parkinson,hombres,1
2026-03-16,Chiapas,Parkinson,mujeres,1
2026-03-23,Chiapas,Parkinson,general,1
2026-03-23,Chiapas,Parkinson,hombres,1
2026-03-23,Chiapas,Parkinson,mujeres,2
2026-03-30,Chiapas,Parkinson,general,2
2026-03-30,Chiapas,Parkinson,hombres,1
2026-03-30,Chiapas,Parkinson,mujeres,0
2026-04-06,Chiapas,Parkinson,general,3
2026-04-06,Chiapas,Parkinson,hombres,2
2026-04-06,Chiapas,Parkinson,mujeres,1
2026-04-13,Chiapas,Parkinson,general,2
2026-04-13,Chiapas,Parkinson,hombres,1
2026-04-13,Chiapas,Parkinson,mujeres,2
2026-04-20,Chiapas,Parkinson,general,2
2026-04-20,Chiapas,Parkinson,hombres,1
2026-04-20,Chiapas,Parkinson,mujeres,0
2026-04-27,Chiapas,Parkinson,general,2
2026-04-27,Chiapas,Parkinson,hombres,2
2026-04-27,Chiapas,Parkinson,mujeres,3
2026-05-04,Chiapas,Parkinson,general,3
2026-05-04,Chiapas,Parkinson,hombres,2
2026-05-04,Chiapas,Parkinson,mujeres,0
2026-05-11,Chiapas,Parkinson,general,2
2026-05-11,Chiapas,Parkinson,hombres,1
2026-05-11,Chiapas,Parkinson,mujeres,1
2026-05-18,Chiapas,Parkinson,general,2
2026-05-18,Chiapas,Parkinson,hombres,1
2026-05-18,Chiapas,Parkinson,mujeres,1
2026-05-25,Chiapas,Parkinson,general,2
2026-05-25,Chiapas,Parkinson,hombres,1
2026-05-25,Chiapas,Parkinson,mujeres,0
2026-06-01,Chiapas,Parkinson,general,3
2026-06-01,Chiapas,Parkinson,hombres,1
2026-06-01,Chiapas,Parkinson,mujeres,1
2026-06-08,Chiapas,Parkinson,general,3
2026-06-08,Chiapas,Parkinson,hombres,1
2026-06-08,Chiapas,Parkinson,mujeres,0
2026-06-15,Chiapas,Parkinson,general,1
2026-06-15,Chiapas,Parkinson,hombres,0
2026-06-15,Chiapas,Parkinson,mujeres,1
2026-06-22,Chiapas,Parkinson,general,3
2026-06-22,Chiapas,Parkinson,hombres,1
2026-06-22,Chiapas,Parkinson,mujeres,1
2026-06-29,Chiapas,Parkinson,general,2
2026-06-29,Chiapas,Parkinson,hombres,1
2026-06-29,Chiapas,Parkinson,mujeres,0
2026-07-06,Chiapas,Parkinson,general,3
2026-07-06,Chiapas,Parkinson,hombres,1
2026-07-06,Chiapas,Parkinson,mujeres,2
2026-07-13,Chiapas,Parkinson,general,5
2026-07-13,Chiapas,Parkinson,hombres,4
2026-07-13,Chiapas,Parkinson,mujeres,1
2026-07-20,Chiapas,Parkinson,general,3
2026-07-20,Chiapas,Parkinson,hombres,1
2026-07-20,Chiapas,Parkinson,mujeres,2
2026-07-27,Chiapas,Parkinson,general,4
2026-07-27,Chiapas,Parkinson,hombres,2
2026-07-27,Chiapas,Parkinson,mujeres,1
2026-08-03,Chiapas,Parkinson,general,5
2026-08-03,Chiapas,Parkinson,hombres,2
2026-08-03,Chiapas,Parkinson,mujeres,0
2026-08-10,Chiapas,Parkinson,general,6
2026-08-10,Chiapas,Parkinson,hombres,3
2026-08-10,Chiapas,Parkinson,mujeres,0
2026-08-17,Chiapas,Parkinson,general,3
2026-08-17,Chiapas,Parkinson,hombres,3
2026-08-17,Chiapas,Parkinson,mujeres,0
2026-08-24,Chiapas,Parkinson,general,6
2026-08-24,Chiapas,Parkinson,hombres,3
2026-08-24,Chiapas,Parkinson,mujeres,1
2026-08-31,Chiapas,Parkinson,general,5
2026-08-31,Chiapas,Parkinson,hombres,2
2026-08-31,Chiapas,Parkinson,mujeres,1
2026-09-07,Chiapas,Parkinson,general,2
2026-09-07,Chiapas,Parkinson,hombres,1
2026-09-07,Chiapas,Parkinson,mujeres,2
2026-09-14,Chiapas,Parkinson,general,3
2026-09-14,Chiapas,Parkinson,hombres,1
2026-09-14,Chiapas,Parkinson,mujeres,2
2026-09-21,Chiapas,Parkinson,general,4
2026-09-21,Chiapas,Parkinson,hombres,1
2026-09-21,Chiapas,Parkinson,mujeres,0
2026-09-28,Chiapas,Parkinson,general,4
2026-09-28,Chiapas,Parkinson,hombres,3
2026-09-28,Chiapas,Parkinson,mujeres,1
2026-10-05,Chiapas,Parkinson,general,4
2026-10-05,Chiapas,Parkinson,hombres,0
2026-10-05,Chiapas,Parkinson,mujeres,0
2026-10-12,Chiapas,Parkinson,general,3
2026-10-12,Chiapas,Parkinson,hombres,1
2026-10-12,Chiapas,Parkinson,mujeres,1
2026-10-19,Chiapas,Parkinson,general,3
2026-10-19,Chiapas,Parkinson,hombres,1
2026-10-19,Chiapas,Parkinson,mujeres,1
2026-10-26,Chiapas,Parkinson,general,4
2026-10-26,Chiapas,Parkinson,hombres,1
2026-10-26,Chiapas,Parkinson,mujeres,1
2026-11-02,Chiapas,Parkinson,general,3
2026-11-02,Chiapas,Parkinson,hombres,1
2026-11-02,Chiapas,Parkinson,mujeres,2
2026-11-09,Chiapas,Parkinson,general,2
2026-11-09,Chiapas,Parkinson,hombres,1
2026-11-09,Chiapas,Parkinson,mujeres,3
2026-11-16,Chiapas,Parkinson,general,4
2026-11-16,Chiapas,Parkinson,hombres,1
2026-11-16,Chiapas,Parkinson,mujeres,1
2026-11-23,Chiapas,Parkinson,general,4
2026-11-23,Chiapas,Parkinson,hombres,1
2026-11-23,Chiapas,Parkinson,mujeres,0
2026-11-30,Chiapas,Parkinson,general,1
2026-11-30,Chiapas,Parkinson,hombres,1
2026-11-30,Chiapas,Parkinson,mujeres,0
2026-12-07,Chiapas,Parkinson,general,4
2026-12-07,Chiapas,Parkinson,hombres,1
2026-12-07,Chiapas,Parkinson,mujeres,2
2026-12-14,Chiapas,Parkinson,general,3
2026-12-14,Chiapas,Parkinson,hombres,2
2026-12-14,Chiapas,Parkinson,mujeres,2
2026-12-21,Chiapas,Parkinson,general,4
2026-12-21,Chiapas,Parkinson,hombres,2
2026-12-21,Chiapas,Parkinson,mujeres,1
2026-12-28,Chiapas,Parkinson,general,2
2026-12-28,Chiapas,Parkinson,hombres,2
2026-12-28,Chiapas,Parkinson,mujeres,2
2027-01-04,Chiapas,Parkinson,general,1
2027-01-04,Chiapas,Parkinson,hombres,1
2027-01-04,Chiapas,Parkinson,mujeres,1
2027-01-11,Chiapas,Parkinson,general,3
2027-01-11,Chiapas,Parkinson,hombres,1
2027-01-11,Chiapas,Parkinson,mujeres,3
2027-01-18,Chiapas,Parkinson,general,3
2027-01-18,Chiapas,Parkinson,hombres,1
2027-01-18,Chiapas,Parkinson,mujeres,2
2027-01-25,Chiapas,Parkinson,general,8
2027-01-25,Chiapas,Parkinson,hombres,1
2027-01-25,Chiapas,Parkinson,mujeres,1
2026-02-02,Chihuahua,Parkinson,general,6
2026-02-02,Chihuahua,Parkinson,hombres,4
2026-02-02,Chihuahua,Parkinson,mujeres,4
2026-02-09,Chihuahua,Parkinson,general,9
2026-02-09,Chihuahua,Parkinson,hombres,2
2026-02-09,Chihuahua,Parkinson,mujeres,4
2026-02-16,Chihuahua,Parkinson,general,7
2026-02-16,Chihuahua,Parkinson,hombres,3
2026-02-16,Chihuahua,Parkinson,mujeres,5
2026-02-23,Chihuahua,Parkinson,general,9
2026-02-23,Chihuahua,Parkinson,hombres,5
2026-02-23,Chihuahua,Parkinson,mujeres,5
2026-03-02,Chihuahua,Parkinson,general,7
2026-03-02,Chihuahua,Parkinson,hombres,4
2026-03-02,Chihuahua,Parkinson,mujeres,4
2026-03-09,Chihuahua,Parkinson,general,5
2026-03-09,Chihuahua,Parkinson,hombres,4
2026-03-09,Chihuahua,Parkinson,mujeres,4
2026-03-16,Chihuahua,Parkinson,general,7
2026-03-16,Chihuahua,Parkinson,hombres,3
2026-03-16,Chihuahua,Parkinson,mujeres,3
2026-03-23,Chihuahua,Parkinson,general,5
2026-03-23,Chihuahua,Parkinson,hombres,2
2026-03-23,Chihuahua,Parkinson,mujeres,5
2026-03-30,Chihuahua,Parkinson,general,6
2026-03-30,Chihuahua,Parkinson,hombres,2
2026-03-30,Chihuahua,Parkinson,mujeres,5
2026-04-06,Chihuahua,Parkinson,general,7
2026-04-06,Chihuahua,Parkinson,hombres,3
2026-04-06,Chihuahua,Parkinson,mujeres,2
2026-04-13,Chihuahua,Parkinson,general,6
2026-04-13,Chihuahua,Parkinson,hombres,4
2026-04-13,Chihuahua,Parkinson,mujeres,2
2026-04-20,Chihuahua,Parkinson,general,5
2026-04-20,Chihuahua,Parkinson,hombres,4
2026-04-20,Chihuahua,Parkinson,mujeres,3
2026-04-27,Chihuahua,Parkinson,general,5
2026-04-27,Chihuahua,Parkinson,hombres,2
2026-04-27,Chihuahua,Parkinson,mujeres,6
2026-05-04,Chihuahua,Parkinson,general,7
2026-05-04,Chihuahua,Parkinson,hombres,3
2026-05-04,Chihuahua,Parkinson,mujeres,3
2026-05-11,Chihuahua,Parkinson,general,6
2026-05-11,Chihuahua,Parkinson,hombres,4
2026-05-11,Chihuahua,Parkinson,mujeres,3
2026-05-18,Chihuahua,Parkinson,general,6
2026-05-18,Chihuahua,Parkinson,hombres,4
2026-05-18,Chihuahua,Parkinson,mujeres,5
2026-05-25,Chihuahua,Parkinson,general,6
2026-05-25,Chihuahua,Parkinson,hombres,2
2026-05-25,Chihuahua,Parkinson,mujeres,7
2026-06-01,Chihuahua,Parkinson,general,7
2026-06-01,Chihuahua,Parkinson,hombres,3
2026-06-01,Chihuahua,Parkinson,mujeres,3
2026-06-08,Chihuahua,Parkinson,general,6
2026-06-08,Chihuahua,Parkinson,hombres,4
2026-06-08,Chihuahua,Parkinson,mujeres,6
2026-06-15,Chihuahua,Parkinson,general,5
2026-06-15,Chihuahua,Parkinson,hombres,1
2026-06-15,Chihuahua,Parkinson,mujeres,5
2026-06-22,Chihuahua,Parkinson,general,6
2026-06-22,Chihuahua,Parkinson,hombres,3
2026-06-22,Chihuahua,Parkinson,mujeres,4
2026-06-29,Chihuahua,Parkinson,general,6
2026-06-29,Chihuahua,Parkinson,hombres,4
2026-06-29,Chihuahua,Parkinson,mujeres,5
2026-07-06,Chihuahua,Parkinson,general,6
2026-07-06,Chihuahua,Parkinson,hombres,2
2026-07-06,Chihuahua,Parkinson,mujeres,4
2026-07-13,Chihuahua,Parkinson,general,5
2026-07-13,Chihuahua,Parkinson,hombres,1
2026-07-13,Chihuahua,Parkinson,mujeres,5
2026-07-20,Chihuahua,Parkinson,general,5
2026-07-20,Chihuahua,Parkinson,hombres,1
2026-07-20,Chihuahua,Parkinson,mujeres,4
2026-07-27,Chihuahua,Parkinson,general,5
2026-07-27,Chihuahua,Parkinson,hombres,4
2026-07-27,Chihuahua,Parkinson,mujeres,5
2026-08-03,Chihuahua,Parkinson,general,4
2026-08-03,Chihuahua,Parkinson,hombres,4
2026-08-03,Chihuahua,Parkinson,mujeres,3
2026-08-10,Chihuahua,Parkinson,general,5
2026-08-10,Chihuahua,Parkinson,hombres,2
2026-08-10,Chihuahua,Parkinson,mujeres,4
2026-08-17,Chihuahua,Parkinson,general,5
2026-08-17,Chihuahua,Parkinson,hombres,3
2026-08-17,Chihuahua,Parkinson,mujeres,3
2026-08-24,Chihuahua,Parkinson,general,4
2026-08-24,Chihuahua,Parkinson,hombres,3
2026-08-24,Chihuahua,Parkinson,mujeres,4
2026-08-31,Chihuahua,Parkinson,general,4
2026-08-31,Chihuahua,Parkinson,hombres,3
2026-08-31,Chihuahua,Parkinson,mujeres,3
2026-09-07,Chihuahua,Parkinson,general,4
2026-09-07,Chihuahua,Parkinson,hombres,2
2026-09-07,Chihuahua,Parkinson,mujeres,5
2026-09-14,Chihuahua,Parkinson,general,4
2026-09-14,Chihuahua,Parkinson,hombres,3
2026-09-14,Chihuahua,Parkinson,mujeres,5
2026-09-21,Chihuahua,Parkinson,general,4
2026-09-21,Chihuahua,Parkinson,hombres,6
2026-09-21,Chihuahua,Parkinson,mujeres,4
2026-09-28,Chihuahua,Parkinson,general,4
2026-09-28,Chihuahua,Parkinson,hombres,3
2026-09-28,Chihuahua,Parkinson,mujeres,5
2026-10-05,Chihuahua,Parkinson,general,5
2026-10-05,Chihuahua,Parkinson,hombres,4
2026-10-05,Chihuahua,Parkinson,mujeres,5
2026-10-12,Chihuahua,Parkinson,general,3
2026-10-12,Chihuahua,Parkinson,hombres,3
2026-10-12,Chihuahua,Parkinson,mujeres,6
2026-10-19,Chihuahua,Parkinson,general,2
2026-10-19,Chihuahua,Parkinson,hombres,4
2026-10-19,Chihuahua,Parkinson,mujeres,3
2026-10-26,Chihuahua,Parkinson,general,2
2026-10-26,Chihuahua,Parkinson,hombres,2
2026-10-26,Chihuahua,Parkinson,mujeres,3
2026-11-02,Chihuahua,Parkinson,general,5
2026-11-02,Chihuahua,Parkinson,hombres,5
2026-11-02,Chihuahua,Parkinson,mujeres,4
2026-11-09,Chihuahua,Parkinson,general,2
2026-11-09,Chihuahua,Parkinson,hombres,2
2026-11-09,Chihuahua,Parkinson,mujeres,5
2026-11-16,Chihuahua,Parkinson,general,2
2026-11-16,Chihuahua,Parkinson,hombres,2
2026-11-16,Chihuahua,Parkinson,mujeres,3
2026-11-23,Chihuahua,Parkinson,general,3
2026-11-23,Chihuahua,Parkinson,hombres,2
2026-11-23,Chihuahua,Parkinson,mujeres,5
2026-11-30,Chihuahua,Parkinson,general,3
2026-11-30,Chihuahua,Parkinson,hombres,2
2026-11-30,Chihuahua,Parkinson,mujeres,3
2026-12-07,Chihuahua,Parkinson,general,4
2026-12-07,Chihuahua,Parkinson,hombres,3
2026-12-07,Chihuahua,Parkinson,mujeres,4
2026-12-14,Chihuahua,Parkinson,general,4
2026-12-14,Chihuahua,Parkinson,hombres,4
2026-12-14,Chihuahua,Parkinson,mujeres,5
2026-12-21,Chihuahua,Parkinson,general,2
2026-12-21,Chihuahua,Parkinson,hombres,3
2026-12-21,Chihuahua,Parkinson,mujeres,3
2026-12-28,Chihuahua,Parkinson,general,2
2026-12-28,Chihuahua,Parkinson,hombres,3
2026-12-28,Chihuahua,Parkinson,mujeres,3
2027-01-04,Chihuahua,Parkinson,general,6
2027-01-04,Chihuahua,Parkinson,hombres,4
2027-01-04,Chihuahua,Parkinson,mujeres,7
2027-01-11,Chihuahua,Parkinson,general,4
2027-01-11,Chihuahua,Parkinson,hombres,4
2027-01-11,Chihuahua,Parkinson,mujeres,6
2027-01-18,Chihuahua,Parkinson,general,2
2027-01-18,Chihuahua,Parkinson,hombres,2
2027-01-18,Chihuahua,Parkinson,mujeres,4
2027-01-25,Chihuahua,Parkinson,general,2
2027-01-25,Chihuahua,Parkinson,hombres,7
2027-01-25,Chihuahua,Parkinson,mujeres,3
2026-02-02,Ciudad de México,Parkinson,general,9
2026-02-02,Ciudad de México,Parkinson,hombres,5
2026-02-02,Ciudad de México,Parkinson,mujeres,2
2026-02-09,Ciudad de México,Parkinson,general,2
2026-02-09,Ciudad de México,Parkinson,hombres,2
2026-02-09,Ciudad de México,Parkinson,mujeres,2
2026-02-16,Ciudad de México,Parkinson,general,3
2026-02-16,Ciudad de México,Parkinson,hombres,4
2026-02-16,Ciudad de México,Parkinson,mujeres,1
2026-02-23,Ciudad de México,Parkinson,general,4
2026-02-23,Ciudad de México,Parkinson,hombres,3
2026-02-23,Ciudad de México,Parkinson,mujeres,1
2026-03-02,Ciudad de México,Parkinson,general,3
2026-03-02,Ciudad de México,Parkinson,hombres,2
2026-03-02,Ciudad de México,Parkinson,mujeres,1
2026-03-09,Ciudad de México,Parkinson,general,5
2026-03-09,Ciudad de México,Parkinson,hombres,2
2026-03-09,Ciudad de México,Parkinson,mujeres,2
2026-03-16,Ciudad de México,Parkinson,general,4
2026-03-16,Ciudad de México,Parkinson,hombres,4
2026-03-16,Ciudad de México,Parkinson,mujeres,2
2026-03-23,Ciudad de México,Parkinson,general,5
2026-03-23,Ciudad de México,Parkinson,hombres,2
2026-03-23,Ciudad de México,Parkinson,mujeres,2
2026-03-30,Ciudad de México,Parkinson,general,7
2026-03-30,Ciudad de México,Parkinson,hombres,5
2026-03-30,Ciudad de México,Parkinson,mujeres,2
2026-04-06,Ciudad de México,Parkinson,general,4
2026-04-06,Ciudad de México,Parkinson,hombres,2
2026-04-06,Ciudad de México,Parkinson,mujeres,1
2026-04-13,Ciudad de México,Parkinson,general,5
2026-04-13,Ciudad de México,Parkinson,hombres,5
2026-04-13,Ciudad de México,Parkinson,mujeres,1
2026-04-20,Ciudad de México,Parkinson,general,9
2026-04-20,Ciudad de México,Parkinson,hombres,3
2026-04-20,Ciudad de México,Parkinson,mujeres,2
2026-04-27,Ciudad de México,Parkinson,general,3
2026-04-27,Ciudad de México,Parkinson,hombres,4
2026-04-27,Ciudad de México,Parkinson,mujeres,2
2026-05-04,Ciudad de México,Parkinson,general,7
2026-05-04,Ciudad de México,Parkinson,hombres,3
2026-05-04,Ciudad de México,Parkinson,mujeres,1
2026-05-11,Ciudad de México,Parkinson,general,8
2026-05-11,Ciudad de México,Parkinson,hombres,2
2026-05-11,Ciudad de México,Parkinson,mujeres,2
2026-05-18,Ciudad de México,Parkinson,general,7
2026-05-18,Ciudad de México,Parkinson,hombres,2
2026-05-18,Ciudad de México,Parkinson,mujeres,2
2026-05-25,Ciudad de México,Parkinson,general,11
2026-05-25,Ciudad de México,Parkinson,hombres,2
2026-05-25,Ciudad de México,Parkinson,mujeres,2
2026-06-01,Ciudad de México,Parkinson,general,5
2026-06-01,Ciudad de México,Parkinson,hombres,2
2026-06-01,Ciudad de México,Parkinson,mujeres,2
2026-06-08,Ciudad de México,Parkinson,general,10
2026-06-08,Ciudad de México,Parkinson,hombres,2
2026-06-08,Ciudad de México,Parkinson,mujeres,2
2026-06-15,Ciudad de México,Parkinson,general,9
2026-06-15,Ciudad de México,Parkinson,hombres,3
2026-06-15,Ciudad de México,Parkinson,mujeres,2
2026-06-22,Ciudad de México,Parkinson,general,7
2026-06-22,Ciudad de México,Parkinson,hombres,2
2026-06-22,Ciudad de México,Parkinson,mujeres,2
2026-06-29,Ciudad de México,Parkinson,general,8
2026-06-29,Ciudad de México,Parkinson,hombres,3
2026-06-29,Ciudad de México,Parkinson,mujeres,1
2026-07-06,Ciudad de México,Parkinson,general,7
2026-07-06,Ciudad de México,Parkinson,hombres,3
2026-07-06,Ciudad de México,Parkinson,mujeres,1
2026-07-13,Ciudad de México,Parkinson,general,5
2026-07-13,Ciudad de México,Parkinson,hombres,2
2026-07-13,Ciudad de México,Parkinson,mujeres,2
2026-07-20,Ciudad de México,Parkinson,general,7
2026-07-20,Ciudad de México,Parkinson,hombres,1
2026-07-20,Ciudad de México,Parkinson,mujeres,1
2026-07-27,Ciudad de México,Parkinson,general,4
2026-07-27,Ciudad de México,Parkinson,hombres,2
2026-07-27,Ciudad de México,Parkinson,mujeres,1
2026-08-03,Ciudad de México,Parkinson,general,8
2026-08-03,Ciudad de México,Parkinson,hombres,4
2026-08-03,Ciudad de México,Parkinson,mujeres,1
2026-08-10,Ciudad de México,Parkinson,general,9
2026-08-10,Ciudad de México,Parkinson,hombres,1
2026-08-10,Ciudad de México,Parkinson,mujeres,1
2026-08-17,Ciudad de México,Parkinson,general,12
2026-08-17,Ciudad de México,Parkinson,hombres,1
2026-08-17,Ciudad de México,Parkinson,mujeres,2
2026-08-24,Ciudad de México,Parkinson,general,8
2026-08-24,Ciudad de México,Parkinson,hombres,2
2026-08-24,Ciudad de México,Parkinson,mujeres,1
2026-08-31,Ciudad de México,Parkinson,general,7
2026-08-31,Ciudad de México,Parkinson,hombres,3
2026-08-31,Ciudad de México,Parkinson,mujeres,1
2026-09-07,Ciudad de México,Parkinson,general,5
2026-09-07,Ciudad de México,Parkinson,hombres,1
2026-09-07,Ciudad de México,Parkinson,mujeres,1
2026-09-14,Ciudad de México,Parkinson,general,5
2026-09-14,Ciudad de México,Parkinson,hombres,2
2026-09-14,Ciudad de México,Parkinson,mujeres,1
2026-09-21,Ciudad de México,Parkinson,general,4
2026-09-21,Ciudad de México,Parkinson,hombres,2
2026-09-21,Ciudad de México,Parkinson,mujeres,1
2026-09-28,Ciudad de México,Parkinson,general,7
2026-09-28,Ciudad de México,Parkinson,hombres,3
2026-09-28,Ciudad de México,Parkinson,mujeres,0
2026-10-05,Ciudad de México,Parkinson,general,5
2026-10-05,Ciudad de México,Parkinson,hombres,2
2026-10-05,Ciudad de México,Parkinson,mujeres,1
2026-10-12,Ciudad de México,Parkinson,general,3
2026-10-12,Ciudad de México,Parkinson,hombres,2
2026-10-12,Ciudad de México,Parkinson,mujeres,1
2026-10-19,Ciudad de México,Parkinson,general,9
2026-10-19,Ciudad de México,Parkinson,hombres,1
2026-10-19,Ciudad de México,Parkinson,mujeres,2
2026-10-26,Ciudad de México,Parkinson,general,5
2026-10-26,Ciudad de México,Parkinson,hombres,1
2026-10-26,Ciudad de México,Parkinson,mujeres,1
2026-11-02,Ciudad de México,Parkinson,general,6
2026-11-02,Ciudad de México,Parkinson,hombres,0
2026-11-02,Ciudad de México,Parkinson,mujeres,1
2026-11-09,Ciudad de México,Parkinson,general,6
2026-11-09,Ciudad de México,Parkinson,hombres,2
2026-11-09,Ciudad de México,Parkinson,mujeres,1
2026-11-16,Ciudad de México,Parkinson,general,5
2026-11-16,Ciudad de México,Parkinson,hombres,2
2026-11-16,Ciudad de México,Parkinson,mujeres,1
2026-11-23,Ciudad de México,Parkinson,general,5
2026-11-23,Ciudad de México,Parkinson,hombres,3
2026-11-23,Ciudad de México,Parkinson,mujeres,1
2026-11-30,Ciudad de México,Parkinson,general,5
2026-11-30,Ciudad de México,Parkinson,hombres,3
2026-11-30,Ciudad de México,Parkinson,mujeres,1
2026-12-07,Ciudad de México,Parkinson,general,6
2026-12-07,Ciudad de México,Parkinson,hombres,4
2026-12-07,Ciudad de México,Parkinson,mujeres,1
2026-12-14,Ciudad de México,Parkinson,general,5
2026-12-14,Ciudad de México,Parkinson,hombres,3
2026-12-14,Ciudad de México,Parkinson,mujeres,2
2026-12-21,Ciudad de México,Parkinson,general,5
2026-12-21,Ciudad de México,Parkinson,hombres,1
2026-12-21,Ciudad de México,Parkinson,mujeres,2
2026-12-28,Ciudad de México,Parkinson,general,9
2026-12-28,Ciudad de México,Parkinson,hombres,2
2026-12-28,Ciudad de México,Parkinson,mujeres,1
2027-01-04,Ciudad de México,Parkinson,general,4
2027-01-04,Ciudad de México,Parkinson,hombres,2
2027-01-04,Ciudad de México,Parkinson,mujeres,1
2027-01-11,Ciudad de México,Parkinson,general,6
2027-01-11,Ciudad de México,Parkinson,hombres,1
2027-01-11,Ciudad de México,Parkinson,mujeres,1
2027-01-18,Ciudad de México,Parkinson,general,6
2027-01-18,Ciudad de México,Parkinson,hombres,2
2027-01-18,Ciudad de México,Parkinson,mujeres,1
2027-01-25,Ciudad de México,Parkinson,general,6
2027-01-25,Ciudad de México,Parkinson,hombres,4
2027-01-25,Ciudad de México,Parkinson,mujeres,1
2026-02-02,Coahuila,Parkinson,general,2
2026-02-02,Coahuila,Parkinson,hombres,3
2026-02-02,Coahuila,Parkinson,mujeres,2
2026-02-09,Coahuila,Parkinson,general,3
2026-02-09,Coahuila,Parkinson,hombres,3
2026-02-09,Coahuila,Parkinson,mujeres,2
2026-02-16,Coahuila,Parkinson,general,5
2026-02-16,Coahuila,Parkinson,hombres,3
2026-02-16,Coahuila,Parkinson,mujeres,2
2026-02-23,Coahuila,Parkinson,general,3
2026-02-23,Coahuila,Parkinson,hombres,3
2026-02-23,Coahuila,Parkinson,mujeres,2
2026-03-02,Coahuila,Parkinson,general,6
2026-03-02,Coahuila,Parkinson,hombres,3
2026-03-02,Coahuila,Parkinson,mujeres,1
2026-03-09,Coahuila,Parkinson,general,2
2026-03-09,Coahuila,Parkinson,hombres,3
2026-03-09,Coahuila,Parkinson,mujeres,2
2026-03-16,Coahuila,Parkinson,general,7
2026-03-16,Coahuila,Parkinson,hombres,3
2026-03-16,Coahuila,Parkinson,mujeres,3
2026-03-23,Coahuila,Parkinson,general,3
2026-03-23,Coahuila,Parkinson,hombres,2
2026-03-23,Coahuila,Parkinson,mujeres,4
2026-03-30,Coahuila,Parkinson,general,8
2026-03-30,Coahuila,Parkinson,hombres,2
2026-03-30,Coahuila,Parkinson,mujeres,4
2026-04-06,Coahuila,Parkinson,general,2
2026-04-06,Coahuila,Parkinson,hombres,2
2026-04-06,Coahuila,Parkinson,mujeres,3
2026-04-13,Coahuila,Parkinson,general,7
2026-04-13,Coahuila,Parkinson,hombres,2
2026-04-13,Coahuila,Parkinson,mujeres,2
2026-04-20,Coahuila,Parkinson,general,9
2026-04-20,Coahuila,Parkinson,hombres,2
2026-04-20,Coahuila,Parkinson,mujeres,3
2026-04-27,Coahuila,Parkinson,general,2
2026-04-27,Coahuila,Parkinson,hombres,2
2026-04-27,Coahuila,Parkinson,mujeres,3
2026-05-04,Coahuila,Parkinson,general,8
2026-05-04,Coahuila,Parkinson,hombres,2
2026-05-04,Coahuila,Parkinson,mujeres,4
2026-05-11,Coahuila,Parkinson,general,3
2026-05-11,Coahuila,Parkinson,hombres,2
2026-05-11,Coahuila,Parkinson,mujeres,4
2026-05-18,Coahuila,Parkinson,general,7
2026-05-18,Coahuila,Parkinson,hombres,3
2026-05-18,Coahuila,Parkinson,mujeres,4
2026-05-25,Coahuila,Parkinson,general,7
2026-05-25,Coahuila,Parkinson,hombres,3
2026-05-25,Coahuila,Parkinson,mujeres,2
2026-06-01,Coahuila,Parkinson,general,4
2026-06-01,Coahuila,Parkinson,hombres,3
2026-06-01,Coahuila,Parkinson,mujeres,3
2026-06-08,Coahuila,Parkinson,general,5
2026-06-08,Coahuila,Parkinson,hombres,3
2026-06-08,Coahuila,Parkinson,mujeres,3
2026-06-15,Coahuila,Parkinson,general,7
2026-06-15,Coahuila,Parkinson,hombres,2
2026-06-15,Coahuila,Parkinson,mujeres,2
2026-06-22,Coahuila,Parkinson,general,4
2026-06-22,Coahuila,Parkinson,hombres,2
2026-06-22,Coahuila,Parkinson,mujeres,1
2026-06-29,Coahuila,Parkinson,general,3
2026-06-29,Coahuila,Parkinson,hombres,2
2026-06-29,Coahuila,Parkinson,mujeres,2
2026-07-06,Coahuila,Parkinson,general,2
2026-07-06,Coahuila,Parkinson,hombres,3
2026-07-06,Coahuila,Parkinson,mujeres,2
2026-07-13,Coahuila,Parkinson,general,2
2026-07-13,Coahuila,Parkinson,hombres,3
2026-07-13,Coahuila,Parkinson,mujeres,3
2026-07-20,Coahuila,Parkinson,general,3
2026-07-20,Coahuila,Parkinson,hombres,3
2026-07-20,Coahuila,Parkinson,mujeres,3
2026-07-27,Coahuila,Parkinson,general,4
2026-07-27,Coahuila,Parkinson,hombres,3
2026-07-27,Coahuila,Parkinson,mujeres,2
2026-08-03,Coahuila,Parkinson,general,4
2026-08-03,Coahuila,Parkinson,hombres,3
2026-08-03,Coahuila,Parkinson,mujeres,2
2026-08-10,Coahuila,Parkinson,general,8
2026-08-10,Coahuila,Parkinson,hombres,3
2026-08-10,Coahuila,Parkinson,mujeres,2
2026-08-17,Coahuila,Parkinson,general,5
2026-08-17,Coahuila,Parkinson,hombres,3
2026-08-17,Coahuila,Parkinson,mujeres,2
2026-08-24,Coahuila,Parkinson,general,8
2026-08-24,Coahuila,Parkinson,hombres,2
2026-08-24,Coahuila,Parkinson,mujeres,1
2026-08-31,Coahuila,Parkinson,general,4
2026-08-31,Coahuila,Parkinson,hombres,2
2026-08-31,Coahuila,Parkinson,mujeres,2
2026-09-07,Coahuila,Parkinson,general,7
2026-09-07,Coahuila,Parkinson,hombres,2
2026-09-07,Coahuila,Parkinson,mujeres,1
2026-09-14,Coahuila,Parkinson,general,6
2026-09-14,Coahuila,Parkinson,hombres,2
2026-09-14,Coahuila,Parkinson,mujeres,1
2026-09-21,Coahuila,Parkinson,general,4
2026-09-21,Coahuila,Parkinson,hombres,2
2026-09-21,Coahuila,Parkinson,mujeres,2
2026-09-28,Coahuila,Parkinson,general,5
2026-09-28,Coahuila,Parkinson,hombres,2
2026-09-28,Coahuila,Parkinson,mujeres,2
2026-10-05,Coahuila,Parkinson,general,6
2026-10-05,Coahuila,Parkinson,hombres,2
2026-10-05,Coahuila,Parkinson,mujeres,2
2026-10-12,Coahuila,Parkinson,general,3
2026-10-12,Coahuila,Parkinson,hombres,2
2026-10-12,Coahuila,Parkinson,mujeres,3
2026-10-19,Coahuila,Parkinson,general,7
2026-10-19,Coahuila,Parkinson,hombres,2
2026-10-19,Coahuila,Parkinson,mujeres,2
2026-10-26,Coahuila,Parkinson,general,2
2026-10-26,Coahuila,Parkinson,hombres,3
2026-10-26,Coahuila,Parkinson,mujeres,1
2026-11-02,Coahuila,Parkinson,general,2
2026-11-02,Coahuila,Parkinson,hombres,3
2026-11-02,Coahuila,Parkinson,mujeres,1
2026-11-09,Coahuila,Parkinson,general,2
2026-11-09,Coahuila,Parkinson,hombres,3
2026-11-09,Coahuila,Parkinson,mujeres,1
2026-11-16,Coahuila,Parkinson,general,4
2026-11-16,Coahuila,Parkinson,hombres,2
2026-11-16,Coahuila,Parkinson,mujeres,1
2026-11-23,Coahuila,Parkinson,general,2
2026-11-23,Coahuila,Parkinson,hombres,2
2026-11-23,Coahuila,Parkinson,mujeres,1
2026-11-30,Coahuila,Parkinson,general,3
2026-11-30,Coahuila,Parkinson,hombres,2
2026-11-30,Coahuila,Parkinson,mujeres,1
2026-12-07,Coahuila,Parkinson,general,2
2026-12-07,Coahuila,Parkinson,hombres,2
2026-12-07,Coahuila,Parkinson,mujeres,2
2026-12-14,Coahuila,Parkinson,general,5
2026-12-14,Coahuila,Parkinson,hombres,2
2026-12-14,Coahuila,Parkinson,mujeres,3
2026-12-21,Coahuila,Parkinson,general,5
2026-12-21,Coahuila,Parkinson,hombres,2
2026-12-21,Coahuila,Parkinson,mujeres,3
2026-12-28,Coahuila,Parkinson,general,7
2026-12-28,Coahuila,Parkinson,hombres,2
2026-12-28,Coahuila,Parkinson,mujeres,2
2027-01-04,Coahuila,Parkinson,general,3
2027-01-04,Coahuila,Parkinson,hombres,2
2027-01-04,Coahuila,Parkinson,mujeres,2
2027-01-11,Coahuila,Parkinson,general,5
2027-01-11,Coahuila,Parkinson,hombres,2
2027-01-11,Coahuila,Parkinson,mujeres,1
2027-01-18,Coahuila,Parkinson,general,2
2027-01-18,Coahuila,Parkinson,hombres,2
2027-01-18,Coahuila,Parkinson,mujeres,2
2027-01-25,Coahuila,Parkinson,general,4
2027-01-25,Coahuila,Parkinson,hombres,3
2027-01-25,Coahuila,Parkinson,mujeres,1
2026-02-02,Colima,Parkinson,general,4
2026-02-02,Colima,Parkinson,hombres,4
2026-02-02,Colima,Parkinson,mujeres,2
2026-02-09,Colima,Parkinson,general,4
2026-02-09,Colima,Parkinson,hombres,8
2026-02-09,Colima,Parkinson,mujeres,2
2026-02-16,Colima,Parkinson,general,3
2026-02-16,Colima,Parkinson,hombres,2
2026-02-16,Colima,Parkinson,mujeres,0
2026-02-23,Colima,Parkinson,general,4
2026-02-23,Colima,Parkinson,hombres,2
2026-02-23,Colima,Parkinson,mujeres,3
2026-03-02,Colima,Parkinson,general,5
2026-03-02,Colima,Parkinson,hombres,3
2026-03-02,Colima,Parkinson,mujeres,3
2026-03-09,Colima,Parkinson,general,3
2026-03-09,Colima,Parkinson,hombres,2
2026-03-09,Colima,Parkinson,mujeres,2
2026-03-16,Colima,Parkinson,general,9
2026-03-16,Colima,Parkinson,hombres,1
2026-03-16,Colima,Parkinson,mujeres,2
2026-03-23,Colima,Parkinson,general,4
2026-03-23,Colima,Parkinson,hombres,0
2026-03-23,Colima,Parkinson,mujeres,2
2026-03-30,Colima,Parkinson,general,6
2026-03-30,Colima,Parkinson,hombres,1
2026-03-30,Colima,Parkinson,mujeres,2
2026-04-06,Colima,Parkinson,general,7
2026-04-06,Colima,Parkinson,hombres,1
2026-04-06,Colima,Parkinson,mujeres,1
2026-04-13,Colima,Parkinson,general,7
2026-04-13,Colima,Parkinson,hombres,2
2026-04-13,Colima,Parkinson,mujeres,4
2026-04-20,Colima,Parkinson,general,8
2026-04-20,Colima,Parkinson,hombres,1
2026-04-20,Colima,Parkinson,mujeres,2
2026-04-27,Colima,Parkinson,general,4
2026-04-27,Colima,Parkinson,hombres,1
2026-04-27,Colima,Parkinson,mujeres,2
2026-05-04,Colima,Parkinson,general,6
2026-05-04,Colima,Parkinson,hombres,2
2026-05-04,Colima,Parkinson,mujeres,1
2026-05-11,Colima,Parkinson,general,10
2026-05-11,Colima,Parkinson,hombres,2
2026-05-11,Colima,Parkinson,mujeres,2
2026-05-18,Colima,Parkinson,general,3
2026-05-18,Colima,Parkinson,hombres,1
2026-05-18,Colima,Parkinson,mujeres,1
2026-05-25,Colima,Parkinson,general,4
2026-05-25,Colima,Parkinson,hombres,0
2026-05-25,Colima,Parkinson,mujeres,1
2026-06-01,Colima,Parkinson,general,3
2026-06-01,Colima,Parkinson,hombres,2
2026-06-01,Colima,Parkinson,mujeres,2
2026-06-08,Colima,Parkinson,general,4
2026-06-08,Colima,Parkinson,hombres,2
2026-06-08,Colima,Parkinson,mujeres,2
2026-06-15,Colima,Parkinson,general,6
2026-06-15,Colima,Parkinson,hombres,1
2026-06-15,Colima,Parkinson,mujeres,1
2026-06-22,Colima,Parkinson,general,3
2026-06-22,Colima,Parkinson,hombres,1
2026-06-22,Colima,Parkinson,mujeres,2
2026-06-29,Colima,Parkinson,general,4
2026-06-29,Colima,Parkinson,hombres,1
2026-06-29,Colima,Parkinson,mujeres,2
2026-07-06,Colima,Parkinson,general,6
2026-07-06,Colima,Parkinson,hombres,1
2026-07-06,Colima,Parkinson,mujeres,2
2026-07-13,Colima,Parkinson,general,5
2026-07-13,Colima,Parkinson,hombres,2
2026-07-13,Colima,Parkinson,mujeres,1
2026-07-20,Colima,Parkinson,general,5
2026-07-20,Colima,Parkinson,hombres,1
2026-07-20,Colima,Parkinson,mujeres,1
2026-07-27,Colima,Parkinson,general,3
2026-07-27,Colima,Parkinson,hombres,0
2026-07-27,Colima,Parkinson,mujeres,1
2026-08-03,Colima,Parkinson,general,5
2026-08-03,Colima,Parkinson,hombres,0
2026-08-03,Colima,Parkinson,mujeres,1
2026-08-10,Colima,Parkinson,general,6
2026-08-10,Colima,Parkinson,hombres,0
2026-08-10,Colima,Parkinson,mujeres,2
2026-08-17,Colima,Parkinson,general,3
2026-08-17,Colima,Parkinson,hombres,1
2026-08-17,Colima,Parkinson,mujeres,1
2026-08-24,Colima,Parkinson,general,4
2026-08-24,Colima,Parkinson,hombres,1
2026-08-24,Colima,Parkinson,mujeres,1
2026-08-31,Colima,Parkinson,general,3
2026-08-31,Colima,Parkinson,hombres,0
2026-08-31,Colima,Parkinson,mujeres,2
2026-09-07,Colima,Parkinson,general,5
2026-09-07,Colima,Parkinson,hombres,3
2026-09-07,Colima,Parkinson,mujeres,3
2026-09-14,Colima,Parkinson,general,7
2026-09-14,Colima,Parkinson,hombres,0
2026-09-14,Colima,Parkinson,mujeres,3
2026-09-21,Colima,Parkinson,general,4
2026-09-21,Colima,Parkinson,hombres,3
2026-09-21,Colima,Parkinson,mujeres,1
2026-09-28,Colima,Parkinson,general,6
2026-09-28,Colima,Parkinson,hombres,1
2026-09-28,Colima,Parkinson,mujeres,1
2026-10-05,Colima,Parkinson,general,4
2026-10-05,Colima,Parkinson,hombres,3
2026-10-05,Colima,Parkinson,mujeres,1
2026-10-12,Colima,Parkinson,general,5
2026-10-12,Colima,Parkinson,hombres,1
2026-10-12,Colima,Parkinson,mujeres,1
2026-10-19,Colima,Parkinson,general,3
2026-10-19,Colima,Parkinson,hombres,2
2026-10-19,Colima,Parkinson,mujeres,1
2026-10-26,Colima,Parkinson,general,2
2026-10-26,Colima,Parkinson,hombres,2
2026-10-26,Colima,Parkinson,mujeres,3
2026-11-02,Colima,Parkinson,general,4
2026-11-02,Colima,Parkinson,hombres,3
2026-11-02,Colima,Parkinson,mujeres,2
2026-11-09,Colima,Parkinson,general,7
2026-11-09,Colima,Parkinson,hombres,4
2026-11-09,Colima,Parkinson,mujeres,2
2026-11-16,Colima,Parkinson,general,2
2026-11-16,Colima,Parkinson,hombres,3
2026-11-16,Colima,Parkinson,mujeres,1
2026-11-23,Colima,Parkinson,general,3
2026-11-23,Colima,Parkinson,hombres,5
2026-11-23,Colima,Parkinson,mujeres,0
2026-11-30,Colima,Parkinson,general,3
2026-11-30,Colima,Parkinson,hombres,3
2026-11-30,Colima,Parkinson,mujeres,4
2026-12-07,Colima,Parkinson,general,4
2026-12-07,Colima,Parkinson,hombres,4
2026-12-07,Colima,Parkinson,mujeres,1
2026-12-14,Colima,Parkinson,general,5
2026-12-14,Colima,Parkinson,hombres,3
2026-12-14,Colima,Parkinson,mujeres,1
2026-12-21,Colima,Parkinson,general,4
2026-12-21,Colima,Parkinson,hombres,2
2026-12-21,Colima,Parkinson,mujeres,4
2026-12-28,Colima,Parkinson,general,6
2026-12-28,Colima,Parkinson,hombres,2
2026-12-28,Colima,Parkinson,mujeres,1
2027-01-04,Colima,Parkinson,general,4
2027-01-04,Colima,Parkinson,hombres,3
2027-01-04,Colima,Parkinson,mujeres,3
2027-01-11,Colima,Parkinson,general,5
2027-01-11,Colima,Parkinson,hombres,3
2027-01-11,Colima,Parkinson,mujeres,2
2027-01-18,Colima,Parkinson,general,4
2027-01-18,Colima,Parkinson,hombres,1
2027-01-18,Colima,Parkinson,mujeres,1
2027-01-25,Colima,Parkinson,general,3
2027-01-25,Colima,Parkinson,hombres,1
2027-01-25,Colima,Parkinson,mujeres,4
2026-02-02,Durango,Parkinson,general,2
2026-02-02,Durango,Parkinson,hombres,1
2026-02-02,Durango,Parkinson,mujeres,1
2026-02-09,Durango,Parkinson,general,2
2026-02-09,Durango,Parkinson,hombres,0
2026-02-09,Durango,Parkinson,mujeres,0
2026-02-16,Durango,Parkinson,general,5
2026-02-16,Durango,Parkinson,hombres,5
2026-02-16,Durango,Parkinson,mujeres,2
2026-02-23,Durango,Parkinson,general,5
2026-02-23,Durango,Parkinson,hombres,2
2026-02-23,Durango,Parkinson,mujeres,3
2026-03-02,Durango,Parkinson,general,1
2026-03-02,Durango,Parkinson,hombres,1
2026-03-02,Durango,Parkinson,mujeres,1
2026-03-09,Durango,Parkinson,general,6
2026-03-09,Durango,Parkinson,hombres,3
2026-03-09,Durango,Parkinson,mujeres,2
2026-03-16,Durango,Parkinson,general,5
2026-03-16,Durango,Parkinson,hombres,3
2026-03-16,Durango,Parkinson,mujeres,1
2026-03-23,Durango,Parkinson,general,2
2026-03-23,Durango,Parkinson,hombres,2
2026-03-23,Durango,Parkinson,mujeres,1
2026-03-30,Durango,Parkinson,general,3
2026-03-30,Durango,Parkinson,hombres,2
2026-03-30,Durango,Parkinson,mujeres,1
2026-04-06,Durango,Parkinson,general,6
2026-04-06,Durango,Parkinson,hombres,3
2026-04-06,Durango,Parkinson,mujeres,1
2026-04-13,Durango,Parkinson,general,3
2026-04-13,Durango,Parkinson,hombres,1
2026-04-13,Durango,Parkinson,mujeres,1
2026-04-20,Durango,Parkinson,general,2
2026-04-20,Durango,Parkinson,hombres,1
2026-04-20,Durango,Parkinson,mujeres,1
2026-04-27,Durango,Parkinson,general,3
2026-04-27,Durango,Parkinson,hombres,4
2026-04-27,Durango,Parkinson,mujeres,1
2026-05-04,Durango,Parkinson,general,5
2026-05-04,Durango,Parkinson,hombres,2
2026-05-04,Durango,Parkinson,mujeres,1
2026-05-11,Durango,Parkinson,general,3
2026-05-11,Durango,Parkinson,hombres,0
2026-05-11,Durango,Parkinson,mujeres,1
2026-05-18,Durango,Parkinson,general,6
2026-05-18,Durango,Parkinson,hombres,3
2026-05-18,Durango,Parkinson,mujeres,1
2026-05-25,Durango,Parkinson,general,2
2026-05-25,Durango,Parkinson,hombres,3
2026-05-25,Durango,Parkinson,mujeres,2
2026-06-01,Durango,Parkinson,general,6
2026-06-01,Durango,Parkinson,hombres,1
2026-06-01,Durango,Parkinson,mujeres,2
2026-06-08,Durango,Parkinson,general,5
2026-06-08,Durango,Parkinson,hombres,2
2026-06-08,Durango,Parkinson,mujeres,2
2026-06-15,Durango,Parkinson,general,3
2026-06-15,Durango,Parkinson,hombres,4
2026-06-15,Durango,Parkinson,mujeres,1
2026-06-22,Durango,Parkinson,general,4
2026-06-22,Durango,Parkinson,hombres,2
2026-06-22,Durango,Parkinson,mujeres,0
2026-06-29,Durango,Parkinson,general,6
2026-06-29,Durango,Parkinson,hombres,1
2026-06-29,Durango,Parkinson,mujeres,1
2026-07-06,Durango,Parkinson,general,6
2026-07-06,Durango,Parkinson,hombres,2
2026-07-06,Durango,Parkinson,mujeres,1
2026-07-13,Durango,Parkinson,general,3
2026-07-13,Durango,Parkinson,hombres,3
2026-07-13,Durango,Parkinson,mujeres,1
2026-07-20,Durango,Parkinson,general,2
2026-07-20,Durango,Parkinson,hombres,1
2026-07-20,Durango,Parkinson,mujeres,1
2026-07-27,Durango,Parkinson,general,3
2026-07-27,Durango,Parkinson,hombres,1
2026-07-27,Durango,Parkinson,mujeres,1
2026-08-03,Durango,Parkinson,general,3
2026-08-03,Durango,Parkinson,hombres,2
2026-08-03,Durango,Parkinson,mujeres,1
2026-08-10,Durango,Parkinson,general,3
2026-08-10,Durango,Parkinson,hombres,2
2026-08-10,Durango,Parkinson,mujeres,1
2026-08-17,Durango,Parkinson,general,3
2026-08-17,Durango,Parkinson,hombres,2
2026-08-17,Durango,Parkinson,mujeres,1
2026-08-24,Durango,Parkinson,general,4
2026-08-24,Durango,Parkinson,hombres,2
2026-08-24,Durango,Parkinson,mujeres,2
2026-08-31,Durango,Parkinson,general,5
2026-08-31,Durango,Parkinson,hombres,2
2026-08-31,Durango,Parkinson,mujeres,2
2026-09-07,Durango,Parkinson,general,4
2026-09-07,Durango,Parkinson,hombres,2
2026-09-07,Durango,Parkinson,mujeres,1
2026-09-14,Durango,Parkinson,general,4
2026-09-14,Durango,Parkinson,hombres,2
2026-09-14,Durango,Parkinson,mujeres,0
2026-09-21,Durango,Parkinson,general,4
2026-09-21,Durango,Parkinson,hombres,2
2026-09-21,Durango,Parkinson,mujeres,0
2026-09-28,Durango,Parkinson,general,3
2026-09-28,Durango,Parkinson,hombres,2
2026-09-28,Durango,Parkinson,mujeres,1
2026-10-05,Durango,Parkinson,general,4
2026-10-05,Durango,Parkinson,hombres,1
2026-10-05,Durango,Parkinson,mujeres,1
2026-10-12,Durango,Parkinson,general,4
2026-10-12,Durango,Parkinson,hombres,2
2026-10-12,Durango,Parkinson,mujeres,1
2026-10-19,Durango,Parkinson,general,4
2026-10-19,Durango,Parkinson,hombres,1
2026-10-19,Durango,Parkinson,mujeres,1
2026-10-26,Durango,Parkinson,general,4
2026-10-26,Durango,Parkinson,hombres,3
2026-10-26,Durango,Parkinson,mujeres,1
2026-11-02,Durango,Parkinson,general,6
2026-11-02,Durango,Parkinson,hombres,4
2026-11-02,Durango,Parkinson,mujeres,2
2026-11-09,Durango,Parkinson,general,6
2026-11-09,Durango,Parkinson,hombres,2
2026-11-09,Durango,Parkinson,mujeres,2
2026-11-16,Durango,Parkinson,general,5
2026-11-16,Durango,Parkinson,hombres,3
2026-11-16,Durango,Parkinson,mujeres,1
2026-11-23,Durango,Parkinson,general,3
2026-11-23,Durango,Parkinson,hombres,2
2026-11-23,Durango,Parkinson,mujeres,0
2026-11-30,Durango,Parkinson,general,4
2026-11-30,Durango,Parkinson,hombres,3
2026-11-30,Durango,Parkinson,mujeres,0
2026-12-07,Durango,Parkinson,general,3
2026-12-07,Durango,Parkinson,hombres,2
2026-12-07,Durango,Parkinson,mujeres,1
2026-12-14,Durango,Parkinson,general,3
2026-12-14,Durango,Parkinson,hombres,3
2026-12-14,Durango,Parkinson,mujeres,1
2026-12-21,Durango,Parkinson,general,3
2026-12-21,Durango,Parkinson,hombres,3
2026-12-21,Durango,Parkinson,mujeres,1
2026-12-28,Durango,Parkinson,general,5
2026-12-28,Durango,Parkinson,hombres,4
2026-12-28,Durango,Parkinson,mujeres,1
2027-01-04,Durango,Parkinson,general,7
2027-01-04,Durango,Parkinson,hombres,2
2027-01-04,Durango,Parkinson,mujeres,1
2027-01-11,Durango,Parkinson,general,4
2027-01-11,Durango,Parkinson,hombres,2
2027-01-11,Durango,Parkinson,mujeres,1
2027-01-18,Durango,Parkinson,general,7
2027-01-18,Durango,Parkinson,hombres,4
2027-01-18,Durango,Parkinson,mujeres,2
2027-01-25,Durango,Parkinson,general,6
2027-01-25,Durango,Parkinson,hombres,6
2027-01-25,Durango,Parkinson,mujeres,1
2026-02-02,Guanajuato,Parkinson,general,8
2026-02-02,Guanajuato,Parkinson,hombres,0
2026-02-02,Guanajuato,Parkinson,mujeres,4
2026-02-09,Guanajuato,Parkinson,general,5
2026-02-09,Guanajuato,Parkinson,hombres,2
2026-02-09,Guanajuato,Parkinson,mujeres,1
2026-02-16,Guanajuato,Parkinson,general,8
2026-02-16,Guanajuato,Parkinson,hombres,1
2026-02-16,Guanajuato,Parkinson,mujeres,3
2026-02-23,Guanajuato,Parkinson,general,7
2026-02-23,Guanajuato,Parkinson,hombres,2
2026-02-23,Guanajuato,Parkinson,mujeres,2
2026-03-02,Guanajuato,Parkinson,general,5
2026-03-02,Guanajuato,Parkinson,hombres,0
2026-03-02,Guanajuato,Parkinson,mujeres,4
2026-03-09,Guanajuato,Parkinson,general,8
2026-03-09,Guanajuato,Parkinson,hombres,1
2026-03-09,Guanajuato,Parkinson,mujeres,4
2026-03-16,Guanajuato,Parkinson,general,2
2026-03-16,Guanajuato,Parkinson,hombres,1
2026-03-16,Guanajuato,Parkinson,mujeres,2
2026-03-23,Guanajuato,Parkinson,general,6
2026-03-23,Guanajuato,Parkinson,hombres,3
2026-03-23,Guanajuato,Parkinson,mujeres,3
2026-03-30,Guanajuato,Parkinson,general,4
2026-03-30,Guanajuato,Parkinson,hombres,0
2026-03-30,Guanajuato,Parkinson,mujeres,7
2026-04-06,Guanajuato,Parkinson,general,5
2026-04-06,Guanajuato,Parkinson,hombres,0
2026-04-06,Guanajuato,Parkinson,mujeres,3
2026-04-13,Guanajuato,Parkinson,general,11
2026-04-13,Guanajuato,Parkinson,hombres,4
2026-04-13,Guanajuato,Parkinson,mujeres,8
2026-04-20,Guanajuato,Parkinson,general,7
2026-04-20,Guanajuato,Parkinson,hombres,2
2026-04-20,Guanajuato,Parkinson,mujeres,9
2026-04-27,Guanajuato,Parkinson,general,3
2026-04-27,Guanajuato,Parkinson,hombres,0
2026-04-27,Guanajuato,Parkinson,mujeres,1
2026-05-04,Guanajuato,Parkinson,general,6
2026-05-04,Guanajuato,Parkinson,hombres,1
2026-05-04,Guanajuato,Parkinson,mujeres,0
2026-05-11,Guanajuato,Parkinson,general,8
2026-05-11,Guanajuato,Parkinson,hombres,0
2026-05-11,Guanajuato,Parkinson,mujeres,2
2026-05-18,Guanajuato,Parkinson,general,9
2026-05-18,Guanajuato,Parkinson,hombres,1
2026-05-18,Guanajuato,Parkinson,mujeres,4
2026-05-25,Guanajuato,Parkinson,general,3
2026-05-25,Guanajuato,Parkinson,hombres,3
2026-05-25,Guanajuato,Parkinson,mujeres,3
2026-06-01,Guanajuato,Parkinson,general,4
2026-06-01,Guanajuato,Parkinson,hombres,1
2026-06-01,Guanajuato,Parkinson,mujeres,2
2026-06-08,Guanajuato,Parkinson,general,4
2026-06-08,Guanajuato,Parkinson,hombres,1
2026-06-08,Guanajuato,Parkinson,mujeres,3
2026-06-15,Guanajuato,Parkinson,general,9
2026-06-15,Guanajuato,Parkinson,hombres,4
2026-06-15,Guanajuato,Parkinson,mujeres,5
2026-06-22,Guanajuato,Parkinson,general,9
2026-06-22,Guanajuato,Parkinson,hombres,4
2026-06-22,Guanajuato,Parkinson,mujeres,5
2026-06-29,Guanajuato,Parkinson,general,5
2026-06-29,Guanajuato,Parkinson,hombres,4
2026-06-29,Guanajuato,Parkinson,mujeres,4
2026-07-06,Guanajuato,Parkinson,general,3
2026-07-06,Guanajuato,Parkinson,hombres,1
2026-07-06,Guanajuato,Parkinson,mujeres,1
2026-07-13,Guanajuato,Parkinson,general,2
2026-07-13,Guanajuato,Parkinson,hombres,2
2026-07-13,Guanajuato,Parkinson,mujeres,0
2026-07-20,Guanajuato,Parkinson,general,9
2026-07-20,Guanajuato,Parkinson,hombres,1
2026-07-20,Guanajuato,Parkinson,mujeres,1
2026-07-27,Guanajuato,Parkinson,general,9
2026-07-27,Guanajuato,Parkinson,hombres,3
2026-07-27,Guanajuato,Parkinson,mujeres,4
2026-08-03,Guanajuato,Parkinson,general,6
2026-08-03,Guanajuato,Parkinson,hombres,1
2026-08-03,Guanajuato,Parkinson,mujeres,4
2026-08-10,Guanajuato,Parkinson,general,4
2026-08-10,Guanajuato,Parkinson,hombres,1
2026-08-10,Guanajuato,Parkinson,mujeres,3
2026-08-17,Guanajuato,Parkinson,general,4
2026-08-17,Guanajuato,Parkinson,hombres,3
2026-08-17,Guanajuato,Parkinson,mujeres,4
2026-08-24,Guanajuato,Parkinson,general,5
2026-08-24,Guanajuato,Parkinson,hombres,3
2026-08-24,Guanajuato,Parkinson,mujeres,0
2026-08-31,Guanajuato,Parkinson,general,9
2026-08-31,Guanajuato,Parkinson,hombres,3
2026-08-31,Guanajuato,Parkinson,mujeres,4
2026-09-07,Guanajuato,Parkinson,general,6
2026-09-07,Guanajuato,Parkinson,hombres,2
2026-09-07,Guanajuato,Parkinson,mujeres,1
2026-09-14,Guanajuato,Parkinson,general,4
2026-09-14,Guanajuato,Parkinson,hombres,0
2026-09-14,Guanajuato,Parkinson,mujeres,5
2026-09-21,Guanajuato,Parkinson,general,5
2026-09-21,Guanajuato,Parkinson,hombres,2
2026-09-21,Guanajuato,Parkinson,mujeres,3
2026-09-28,Guanajuato,Parkinson,general,2
2026-09-28,Guanajuato,Parkinson,hombres,3
2026-09-28,Guanajuato,Parkinson,mujeres,1
2026-10-05,Guanajuato,Parkinson,general,7
2026-10-05,Guanajuato,Parkinson,hombres,4
2026-10-05,Guanajuato,Parkinson,mujeres,5
2026-10-12,Guanajuato,Parkinson,general,5
2026-10-12,Guanajuato,Parkinson,hombres,2
2026-10-12,Guanajuato,Parkinson,mujeres,4
2026-10-19,Guanajuato,Parkinson,general,3
2026-10-19,Guanajuato,Parkinson,hombres,3
2026-10-19,Guanajuato,Parkinson,mujeres,2
2026-10-26,Guanajuato,Parkinson,general,7
2026-10-26,Guanajuato,Parkinson,hombres,2
2026-10-26,Guanajuato,Parkinson,mujeres,4
2026-11-02,Guanajuato,Parkinson,general,6
2026-11-02,Guanajuato,Parkinson,hombres,2
2026-11-02,Guanajuato,Parkinson,mujeres,4
2026-11-09,Guanajuato,Parkinson,general,8
2026-11-09,Guanajuato,Parkinson,hombres,2
2026-11-09,Guanajuato,Parkinson,mujeres,4
2026-11-16,Guanajuato,Parkinson,general,5
2026-11-16,Guanajuato,Parkinson,hombres,0
2026-11-16,Guanajuato,Parkinson,mujeres,4
2026-11-23,Guanajuato,Parkinson,general,4
2026-11-23,Guanajuato,Parkinson,hombres,1
2026-11-23,Guanajuato,Parkinson,mujeres,3
2026-11-30,Guanajuato,Parkinson,general,7
2026-11-30,Guanajuato,Parkinson,hombres,1
2026-11-30,Guanajuato,Parkinson,mujeres,3
2026-12-07,Guanajuato,Parkinson,general,3
2026-12-07,Guanajuato,Parkinson,hombres,4
2026-12-07,Guanajuato,Parkinson,mujeres,0
2026-12-14,Guanajuato,Parkinson,general,7
2026-12-14,Guanajuato,Parkinson,hombres,3
2026-12-14,Guanajuato,Parkinson,mujeres,0
2026-12-21,Guanajuato,Parkinson,general,2
2026-12-21,Guanajuato,Parkinson,hombres,1
2026-12-21,Guanajuato,Parkinson,mujeres,2
2026-12-28,Guanajuato,Parkinson,general,5
2026-12-28,Guanajuato,Parkinson,hombres,3
2026-12-28,Guanajuato,Parkinson,mujeres,2
2027-01-04,Guanajuato,Parkinson,general,6
2027-01-04,Guanajuato,Parkinson,hombres,1
2027-01-04,Guanajuato,Parkinson,mujeres,2
2027-01-11,Guanajuato,Parkinson,general,5
2027-01-11,Guanajuato,Parkinson,hombres,2
2027-01-11,Guanajuato,Parkinson,mujeres,4
2027-01-18,Guanajuato,Parkinson,general,9
2027-01-18,Guanajuato,Parkinson,hombres,3
2027-01-18,Guanajuato,Parkinson,mujeres,4
2027-01-25,Guanajuato,Parkinson,general,7
2027-01-25,Guanajuato,Parkinson,hombres,1
2027-01-25,Guanajuato,Parkinson,mujeres,3
2026-02-02,Guerrero,Parkinson,general,2
2026-02-02,Guerrero,Parkinson,hombres,1
2026-02-02,Guerrero,Parkinson,mujeres,1
2026-02-09,Guerrero,Parkinson,general,1
2026-02-09,Guerrero,Parkinson,hombres,1
2026-02-09,Guerrero,Parkinson,mujeres,1
2026-02-16,Guerrero,Parkinson,general,1
2026-02-16,Guerrero,Parkinson,hombres,1
2026-02-16,Guerrero,Parkinson,mujeres,1
2026-02-23,Guerrero,Parkinson,general,1
2026-02-23,Guerrero,Parkinson,hombres,1
2026-02-23,Guerrero,Parkinson,mujeres,1
2026-03-02,Guerrero,Parkinson,general,2
2026-03-02,Guerrero,Parkinson,hombres,1
2026-03-02,Guerrero,Parkinson,mujeres,1
2026-03-09,Guerrero,Parkinson,general,5
2026-03-09,Guerrero,Parkinson,hombres,0
2026-03-09,Guerrero,Parkinson,mujeres,1
2026-03-16,Guerrero,Parkinson,general,3
2026-03-16,Guerrero,Parkinson,hombres,1
2026-03-16,Guerrero,Parkinson,mujeres,1
2026-03-23,Guerrero,Parkinson,general,3
2026-03-23,Guerrero,Parkinson,hombres,1
2026-03-23,Guerrero,Parkinson,mujeres,1
2026-03-30,Guerrero,Parkinson,general,4
2026-03-30,Guerrero,Parkinson,hombres,1
2026-03-30,Guerrero,Parkinson,mujeres,1
2026-04-06,Guerrero,Parkinson,general,1
2026-04-06,Guerrero,Parkinson,hombres,1
2026-04-06,Guerrero,Parkinson,mujeres,1
2026-04-13,Guerrero,Parkinson,general,2
2026-04-13,Guerrero,Parkinson,hombres,0
2026-04-13,Guerrero,Parkinson,mujeres,1
2026-04-20,Guerrero,Parkinson,general,2
2026-04-20,Guerrero,Parkinson,hombres,0
2026-04-20,Guerrero,Parkinson,mujeres,1
2026-04-27,Guerrero,Parkinson,general,1
2026-04-27,Guerrero,Parkinson,hombres,1
2026-04-27,Guerrero,Parkinson,mujeres,1
2026-05-04,Guerrero,Parkinson,general,1
2026-05-04,Guerrero,Parkinson,hombres,0
2026-05-04,Guerrero,Parkinson,mujeres,1
2026-05-11,Guerrero,Parkinson,general,1
2026-05-11,Guerrero,Parkinson,hombres,1
2026-05-11,Guerrero,Parkinson,mujeres,1
2026-05-18,Guerrero,Parkinson,general,2
2026-05-18,Guerrero,Parkinson,hombres,1
2026-05-18,Guerrero,Parkinson,mujeres,1
2026-05-25,Guerrero,Parkinson,general,1
2026-05-25,Guerrero,Parkinson,hombres,1
2026-05-25,Guerrero,Parkinson,mujeres,1
2026-06-01,Guerrero,Parkinson,general,1
2026-06-01,Guerrero,Parkinson,hombres,1
2026-06-01,Guerrero,Parkinson,mujeres,1
2026-06-08,Guerrero,Parkinson,general,2
2026-06-08,Guerrero,Parkinson,hombres,0
2026-06-08,Guerrero,Parkinson,mujeres,1
2026-06-15,Guerrero,Parkinson,general,2
2026-06-15,Guerrero,Parkinson,hombres,1
2026-06-15,Guerrero,Parkinson,mujeres,1
2026-06-22,Guerrero,Parkinson,general,1
2026-06-22,Guerrero,Parkinson,hombres,0
2026-06-22,Guerrero,Parkinson,mujeres,1
2026-06-29,Guerrero,Parkinson,general,1
2026-06-29,Guerrero,Parkinson,hombres,0
2026-06-29,Guerrero,Parkinson,mujeres,1
2026-07-06,Guerrero,Parkinson,general,0
2026-07-06,Guerrero,Parkinson,hombres,1
2026-07-06,Guerrero,Parkinson,mujeres,1
2026-07-13,Guerrero,Parkinson,general,1
2026-07-13,Guerrero,Parkinson,hombres,1
2026-07-13,Guerrero,Parkinson,mujeres,1
2026-07-20,Guerrero,Parkinson,general,2
2026-07-20,Guerrero,Parkinson,hombres,1
2026-07-20,Guerrero,Parkinson,mujeres,1
2026-07-27,Guerrero,Parkinson,general,1
2026-07-27,Guerrero,Parkinson,hombres,0
2026-07-27,Guerrero,Parkinson,mujeres,1
2026-08-03,Guerrero,Parkinson,general,1
2026-08-03,Guerrero,Parkinson,hombres,0
2026-08-03,Guerrero,Parkinson,mujeres,1
2026-08-10,Guerrero,Parkinson,general,1
2026-08-10,Guerrero,Parkinson,hombres,1
2026-08-10,Guerrero,Parkinson,mujeres,1
2026-08-17,Guerrero,Parkinson,general,1
2026-08-17,Guerrero,Parkinson,hombres,1
2026-08-17,Guerrero,Parkinson,mujeres,1
2026-08-24,Guerrero,Parkinson,general,1
2026-08-24,Guerrero,Parkinson,hombres,0
2026-08-24,Guerrero,Parkinson,mujeres,1
2026-08-31,Guerrero,Parkinson,general,1
2026-08-31,Guerrero,Parkinson,hombres,0
2026-08-31,Guerrero,Parkinson,mujeres,1
2026-09-07,Guerrero,Parkinson,general,0
2026-09-07,Guerrero,Parkinson,hombres,1
2026-09-07,Guerrero,Parkinson,mujeres,1
2026-09-14,Guerrero,Parkinson,general,0
2026-09-14,Guerrero,Parkinson,hombres,0
2026-09-14,Guerrero,Parkinson,mujeres,1
2026-09-21,Guerrero,Parkinson,general,1
2026-09-21,Guerrero,Parkinson,hombres,0
2026-09-21,Guerrero,Parkinson,mujeres,1
2026-09-28,Guerrero,Parkinson,general,0
2026-09-28,Guerrero,Parkinson,hombres,0
2026-09-28,Guerrero,Parkinson,mujeres,1
2026-10-05,Guerrero,Parkinson,general,0
2026-10-05,Guerrero,Parkinson,hombres,1
2026-10-05,Guerrero,Parkinson,mujeres,1
2026-10-12,Guerrero,Parkinson,general,1
2026-10-12,Guerrero,Parkinson,hombres,1
2026-10-12,Guerrero,Parkinson,mujeres,1
2026-10-19,Guerrero,Parkinson,general,0
2026-10-19,Guerrero,Parkinson,hombres,0
2026-10-19,Guerrero,Parkinson,mujeres,1
2026-10-26,Guerrero,Parkinson,general,1
2026-10-26,Guerrero,Parkinson,hombres,0
2026-10-26,Guerrero,Parkinson,mujeres,1
2026-11-02,Guerrero,Parkinson,general,2
2026-11-02,Guerrero,Parkinson,hombres,1
2026-11-02,Guerrero,Parkinson,mujeres,1
2026-11-09,Guerrero,Parkinson,general,3
2026-11-09,Guerrero,Parkinson,hombres,1
2026-11-09,Guerrero,Parkinson,mujeres,1
2026-11-16,Guerrero,Parkinson,general,1
2026-11-16,Guerrero,Parkinson,hombres,1
2026-11-16,Guerrero,Parkinson,mujeres,1
2026-11-23,Guerrero,Parkinson,general,1
2026-11-23,Guerrero,Parkinson,hombres,1
2026-11-23,Guerrero,Parkinson,mujeres,1
2026-11-30,Guerrero,Parkinson,general,0
2026-11-30,Guerrero,Parkinson,hombres,0
2026-11-30,Guerrero,Parkinson,mujeres,1
2026-12-07,Guerrero,Parkinson,general,0
2026-12-07,Guerrero,Parkinson,hombres,0
2026-12-07,Guerrero,Parkinson,mujeres,1
2026-12-14,Guerrero,Parkinson,general,0
2026-12-14,Guerrero,Parkinson,hombres,0
2026-12-14,Guerrero,Parkinson,mujeres,1
2026-12-21,Guerrero,Parkinson,general,0
2026-12-21,Guerrero,Parkinson,hombres,0
2026-12-21,Guerrero,Parkinson,mujeres,0
2026-12-28,Guerrero,Parkinson,general,0
2026-12-28,Guerrero,Parkinson,hombres,0
2026-12-28,Guerrero,Parkinson,mujeres,1
2027-01-04,Guerrero,Parkinson,general,0
2027-01-04,Guerrero,Parkinson,hombres,0
2027-01-04,Guerrero,Parkinson,mujeres,1
2027-01-11,Guerrero,Parkinson,general,0
2027-01-11,Guerrero,Parkinson,hombres,1
2027-01-11,Guerrero,Parkinson,mujeres,1
2027-01-18,Guerrero,Parkinson,general,0
2027-01-18,Guerrero,Parkinson,hombres,1
2027-01-18,Guerrero,Parkinson,mujeres,1
2027-01-25,Guerrero,Parkinson,general,0
2027-01-25,Guerrero,Parkinson,hombres,0
2027-01-25,Guerrero,Parkinson,mujeres,1
2026-02-02,Hidalgo,Parkinson,general,1
2026-02-02,Hidalgo,Parkinson,hombres,2
2026-02-02,Hidalgo,Parkinson,mujeres,1
2026-02-09,Hidalgo,Parkinson,general,2
2026-02-09,Hidalgo,Parkinson,hombres,1
2026-02-09,Hidalgo,Parkinson,mujeres,2
2026-02-16,Hidalgo,Parkinson,general,1
2026-02-16,Hidalgo,Parkinson,hombres,1
2026-02-16,Hidalgo,Parkinson,mujeres,1
2026-02-23,Hidalgo,Parkinson,general,1
2026-02-23,Hidalgo,Parkinson,hombres,1
2026-02-23,Hidalgo,Parkinson,mujeres,1
2026-03-02,Hidalgo,Parkinson,general,0
2026-03-02,Hidalgo,Parkinson,hombres,0
2026-03-02,Hidalgo,Parkinson,mujeres,1
2026-03-09,Hidalgo,Parkinson,general,0
2026-03-09,Hidalgo,Parkinson,hombres,1
2026-03-09,Hidalgo,Parkinson,mujeres,1
2026-03-16,Hidalgo,Parkinson,general,1
2026-03-16,Hidalgo,Parkinson,hombres,1
2026-03-16,Hidalgo,Parkinson,mujeres,1
2026-03-23,Hidalgo,Parkinson,general,2
2026-03-23,Hidalgo,Parkinson,hombres,1
2026-03-23,Hidalgo,Parkinson,mujeres,1
2026-03-30,Hidalgo,Parkinson,general,1
2026-03-30,Hidalgo,Parkinson,hombres,0
2026-03-30,Hidalgo,Parkinson,mujeres,1
2026-04-06,Hidalgo,Parkinson,general,1
2026-04-06,Hidalgo,Parkinson,hombres,0
2026-04-06,Hidalgo,Parkinson,mujeres,1
2026-04-13,Hidalgo,Parkinson,general,1
2026-04-13,Hidalgo,Parkinson,hombres,0
2026-04-13,Hidalgo,Parkinson,mujeres,1
2026-04-20,Hidalgo,Parkinson,general,0
2026-04-20,Hidalgo,Parkinson,hombres,0
2026-04-20,Hidalgo,Parkinson,mujeres,1
2026-04-27,Hidalgo,Parkinson,general,0
2026-04-27,Hidalgo,Parkinson,hombres,0
2026-04-27,Hidalgo,Parkinson,mujeres,1
2026-05-04,Hidalgo,Parkinson,general,0
2026-05-04,Hidalgo,Parkinson,hombres,0
2026-05-04,Hidalgo,Parkinson,mujeres,1
2026-05-11,Hidalgo,Parkinson,general,0
2026-05-11,Hidalgo,Parkinson,hombres,0
2026-05-11,Hidalgo,Parkinson,mujeres,1
2026-05-18,Hidalgo,Parkinson,general,1
2026-05-18,Hidalgo,Parkinson,hombres,1
2026-05-18,Hidalgo,Parkinson,mujeres,1
2026-05-25,Hidalgo,Parkinson,general,1
2026-05-25,Hidalgo,Parkinson,hombres,0
2026-05-25,Hidalgo,Parkinson,mujeres,1
2026-06-01,Hidalgo,Parkinson,general,2
2026-06-01,Hidalgo,Parkinson,hombres,1
2026-06-01,Hidalgo,Parkinson,mujeres,1
2026-06-08,Hidalgo,Parkinson,general,0
2026-06-08,Hidalgo,Parkinson,hombres,0
2026-06-08,Hidalgo,Parkinson,mujeres,1
2026-06-15,Hidalgo,Parkinson,general,0
2026-06-15,Hidalgo,Parkinson,hombres,0
2026-06-15,Hidalgo,Parkinson,mujeres,1
2026-06-22,Hidalgo,Parkinson,general,0
2026-06-22,Hidalgo,Parkinson,hombres,0
2026-06-22,Hidalgo,Parkinson,mujeres,1
2026-06-29,Hidalgo,Parkinson,general,0
2026-06-29,Hidalgo,Parkinson,hombres,0
2026-06-29,Hidalgo,Parkinson,mujeres,1
2026-07-06,Hidalgo,Parkinson,general,0
2026-07-06,Hidalgo,Parkinson,hombres,1
2026-07-06,Hidalgo,Parkinson,mujeres,1
2026-07-13,Hidalgo,Parkinson,general,0
2026-07-13,Hidalgo,Parkinson,hombres,0
2026-07-13,Hidalgo,Parkinson,mujeres,1
2026-07-20,Hidalgo,Parkinson,general,0
2026-07-20,Hidalgo,Parkinson,hombres,1
2026-07-20,Hidalgo,Parkinson,mujeres,1
2026-07-27,Hidalgo,Parkinson,general,0
2026-07-27,Hidalgo,Parkinson,hombres,1
2026-07-27,Hidalgo,Parkinson,mujeres,1
2026-08-03,Hidalgo,Parkinson,general,1
2026-08-03,Hidalgo,Parkinson,hombres,1
2026-08-03,Hidalgo,Parkinson,mujeres,1
2026-08-10,Hidalgo,Parkinson,general,0
2026-08-10,Hidalgo,Parkinson,hombres,1
2026-08-10,Hidalgo,Parkinson,mujeres,1
2026-08-17,Hidalgo,Parkinson,general,0
2026-08-17,Hidalgo,Parkinson,hombres,1
2026-08-17,Hidalgo,Parkinson,mujeres,1
2026-08-24,Hidalgo,Parkinson,general,0
2026-08-24,Hidalgo,Parkinson,hombres,0
2026-08-24,Hidalgo,Parkinson,mujeres,1
2026-08-31,Hidalgo,Parkinson,general,0
2026-08-31,Hidalgo,Parkinson,hombres,0
2026-08-31,Hidalgo,Parkinson,mujeres,1
2026-09-07,Hidalgo,Parkinson,general,0
2026-09-07,Hidalgo,Parkinson,hombres,0
2026-09-07,Hidalgo,Parkinson,mujeres,1
2026-09-14,Hidalgo,Parkinson,general,0
2026-09-14,Hidalgo,Parkinson,hombres,0
2026-09-14,Hidalgo,Parkinson,mujeres,1
2026-09-21,Hidalgo,Parkinson,general,2
2026-09-21,Hidalgo,Parkinson,hombres,0
2026-09-21,Hidalgo,Parkinson,mujeres,1
2026-09-28,Hidalgo,Parkinson,general,0
2026-09-28,Hidalgo,Parkinson,hombres,0
2026-09-28,Hidalgo,Parkinson,mujeres,1
2026-10-05,Hidalgo,Parkinson,general,0
2026-10-05,Hidalgo,Parkinson,hombres,0
2026-10-05,Hidalgo,Parkinson,mujeres,1
2026-10-12,Hidalgo,Parkinson,general,1
2026-10-12,Hidalgo,Parkinson,hombres,0
2026-10-12,Hidalgo,Parkinson,mujeres,1
2026-10-19,Hidalgo,Parkinson,general,0
2026-10-19,Hidalgo,Parkinson,hombres,0
2026-10-19,Hidalgo,Parkinson,mujeres,1
2026-10-26,Hidalgo,Parkinson,general,0
2026-10-26,Hidalgo,Parkinson,hombres,0
2026-10-26,Hidalgo,Parkinson,mujeres,1
2026-11-02,Hidalgo,Parkinson,general,0
2026-11-02,Hidalgo,Parkinson,hombres,0
2026-11-02,Hidalgo,Parkinson,mujeres,1
2026-11-09,Hidalgo,Parkinson,general,0
2026-11-09,Hidalgo,Parkinson,hombres,0
2026-11-09,Hidalgo,Parkinson,mujeres,1
2026-11-16,Hidalgo,Parkinson,general,1
2026-11-16,Hidalgo,Parkinson,hombres,0
2026-11-16,Hidalgo,Parkinson,mujeres,1
2026-11-23,Hidalgo,Parkinson,general,1
2026-11-23,Hidalgo,Parkinson,hombres,0
2026-11-23,Hidalgo,Parkinson,mujeres,1
2026-11-30,Hidalgo,Parkinson,general,0
2026-11-30,Hidalgo,Parkinson,hombres,0
2026-11-30,Hidalgo,Parkinson,mujeres,1
2026-12-07,Hidalgo,Parkinson,general,0
2026-12-07,Hidalgo,Parkinson,hombres,0
2026-12-07,Hidalgo,Parkinson,mujeres,1
2026-12-14,Hidalgo,Parkinson,general,0
2026-12-14,Hidalgo,Parkinson,hombres,0
2026-12-14,Hidalgo,Parkinson,mujeres,1
2026-12-21,Hidalgo,Parkinson,general,0
2026-12-21,Hidalgo,Parkinson,hombres,0
2026-12-21,Hidalgo,Parkinson,mujeres,1
2026-12-28,Hidalgo,Parkinson,general,0
2026-12-28,Hidalgo,Parkinson,hombres,0
2026-12-28,Hidalgo,Parkinson,mujeres,1
2027-01-04,Hidalgo,Parkinson,general,0
2027-01-04,Hidalgo,Parkinson,hombres,0
2027-01-04,Hidalgo,Parkinson,mujeres,1
2027-01-11,Hidalgo,Parkinson,general,0
2027-01-11,Hidalgo,Parkinson,hombres,0
2027-01-11,Hidalgo,Parkinson,mujeres,1
2027-01-18,Hidalgo,Parkinson,general,0
2027-01-18,Hidalgo,Parkinson,hombres,0
2027-01-18,Hidalgo,Parkinson,mujeres,1
2027-01-25,Hidalgo,Parkinson,general,0
2027-01-25,Hidalgo,Parkinson,hombres,0
2027-01-25,Hidalgo,Parkinson,mujeres,1
2026-02-02,Jalisco,Parkinson,general,20
2026-02-02,Jalisco,Parkinson,hombres,10
2026-02-02,Jalisco,Parkinson,mujeres,6
2026-02-09,Jalisco,Parkinson,general,19
2026-02-09,Jalisco,Parkinson,hombres,14
2026-02-09,Jalisco,Parkinson,mujeres,8
2026-02-16,Jalisco,Parkinson,general,17
2026-02-16,Jalisco,Parkinson,hombres,10
2026-02-16,Jalisco,Parkinson,mujeres,8
2026-02-23,Jalisco,Parkinson,general,13
2026-02-23,Jalisco,Parkinson,hombres,10
2026-02-23,Jalisco,Parkinson,mujeres,9
2026-03-02,Jalisco,Parkinson,general,19
2026-03-02,Jalisco,Parkinson,hombres,9
2026-03-02,Jalisco,Parkinson,mujeres,11
2026-03-09,Jalisco,Parkinson,general,13
2026-03-09,Jalisco,Parkinson,hombres,9
2026-03-09,Jalisco,Parkinson,mujeres,6
2026-03-16,Jalisco,Parkinson,general,16
2026-03-16,Jalisco,Parkinson,hombres,8
2026-03-16,Jalisco,Parkinson,mujeres,12
2026-03-23,Jalisco,Parkinson,general,20
2026-03-23,Jalisco,Parkinson,hombres,6
2026-03-23,Jalisco,Parkinson,mujeres,8
2026-03-30,Jalisco,Parkinson,general,15
2026-03-30,Jalisco,Parkinson,hombres,9
2026-03-30,Jalisco,Parkinson,mujeres,9
2026-04-06,Jalisco,Parkinson,general,17
2026-04-06,Jalisco,Parkinson,hombres,10
2026-04-06,Jalisco,Parkinson,mujeres,3
2026-04-13,Jalisco,Parkinson,general,13
2026-04-13,Jalisco,Parkinson,hombres,9
2026-04-13,Jalisco,Parkinson,mujeres,3
2026-04-20,Jalisco,Parkinson,general,10
2026-04-20,Jalisco,Parkinson,hombres,8
2026-04-20,Jalisco,Parkinson,mujeres,4
2026-04-27,Jalisco,Parkinson,general,10
2026-04-27,Jalisco,Parkinson,hombres,10
2026-04-27,Jalisco,Parkinson,mujeres,2
2026-05-04,Jalisco,Parkinson,general,10
2026-05-04,Jalisco,Parkinson,hombres,6
2026-05-04,Jalisco,Parkinson,mujeres,3
2026-05-11,Jalisco,Parkinson,general,12
2026-05-11,Jalisco,Parkinson,hombres,12
2026-05-11,Jalisco,Parkinson,mujeres,2
2026-05-18,Jalisco,Parkinson,general,14
2026-05-18,Jalisco,Parkinson,hombres,6
2026-05-18,Jalisco,Parkinson,mujeres,3
2026-05-25,Jalisco,Parkinson,general,17
2026-05-25,Jalisco,Parkinson,hombres,8
2026-05-25,Jalisco,Parkinson,mujeres,5
2026-06-01,Jalisco,Parkinson,general,18
2026-06-01,Jalisco,Parkinson,hombres,6
2026-06-01,Jalisco,Parkinson,mujeres,2
2026-06-08,Jalisco,Parkinson,general,13
2026-06-08,Jalisco,Parkinson,hombres,8
2026-06-08,Jalisco,Parkinson,mujeres,4
2026-06-15,Jalisco,Parkinson,general,21
2026-06-15,Jalisco,Parkinson,hombres,5
2026-06-15,Jalisco,Parkinson,mujeres,4
2026-06-22,Jalisco,Parkinson,general,15
2026-06-22,Jalisco,Parkinson,hombres,6
2026-06-22,Jalisco,Parkinson,mujeres,4
2026-06-29,Jalisco,Parkinson,general,15
2026-06-29,Jalisco,Parkinson,hombres,6
2026-06-29,Jalisco,Parkinson,mujeres,6
2026-07-06,Jalisco,Parkinson,general,17
2026-07-06,Jalisco,Parkinson,hombres,5
2026-07-06,Jalisco,Parkinson,mujeres,7
2026-07-13,Jalisco,Parkinson,general,17
2026-07-13,Jalisco,Parkinson,hombres,5
2026-07-13,Jalisco,Parkinson,mujeres,8
2026-07-20,Jalisco,Parkinson,general,19
2026-07-20,Jalisco,Parkinson,hombres,5
2026-07-20,Jalisco,Parkinson,mujeres,6
2026-07-27,Jalisco,Parkinson,general,17
2026-07-27,Jalisco,Parkinson,hombres,6
2026-07-27,Jalisco,Parkinson,mujeres,6
2026-08-03,Jalisco,Parkinson,general,12
2026-08-03,Jalisco,Parkinson,hombres,6
2026-08-03,Jalisco,Parkinson,mujeres,5
2026-08-10,Jalisco,Parkinson,general,14
2026-08-10,Jalisco,Parkinson,hombres,4
2026-08-10,Jalisco,Parkinson,mujeres,7
2026-08-17,Jalisco,Parkinson,general,14
2026-08-17,Jalisco,Parkinson,hombres,5
2026-08-17,Jalisco,Parkinson,mujeres,5
2026-08-24,Jalisco,Parkinson,general,24
2026-08-24,Jalisco,Parkinson,hombres,5
2026-08-24,Jalisco,Parkinson,mujeres,5
2026-08-31,Jalisco,Parkinson,general,20
2026-08-31,Jalisco,Parkinson,hombres,5
2026-08-31,Jalisco,Parkinson,mujeres,4
2026-09-07,Jalisco,Parkinson,general,24
2026-09-07,Jalisco,Parkinson,hombres,5
2026-09-07,Jalisco,Parkinson,mujeres,7
2026-09-14,Jalisco,Parkinson,general,16
2026-09-14,Jalisco,Parkinson,hombres,7
2026-09-14,Jalisco,Parkinson,mujeres,6
2026-09-21,Jalisco,Parkinson,general,20
2026-09-21,Jalisco,Parkinson,hombres,7
2026-09-21,Jalisco,Parkinson,mujeres,5
2026-09-28,Jalisco,Parkinson,general,22
2026-09-28,Jalisco,Parkinson,hombres,5
2026-09-28,Jalisco,Parkinson,mujeres,7
2026-10-05,Jalisco,Parkinson,general,21
2026-10-05,Jalisco,Parkinson,hombres,7
2026-10-05,Jalisco,Parkinson,mujeres,5
2026-10-12,Jalisco,Parkinson,general,22
2026-10-12,Jalisco,Parkinson,hombres,8
2026-10-12,Jalisco,Parkinson,mujeres,5
2026-10-19,Jalisco,Parkinson,general,19
2026-10-19,Jalisco,Parkinson,hombres,5
2026-10-19,Jalisco,Parkinson,mujeres,7
2026-10-26,Jalisco,Parkinson,general,19
2026-10-26,Jalisco,Parkinson,hombres,4
2026-10-26,Jalisco,Parkinson,mujeres,8
2026-11-02,Jalisco,Parkinson,general,19
2026-11-02,Jalisco,Parkinson,hombres,5
2026-11-02,Jalisco,Parkinson,mujeres,6
2026-11-09,Jalisco,Parkinson,general,14
2026-11-09,Jalisco,Parkinson,hombres,9
2026-11-09,Jalisco,Parkinson,mujeres,5
2026-11-16,Jalisco,Parkinson,general,12
2026-11-16,Jalisco,Parkinson,hombres,7
2026-11-16,Jalisco,Parkinson,mujeres,6
2026-11-23,Jalisco,Parkinson,general,11
2026-11-23,Jalisco,Parkinson,hombres,5
2026-11-23,Jalisco,Parkinson,mujeres,4
2026-11-30,Jalisco,Parkinson,general,16
2026-11-30,Jalisco,Parkinson,hombres,7
2026-11-30,Jalisco,Parkinson,mujeres,5
2026-12-07,Jalisco,Parkinson,general,21
2026-12-07,Jalisco,Parkinson,hombres,5
2026-12-07,Jalisco,Parkinson,mujeres,8
2026-12-14,Jalisco,Parkinson,general,14
2026-12-14,Jalisco,Parkinson,hombres,6
2026-12-14,Jalisco,Parkinson,mujeres,6
2026-12-21,Jalisco,Parkinson,general,10
2026-12-21,Jalisco,Parkinson,hombres,5
2026-12-21,Jalisco,Parkinson,mujeres,5
2026-12-28,Jalisco,Parkinson,general,9
2026-12-28,Jalisco,Parkinson,hombres,5
2026-12-28,Jalisco,Parkinson,mujeres,3
2027-01-04,Jalisco,Parkinson,general,12
2027-01-04,Jalisco,Parkinson,hombres,6
2027-01-04,Jalisco,Parkinson,mujeres,4
2027-01-11,Jalisco,Parkinson,general,15
2027-01-11,Jalisco,Parkinson,hombres,7
2027-01-11,Jalisco,Parkinson,mujeres,6
2027-01-18,Jalisco,Parkinson,general,11
2027-01-18,Jalisco,Parkinson,hombres,7
2027-01-18,Jalisco,Parkinson,mujeres,6
2027-01-25,Jalisco,Parkinson,general,15
2027-01-25,Jalisco,Parkinson,hombres,7
2027-01-25,Jalisco,Parkinson,mujeres,4
2026-02-02,Michoacán,Parkinson,general,4
2026-02-02,Michoacán,Parkinson,hombres,1
2026-02-02,Michoacán,Parkinson,mujeres,3
2026-02-09,Michoacán,Parkinson,general,5
2026-02-09,Michoacán,Parkinson,hombres,3
2026-02-09,Michoacán,Parkinson,mujeres,4
2026-02-16,Michoacán,Parkinson,general,3
2026-02-16,Michoacán,Parkinson,hombres,2
2026-02-16,Michoacán,Parkinson,mujeres,3
2026-02-23,Michoacán,Parkinson,general,3
2026-02-23,Michoacán,Parkinson,hombres,2
2026-02-23,Michoacán,Parkinson,mujeres,3
2026-03-02,Michoacán,Parkinson,general,7
2026-03-02,Michoacán,Parkinson,hombres,3
2026-03-02,Michoacán,Parkinson,mujeres,3
2026-03-09,Michoacán,Parkinson,general,2
2026-03-09,Michoacán,Parkinson,hombres,2
2026-03-09,Michoacán,Parkinson,mujeres,4
2026-03-16,Michoacán,Parkinson,general,7
2026-03-16,Michoacán,Parkinson,hombres,1
2026-03-16,Michoacán,Parkinson,mujeres,3
2026-03-23,Michoacán,Parkinson,general,1
2026-03-23,Michoacán,Parkinson,hombres,1
2026-03-23,Michoacán,Parkinson,mujeres,1
2026-03-30,Michoacán,Parkinson,general,3
2026-03-30,Michoacán,Parkinson,hombres,2
2026-03-30,Michoacán,Parkinson,mujeres,1
2026-04-06,Michoacán,Parkinson,general,4
2026-04-06,Michoacán,Parkinson,hombres,2
2026-04-06,Michoacán,Parkinson,mujeres,2
2026-04-13,Michoacán,Parkinson,general,4
2026-04-13,Michoacán,Parkinson,hombres,2
2026-04-13,Michoacán,Parkinson,mujeres,3
2026-04-20,Michoacán,Parkinson,general,4
2026-04-20,Michoacán,Parkinson,hombres,2
2026-04-20,Michoacán,Parkinson,mujeres,1
2026-04-27,Michoacán,Parkinson,general,5
2026-04-27,Michoacán,Parkinson,hombres,2
2026-04-27,Michoacán,Parkinson,mujeres,2
2026-05-04,Michoacán,Parkinson,general,4
2026-05-04,Michoacán,Parkinson,hombres,1
2026-05-04,Michoacán,Parkinson,mujeres,2
2026-05-11,Michoacán,Parkinson,general,4
2026-05-11,Michoacán,Parkinson,hombres,1
2026-05-11,Michoacán,Parkinson,mujeres,2
2026-05-18,Michoacán,Parkinson,general,4
2026-05-18,Michoacán,Parkinson,hombres,2
2026-05-18,Michoacán,Parkinson,mujeres,3
2026-05-25,Michoacán,Parkinson,general,4
2026-05-25,Michoacán,Parkinson,hombres,1
2026-05-25,Michoacán,Parkinson,mujeres,2
2026-06-01,Michoacán,Parkinson,general,3
2026-06-01,Michoacán,Parkinson,hombres,2
2026-06-01,Michoacán,Parkinson,mujeres,2
2026-06-08,Michoacán,Parkinson,general,4
2026-06-08,Michoacán,Parkinson,hombres,2
2026-06-08,Michoacán,Parkinson,mujeres,2
2026-06-15,Michoacán,Parkinson,general,3
2026-06-15,Michoacán,Parkinson,hombres,2
2026-06-15,Michoacán,Parkinson,mujeres,2
2026-06-22,Michoacán,Parkinson,general,4
2026-06-22,Michoacán,Parkinson,hombres,2
2026-06-22,Michoacán,Parkinson,mujeres,2
2026-06-29,Michoacán,Parkinson,general,4
2026-06-29,Michoacán,Parkinson,hombres,2
2026-06-29,Michoacán,Parkinson,mujeres,2
2026-07-06,Michoacán,Parkinson,general,5
2026-07-06,Michoacán,Parkinson,hombres,2
2026-07-06,Michoacán,Parkinson,mujeres,3
2026-07-13,Michoacán,Parkinson,general,6
2026-07-13,Michoacán,Parkinson,hombres,2
2026-07-13,Michoacán,Parkinson,mujeres,2
2026-07-20,Michoacán,Parkinson,general,3
2026-07-20,Michoacán,Parkinson,hombres,2
2026-07-20,Michoacán,Parkinson,mujeres,3
2026-07-27,Michoacán,Parkinson,general,8
2026-07-27,Michoacán,Parkinson,hombres,2
2026-07-27,Michoacán,Parkinson,mujeres,2
2026-08-03,Michoacán,Parkinson,general,4
2026-08-03,Michoacán,Parkinson,hombres,2
2026-08-03,Michoacán,Parkinson,mujeres,1
2026-08-10,Michoacán,Parkinson,general,5
2026-08-10,Michoacán,Parkinson,hombres,2
2026-08-10,Michoacán,Parkinson,mujeres,2
2026-08-17,Michoacán,Parkinson,general,7
2026-08-17,Michoacán,Parkinson,hombres,2
2026-08-17,Michoacán,Parkinson,mujeres,2
2026-08-24,Michoacán,Parkinson,general,5
2026-08-24,Michoacán,Parkinson,hombres,2
2026-08-24,Michoacán,Parkinson,mujeres,2
2026-08-31,Michoacán,Parkinson,general,4
2026-08-31,Michoacán,Parkinson,hombres,1
2026-08-31,Michoacán,Parkinson,mujeres,2
2026-09-07,Michoacán,Parkinson,general,4
2026-09-07,Michoacán,Parkinson,hombres,1
2026-09-07,Michoacán,Parkinson,mujeres,2
2026-09-14,Michoacán,Parkinson,general,2
2026-09-14,Michoacán,Parkinson,hombres,1
2026-09-14,Michoacán,Parkinson,mujeres,2
2026-09-21,Michoacán,Parkinson,general,5
2026-09-21,Michoacán,Parkinson,hombres,1
2026-09-21,Michoacán,Parkinson,mujeres,2
2026-09-28,Michoacán,Parkinson,general,2
2026-09-28,Michoacán,Parkinson,hombres,1
2026-09-28,Michoacán,Parkinson,mujeres,2
2026-10-05,Michoacán,Parkinson,general,3
2026-10-05,Michoacán,Parkinson,hombres,2
2026-10-05,Michoacán,Parkinson,mujeres,4
2026-10-12,Michoacán,Parkinson,general,3
2026-10-12,Michoacán,Parkinson,hombres,2
2026-10-12,Michoacán,Parkinson,mujeres,4
2026-10-19,Michoacán,Parkinson,general,4
2026-10-19,Michoacán,Parkinson,hombres,2
2026-10-19,Michoacán,Parkinson,mujeres,3
2026-10-26,Michoacán,Parkinson,general,5
2026-10-26,Michoacán,Parkinson,hombres,1
2026-10-26,Michoacán,Parkinson,mujeres,2
2026-11-02,Michoacán,Parkinson,general,5
2026-11-02,Michoacán,Parkinson,hombres,2
2026-11-02,Michoacán,Parkinson,mujeres,4
2026-11-09,Michoacán,Parkinson,general,5
2026-11-09,Michoacán,Parkinson,hombres,2
2026-11-09,Michoacán,Parkinson,mujeres,5
2026-11-16,Michoacán,Parkinson,general,5
2026-11-16,Michoacán,Parkinson,hombres,1
2026-11-16,Michoacán,Parkinson,mujeres,4
2026-11-23,Michoacán,Parkinson,general,7
2026-11-23,Michoacán,Parkinson,hombres,1
2026-11-23,Michoacán,Parkinson,mujeres,3
2026-11-30,Michoacán,Parkinson,general,4
2026-11-30,Michoacán,Parkinson,hombres,1
2026-11-30,Michoacán,Parkinson,mujeres,3
2026-12-07,Michoacán,Parkinson,general,5
2026-12-07,Michoacán,Parkinson,hombres,1
2026-12-07,Michoacán,Parkinson,mujeres,5
2026-12-14,Michoacán,Parkinson,general,7
2026-12-14,Michoacán,Parkinson,hombres,2
2026-12-14,Michoacán,Parkinson,mujeres,4
2026-12-21,Michoacán,Parkinson,general,3
2026-12-21,Michoacán,Parkinson,hombres,2
2026-12-21,Michoacán,Parkinson,mujeres,2
2026-12-28,Michoacán,Parkinson,general,5
2026-12-28,Michoacán,Parkinson,hombres,2
2026-12-28,Michoacán,Parkinson,mujeres,2
2027-01-04,Michoacán,Parkinson,general,4
2027-01-04,Michoacán,Parkinson,hombres,2
2027-01-04,Michoacán,Parkinson,mujeres,2
2027-01-11,Michoacán,Parkinson,general,4
2027-01-11,Michoacán,Parkinson,hombres,2
2027-01-11,Michoacán,Parkinson,mujeres,2
2027-01-18,Michoacán,Parkinson,general,5
2027-01-18,Michoacán,Parkinson,hombres,2
2027-01-18,Michoacán,Parkinson,mujeres,3
2027-01-25,Michoacán,Parkinson,general,5
2027-01-25,Michoacán,Parkinson,hombres,1
2027-01-25,Michoacán,Parkinson,mujeres,2
2026-02-02,Morelos,Parkinson,general,9
2026-02-02,Morelos,Parkinson,hombres,4
2026-02-02,Morelos,Parkinson,mujeres,6
2026-02-09,Morelos,Parkinson,general,8
2026-02-09,Morelos,Parkinson,hombres,4
2026-02-09,Morelos,Parkinson,mujeres,1
2026-02-16,Morelos,Parkinson,general,6
2026-02-16,Morelos,Parkinson,hombres,2
2026-02-16,Morelos,Parkinson,mujeres,1
2026-02-23,Morelos,Parkinson,general,8
2026-02-23,Morelos,Parkinson,hombres,3
2026-02-23,Morelos,Parkinson,mujeres,4
2026-03-02,Morelos,Parkinson,general,7
2026-03-02,Morelos,Parkinson,hombres,5
2026-03-02,Morelos,Parkinson,mujeres,3
2026-03-09,Morelos,Parkinson,general,4
2026-03-09,Morelos,Parkinson,hombres,5
2026-03-09,Morelos,Parkinson,mujeres,1
2026-03-16,Morelos,Parkinson,general,7
2026-03-16,Morelos,Parkinson,hombres,3
2026-03-16,Morelos,Parkinson,mujeres,3
2026-03-23,Morelos,Parkinson,general,11
2026-03-23,Morelos,Parkinson,hombres,2
2026-03-23,Morelos,Parkinson,mujeres,3
2026-03-30,Morelos,Parkinson,general,6
2026-03-30,Morelos,Parkinson,hombres,4
2026-03-30,Morelos,Parkinson,mujeres,2
2026-04-06,Morelos,Parkinson,general,5
2026-04-06,Morelos,Parkinson,hombres,3
2026-04-06,Morelos,Parkinson,mujeres,3
2026-04-13,Morelos,Parkinson,general,5
2026-04-13,Morelos,Parkinson,hombres,4
2026-04-13,Morelos,Parkinson,mujeres,1
2026-04-20,Morelos,Parkinson,general,4
2026-04-20,Morelos,Parkinson,hombres,3
2026-04-20,Morelos,Parkinson,mujeres,1
2026-04-27,Morelos,Parkinson,general,5
2026-04-27,Morelos,Parkinson,hombres,4
2026-04-27,Morelos,Parkinson,mujeres,2
2026-05-04,Morelos,Parkinson,general,8
2026-05-04,Morelos,Parkinson,hombres,4
2026-05-04,Morelos,Parkinson,mujeres,3
2026-05-11,Morelos,Parkinson,general,4
2026-05-11,Morelos,Parkinson,hombres,3
2026-05-11,Morelos,Parkinson,mujeres,1
2026-05-18,Morelos,Parkinson,general,3
2026-05-18,Morelos,Parkinson,hombres,2
2026-05-18,Morelos,Parkinson,mujeres,2
2026-05-25,Morelos,Parkinson,general,8
2026-05-25,Morelos,Parkinson,hombres,3
2026-05-25,Morelos,Parkinson,mujeres,3
2026-06-01,Morelos,Parkinson,general,9
2026-06-01,Morelos,Parkinson,hombres,3
2026-06-01,Morelos,Parkinson,mujeres,1
2026-06-08,Morelos,Parkinson,general,5
2026-06-08,Morelos,Parkinson,hombres,5
2026-06-08,Morelos,Parkinson,mujeres,1
2026-06-15,Morelos,Parkinson,general,4
2026-06-15,Morelos,Parkinson,hombres,2
2026-06-15,Morelos,Parkinson,mujeres,1
2026-06-22,Morelos,Parkinson,general,9
2026-06-22,Morelos,Parkinson,hombres,5
2026-06-22,Morelos,Parkinson,mujeres,2
2026-06-29,Morelos,Parkinson,general,7
2026-06-29,Morelos,Parkinson,hombres,3
2026-06-29,Morelos,Parkinson,mujeres,4
2026-07-06,Morelos,Parkinson,general,7
2026-07-06,Morelos,Parkinson,hombres,5
2026-07-06,Morelos,Parkinson,mujeres,2
2026-07-13,Morelos,Parkinson,general,7
2026-07-13,Morelos,Parkinson,hombres,4
2026-07-13,Morelos,Parkinson,mujeres,2
2026-07-20,Morelos,Parkinson,general,8
2026-07-20,Morelos,Parkinson,hombres,4
2026-07-20,Morelos,Parkinson,mujeres,2
2026-07-27,Morelos,Parkinson,general,6
2026-07-27,Morelos,Parkinson,hombres,4
2026-07-27,Morelos,Parkinson,mujeres,2
2026-08-03,Morelos,Parkinson,general,4
2026-08-03,Morelos,Parkinson,hombres,3
2026-08-03,Morelos,Parkinson,mujeres,5
2026-08-10,Morelos,Parkinson,general,4
2026-08-10,Morelos,Parkinson,hombres,5
2026-08-10,Morelos,Parkinson,mujeres,2
2026-08-17,Morelos,Parkinson,general,7
2026-08-17,Morelos,Parkinson,hombres,3
2026-08-17,Morelos,Parkinson,mujeres,2
2026-08-24,Morelos,Parkinson,general,10
2026-08-24,Morelos,Parkinson,hombres,4
2026-08-24,Morelos,Parkinson,mujeres,2
2026-08-31,Morelos,Parkinson,general,5
2026-08-31,Morelos,Parkinson,hombres,3
2026-08-31,Morelos,Parkinson,mujeres,2
2026-09-07,Morelos,Parkinson,general,5
2026-09-07,Morelos,Parkinson,hombres,5
2026-09-07,Morelos,Parkinson,mujeres,3
2026-09-14,Morelos,Parkinson,general,8
2026-09-14,Morelos,Parkinson,hombres,6
2026-09-14,Morelos,Parkinson,mujeres,2
2026-09-21,Morelos,Parkinson,general,4
2026-09-21,Morelos,Parkinson,hombres,3
2026-09-21,Morelos,Parkinson,mujeres,2
2026-09-28,Morelos,Parkinson,general,3
2026-09-28,Morelos,Parkinson,hombres,3
2026-09-28,Morelos,Parkinson,mujeres,2
2026-10-05,Morelos,Parkinson,general,7
2026-10-05,Morelos,Parkinson,hombres,5
2026-10-05,Morelos,Parkinson,mujeres,1
2026-10-12,Morelos,Parkinson,general,2
2026-10-12,Morelos,Parkinson,hombres,6
2026-10-12,Morelos,Parkinson,mujeres,2
2026-10-19,Morelos,Parkinson,general,7
2026-10-19,Morelos,Parkinson,hombres,6
2026-10-19,Morelos,Parkinson,mujeres,1
2026-10-26,Morelos,Parkinson,general,7
2026-10-26,Morelos,Parkinson,hombres,1
2026-10-26,Morelos,Parkinson,mujeres,3
2026-11-02,Morelos,Parkinson,general,5
2026-11-02,Morelos,Parkinson,hombres,3
2026-11-02,Morelos,Parkinson,mujeres,3
2026-11-09,Morelos,Parkinson,general,3
2026-11-09,Morelos,Parkinson,hombres,7
2026-11-09,Morelos,Parkinson,mujeres,5
2026-11-16,Morelos,Parkinson,general,8
2026-11-16,Morelos,Parkinson,hombres,3
2026-11-16,Morelos,Parkinson,mujeres,2
2026-11-23,Morelos,Parkinson,general,2
2026-11-23,Morelos,Parkinson,hombres,2
2026-11-23,Morelos,Parkinson,mujeres,1
2026-11-30,Morelos,Parkinson,general,8
2026-11-30,Morelos,Parkinson,hombres,5
2026-11-30,Morelos,Parkinson,mujeres,3
2026-12-07,Morelos,Parkinson,general,4
2026-12-07,Morelos,Parkinson,hombres,2
2026-12-07,Morelos,Parkinson,mujeres,3
2026-12-14,Morelos,Parkinson,general,12
2026-12-14,Morelos,Parkinson,hombres,6
2026-12-14,Morelos,Parkinson,mujeres,3
2026-12-21,Morelos,Parkinson,general,4
2026-12-21,Morelos,Parkinson,hombres,2
2026-12-21,Morelos,Parkinson,mujeres,4
2026-12-28,Morelos,Parkinson,general,7
2026-12-28,Morelos,Parkinson,hombres,1
2026-12-28,Morelos,Parkinson,mujeres,4
2027-01-04,Morelos,Parkinson,general,4
2027-01-04,Morelos,Parkinson,hombres,4
2027-01-04,Morelos,Parkinson,mujeres,5
2027-01-11,Morelos,Parkinson,general,12
2027-01-11,Morelos,Parkinson,hombres,4
2027-01-11,Morelos,Parkinson,mujeres,6
2027-01-18,Morelos,Parkinson,general,12
2027-01-18,Morelos,Parkinson,hombres,0
2027-01-18,Morelos,Parkinson,mujeres,5
2027-01-25,Morelos,Parkinson,general,6
2027-01-25,Morelos,Parkinson,hombres,4
2027-01-25,Morelos,Parkinson,mujeres,4
2026-02-02,México,Parkinson,general,9
2026-02-02,México,Parkinson,hombres,4
2026-02-02,México,Parkinson,mujeres,4
2026-02-09,México,Parkinson,general,9
2026-02-09,México,Parkinson,hombres,4
2026-02-09,México,Parkinson,mujeres,3
2026-02-16,México,Parkinson,general,11
2026-02-16,México,Parkinson,hombres,4
2026-02-16,México,Parkinson,mujeres,5
2026-02-23,México,Parkinson,general,9
2026-02-23,México,Parkinson,hombres,2
2026-02-23,México,Parkinson,mujeres,5
2026-03-02,México,Parkinson,general,7
2026-03-02,México,Parkinson,hombres,5
2026-03-02,México,Parkinson,mujeres,2
2026-03-09,México,Parkinson,general,9
2026-03-09,México,Parkinson,hombres,4
2026-03-09,México,Parkinson,mujeres,4
2026-03-16,México,Parkinson,general,9
2026-03-16,México,Parkinson,hombres,4
2026-03-16,México,Parkinson,mujeres,5
2026-03-23,México,Parkinson,general,8
2026-03-23,México,Parkinson,hombres,5
2026-03-23,México,Parkinson,mujeres,2
2026-03-30,México,Parkinson,general,10
2026-03-30,México,Parkinson,hombres,3
2026-03-30,México,Parkinson,mujeres,4
2026-04-06,México,Parkinson,general,11
2026-04-06,México,Parkinson,hombres,7
2026-04-06,México,Parkinson,mujeres,7
2026-04-13,México,Parkinson,general,7
2026-04-13,México,Parkinson,hombres,3
2026-04-13,México,Parkinson,mujeres,3
2026-04-20,México,Parkinson,general,9
2026-04-20,México,Parkinson,hombres,3
2026-04-20,México,Parkinson,mujeres,4
2026-04-27,México,Parkinson,general,7
2026-04-27,México,Parkinson,hombres,7
2026-04-27,México,Parkinson,mujeres,7
2026-05-04,México,Parkinson,general,9
2026-05-04,México,Parkinson,hombres,2
2026-05-04,México,Parkinson,mujeres,5
2026-05-11,México,Parkinson,general,8
2026-05-11,México,Parkinson,hombres,5
2026-05-11,México,Parkinson,mujeres,3
2026-05-18,México,Parkinson,general,8
2026-05-18,México,Parkinson,hombres,2
2026-05-18,México,Parkinson,mujeres,3
2026-05-25,México,Parkinson,general,7
2026-05-25,México,Parkinson,hombres,5
2026-05-25,México,Parkinson,mujeres,3
2026-06-01,México,Parkinson,general,10
2026-06-01,México,Parkinson,hombres,3
2026-06-01,México,Parkinson,mujeres,4
2026-06-08,México,Parkinson,general,8
2026-06-08,México,Parkinson,hombres,6
2026-06-08,México,Parkinson,mujeres,5
2026-06-15,México,Parkinson,general,8
2026-06-15,México,Parkinson,hombres,3
2026-06-15,México,Parkinson,mujeres,3
2026-06-22,México,Parkinson,general,7
2026-06-22,México,Parkinson,hombres,5
2026-06-22,México,Parkinson,mujeres,3
2026-06-29,México,Parkinson,general,8
2026-06-29,México,Parkinson,hombres,3
2026-06-29,México,Parkinson,mujeres,4
2026-07-06,México,Parkinson,general,9
2026-07-06,México,Parkinson,hombres,5
2026-07-06,México,Parkinson,mujeres,3
2026-07-13,México,Parkinson,general,9
2026-07-13,México,Parkinson,hombres,6
2026-07-13,México,Parkinson,mujeres,4
2026-07-20,México,Parkinson,general,6
2026-07-20,México,Parkinson,hombres,3
2026-07-20,México,Parkinson,mujeres,4
2026-07-27,México,Parkinson,general,8
2026-07-27,México,Parkinson,hombres,2
2026-07-27,México,Parkinson,mujeres,3
2026-08-03,México,Parkinson,general,9
2026-08-03,México,Parkinson,hombres,5
2026-08-03,México,Parkinson,mujeres,2
2026-08-10,México,Parkinson,general,9
2026-08-10,México,Parkinson,hombres,4
2026-08-10,México,Parkinson,mujeres,4
2026-08-17,México,Parkinson,general,7
2026-08-17,México,Parkinson,hombres,3
2026-08-17,México,Parkinson,mujeres,5
2026-08-24,México,Parkinson,general,6
2026-08-24,México,Parkinson,hombres,3
2026-08-24,México,Parkinson,mujeres,5
2026-08-31,México,Parkinson,general,8
2026-08-31,México,Parkinson,hombres,3
2026-08-31,México,Parkinson,mujeres,7
2026-09-07,México,Parkinson,general,8
2026-09-07,México,Parkinson,hombres,5
2026-09-07,México,Parkinson,mujeres,3
2026-09-14,México,Parkinson,general,7
2026-09-14,México,Parkinson,hombres,7
2026-09-14,México,Parkinson,mujeres,3
2026-09-21,México,Parkinson,general,5
2026-09-21,México,Parkinson,hombres,3
2026-09-21,México,Parkinson,mujeres,5
2026-09-28,México,Parkinson,general,7
2026-09-28,México,Parkinson,hombres,6
2026-09-28,México,Parkinson,mujeres,5
2026-10-05,México,Parkinson,general,7
2026-10-05,México,Parkinson,hombres,4
2026-10-05,México,Parkinson,mujeres,5
2026-10-12,México,Parkinson,general,7
2026-10-12,México,Parkinson,hombres,4
2026-10-12,México,Parkinson,mujeres,4
2026-10-19,México,Parkinson,general,5
2026-10-19,México,Parkinson,hombres,6
2026-10-19,México,Parkinson,mujeres,7
2026-10-26,México,Parkinson,general,7
2026-10-26,México,Parkinson,hombres,4
2026-10-26,México,Parkinson,mujeres,4
2026-11-02,México,Parkinson,general,7
2026-11-02,México,Parkinson,hombres,4
2026-11-02,México,Parkinson,mujeres,6
2026-11-09,México,Parkinson,general,4
2026-11-09,México,Parkinson,hombres,6
2026-11-09,México,Parkinson,mujeres,3
2026-11-16,México,Parkinson,general,5
2026-11-16,México,Parkinson,hombres,4
2026-11-16,México,Parkinson,mujeres,4
2026-11-23,México,Parkinson,general,7
2026-11-23,México,Parkinson,hombres,4
2026-11-23,México,Parkinson,mujeres,5
2026-11-30,México,Parkinson,general,4
2026-11-30,México,Parkinson,hombres,5
2026-11-30,México,Parkinson,mujeres,4
2026-12-07,México,Parkinson,general,8
2026-12-07,México,Parkinson,hombres,3
2026-12-07,México,Parkinson,mujeres,6
2026-12-14,México,Parkinson,general,5
2026-12-14,México,Parkinson,hombres,4
2026-12-14,México,Parkinson,mujeres,5
2026-12-21,México,Parkinson,general,4
2026-12-21,México,Parkinson,hombres,5
2026-12-21,México,Parkinson,mujeres,4
2026-12-28,México,Parkinson,general,4
2026-12-28,México,Parkinson,hombres,3
2026-12-28,México,Parkinson,mujeres,2
2027-01-04,México,Parkinson,general,7
2027-01-04,México,Parkinson,hombres,5
2027-01-04,México,Parkinson,mujeres,3
2027-01-11,México,Parkinson,general,5
2027-01-11,México,Parkinson,hombres,5
2027-01-11,México,Parkinson,mujeres,3
2027-01-18,México,Parkinson,general,5
2027-01-18,México,Parkinson,hombres,5
2027-01-18,México,Parkinson,mujeres,2
2027-01-25,México,Parkinson,general,10
2027-01-25,México,Parkinson,hombres,4
2027-01-25,México,Parkinson,mujeres,3
2026-02-02,Nacional,Parkinson,general,155
2026-02-02,Nacional,Parkinson,hombres,72
2026-02-02,Nacional,Parkinson,mujeres,73
2026-02-09,Nacional,Parkinson,general,155
2026-02-09,Nacional,Parkinson,hombres,71
2026-02-09,Nacional,Parkinson,mujeres,76
2026-02-16,Nacional,Parkinson,general,166
2026-02-16,Nacional,Parkinson,hombres,70
2026-02-16,Nacional,Parkinson,mujeres,75
2026-02-23,Nacional,Parkinson,general,163
2026-02-23,Nacional,Parkinson,hombres,70
2026-02-23,Nacional,Parkinson,mujeres,71
2026-03-02,Nacional,Parkinson,general,159
2026-03-02,Nacional,Parkinson,hombres,70
2026-03-02,Nacional,Parkinson,mujeres,78
2026-03-09,Nacional,Parkinson,general,157
2026-03-09,Nacional,Parkinson,hombres,68
2026-03-09,Nacional,Parkinson,mujeres,75
2026-03-16,Nacional,Parkinson,general,155
2026-03-16,Nacional,Parkinson,hombres,64
2026-03-16,Nacional,Parkinson,mujeres,75
2026-03-23,Nacional,Parkinson,general,157
2026-03-23,Nacional,Parkinson,hombres,61
2026-03-23,Nacional,Parkinson,mujeres,76
2026-03-30,Nacional,Parkinson,general,153
2026-03-30,Nacional,Parkinson,hombres,59
2026-03-30,Nacional,Parkinson,mujeres,77
2026-04-06,Nacional,Parkinson,general,161
2026-04-06,Nacional,Parkinson,hombres,58
2026-04-06,Nacional,Parkinson,mujeres,76
2026-04-13,Nacional,Parkinson,general,166
2026-04-13,Nacional,Parkinson,hombres,58
2026-04-13,Nacional,Parkinson,mujeres,78
2026-04-20,Nacional,Parkinson,general,167
2026-04-20,Nacional,Parkinson,hombres,56
2026-04-20,Nacional,Parkinson,mujeres,78
2026-04-27,Nacional,Parkinson,general,163
2026-04-27,Nacional,Parkinson,hombres,55
2026-04-27,Nacional,Parkinson,mujeres,71
2026-05-04,Nacional,Parkinson,general,159
2026-05-04,Nacional,Parkinson,hombres,59
2026-05-04,Nacional,Parkinson,mujeres,77
2026-05-11,Nacional,Parkinson,general,162
2026-05-11,Nacional,Parkinson,hombres,62
2026-05-11,Nacional,Parkinson,mujeres,77
2026-05-18,Nacional,Parkinson,general,166
2026-05-18,Nacional,Parkinson,hombres,62
2026-05-18,Nacional,Parkinson,mujeres,77
2026-05-25,Nacional,Parkinson,general,172
2026-05-25,Nacional,Parkinson,hombres,62
2026-05-25,Nacional,Parkinson,mujeres,80
2026-06-01,Nacional,Parkinson,general,168
2026-06-01,Nacional,Parkinson,hombres,65
2026-06-01,Nacional,Parkinson,mujeres,79
2026-06-08,Nacional,Parkinson,general,165
2026-06-08,Nacional,Parkinson,hombres,66
2026-06-08,Nacional,Parkinson,mujeres,77
2026-06-15,Nacional,Parkinson,general,160
2026-06-15,Nacional,Parkinson,hombres,64
2026-06-15,Nacional,Parkinson,mujeres,76
2026-06-22,Nacional,Parkinson,general,163
2026-06-22,Nacional,Parkinson,hombres,63
2026-06-22,Nacional,Parkinson,mujeres,77
2026-06-29,Nacional,Parkinson,general,165
2026-06-29,Nacional,Parkinson,hombres,61
2026-06-29,Nacional,Parkinson,mujeres,75
2026-07-06,Nacional,Parkinson,general,163
2026-07-06,Nacional,Parkinson,hombres,63
2026-07-06,Nacional,Parkinson,mujeres,76
2026-07-13,Nacional,Parkinson,general,160
2026-07-13,Nacional,Parkinson,hombres,62
2026-07-13,Nacional,Parkinson,mujeres,77
2026-07-20,Nacional,Parkinson,general,158
2026-07-20,Nacional,Parkinson,hombres,61
2026-07-20,Nacional,Parkinson,mujeres,77
2026-07-27,Nacional,Parkinson,general,161
2026-07-27,Nacional,Parkinson,hombres,62
2026-07-27,Nacional,Parkinson,mujeres,78
2026-08-03,Nacional,Parkinson,general,171
2026-08-03,Nacional,Parkinson,hombres,66
2026-08-03,Nacional,Parkinson,mujeres,83
2026-08-10,Nacional,Parkinson,general,182
2026-08-10,Nacional,Parkinson,hombres,66
2026-08-10,Nacional,Parkinson,mujeres,84
2026-08-17,Nacional,Parkinson,general,182
2026-08-17,Nacional,Parkinson,hombres,66
2026-08-17,Nacional,Parkinson,mujeres,82
2026-08-24,Nacional,Parkinson,general,172
2026-08-24,Nacional,Parkinson,hombres,64
2026-08-24,Nacional,Parkinson,mujeres,81
2026-08-31,Nacional,Parkinson,general,163
2026-08-31,Nacional,Parkinson,hombres,62
2026-08-31,Nacional,Parkinson,mujeres,78
2026-09-07,Nacional,Parkinson,general,164
2026-09-07,Nacional,Parkinson,hombres,63
2026-09-07,Nacional,Parkinson,mujeres,75
2026-09-14,Nacional,Parkinson,general,171
2026-09-14,Nacional,Parkinson,hombres,65
2026-09-14,Nacional,Parkinson,mujeres,73
2026-09-21,Nacional,Parkinson,general,168
2026-09-21,Nacional,Parkinson,hombres,65
2026-09-21,Nacional,Parkinson,mujeres,71
2026-09-28,Nacional,Parkinson,general,168
2026-09-28,Nacional,Parkinson,hombres,63
2026-09-28,Nacional,Parkinson,mujeres,73
2026-10-05,Nacional,Parkinson,general,162
2026-10-05,Nacional,Parkinson,hombres,64
2026-10-05,Nacional,Parkinson,mujeres,76
2026-10-12,Nacional,Parkinson,general,160
2026-10-12,Nacional,Parkinson,hombres,64
2026-10-12,Nacional,Parkinson,mujeres,75
2026-10-19,Nacional,Parkinson,general,169
2026-10-19,Nacional,Parkinson,hombres,65
2026-10-19,Nacional,Parkinson,mujeres,77
2026-10-26,Nacional,Parkinson,general,170
2026-10-26,Nacional,Parkinson,hombres,61
2026-10-26,Nacional,Parkinson,mujeres,76
2026-11-02,Nacional,Parkinson,general,156
2026-11-02,Nacional,Parkinson,hombres,63
2026-11-02,Nacional,Parkinson,mujeres,74
2026-11-09,Nacional,Parkinson,general,149
2026-11-09,Nacional,Parkinson,hombres,62
2026-11-09,Nacional,Parkinson,mujeres,73
2026-11-16,Nacional,Parkinson,general,147
2026-11-16,Nacional,Parkinson,hombres,59
2026-11-16,Nacional,Parkinson,mujeres,75
2026-11-23,Nacional,Parkinson,general,152
2026-11-23,Nacional,Parkinson,hombres,54
2026-11-23,Nacional,Parkinson,mujeres,74
2026-11-30,Nacional,Parkinson,general,161
2026-11-30,Nacional,Parkinson,hombres,51
2026-11-30,Nacional,Parkinson,mujeres,74
2026-12-07,Nacional,Parkinson,general,152
2026-12-07,Nacional,Parkinson,hombres,53
2026-12-07,Nacional,Parkinson,mujeres,76
2026-12-14,Nacional,Parkinson,general,128
2026-12-14,Nacional,Parkinson,hombres,51
2026-12-14,Nacional,Parkinson,mujeres,67
2026-12-21,Nacional,Parkinson,general,113
2026-12-21,Nacional,Parkinson,hombres,48
2026-12-21,Nacional,Parkinson,mujeres,62
2026-12-28,Nacional,Parkinson,general,111
2026-12-28,Nacional,Parkinson,hombres,46
2026-12-28,Nacional,Parkinson,mujeres,61
2027-01-04,Nacional,Parkinson,general,121
2027-01-04,Nacional,Parkinson,hombres,54
2027-01-04,Nacional,Parkinson,mujeres,66
2027-01-11,Nacional,Parkinson,general,142
2027-01-11,Nacional,Parkinson,hombres,60
2027-01-11,Nacional,Parkinson,mujeres,67
2027-01-18,Nacional,Parkinson,general,151
2027-01-18,Nacional,Parkinson,hombres,62
2027-01-18,Nacional,Parkinson,mujeres,73
2027-01-25,Nacional,Parkinson,general,151
2027-01-25,Nacional,Parkinson,hombres,62
2027-01-25,Nacional,Parkinson,mujeres,75
2026-02-02,Nayarit,Parkinson,general,1
2026-02-02,Nayarit,Parkinson,hombres,1
2026-02-02,Nayarit,Parkinson,mujeres,0
2026-02-09,Nayarit,Parkinson,general,1
2026-02-09,Nayarit,Parkinson,hombres,1
2026-02-09,Nayarit,Parkinson,mujeres,0
2026-02-16,Nayarit,Parkinson,general,1
2026-02-16,Nayarit,Parkinson,hombres,1
2026-02-16,Nayarit,Parkinson,mujeres,0
2026-02-23,Nayarit,Parkinson,general,1
2026-02-23,Nayarit,Parkinson,hombres,1
2026-02-23,Nayarit,Parkinson,mujeres,0
2026-03-02,Nayarit,Parkinson,general,1
2026-03-02,Nayarit,Parkinson,hombres,1
2026-03-02,Nayarit,Parkinson,mujeres,0
2026-03-09,Nayarit,Parkinson,general,1
2026-03-09,Nayarit,Parkinson,hombres,1
2026-03-09,Nayarit,Parkinson,mujeres,0
2026-03-16,Nayarit,Parkinson,general,1
2026-03-16,Nayarit,Parkinson,hombres,1
2026-03-16,Nayarit,Parkinson,mujeres,0
2026-03-23,Nayarit,Parkinson,general,1
2026-03-23,Nayarit,Parkinson,hombres,1
2026-03-23,Nayarit,Parkinson,mujeres,0
2026-03-30,Nayarit,Parkinson,general,1
2026-03-30,Nayarit,Parkinson,hombres,1
2026-03-30,Nayarit,Parkinson,mujeres,0
2026-04-06,Nayarit,Parkinson,general,1
2026-04-06,Nayarit,Parkinson,hombres,1
2026-04-06,Nayarit,Parkinson,mujeres,0
2026-04-13,Nayarit,Parkinson,general,1
2026-04-13,Nayarit,Parkinson,hombres,1
2026-04-13,Nayarit,Parkinson,mujeres,0
2026-04-20,Nayarit,Parkinson,general,1
2026-04-20,Nayarit,Parkinson,hombres,1
2026-04-20,Nayarit,Parkinson,mujeres,0
2026-04-27,Nayarit,Parkinson,general,1
2026-04-27,Nayarit,Parkinson,hombres,1
2026-04-27,Nayarit,Parkinson,mujeres,0
2026-05-04,Nayarit,Parkinson,general,1
2026-05-04,Nayarit,Parkinson,hombres,1
2026-05-04,Nayarit,Parkinson,mujeres,0
2026-05-11,Nayarit,Parkinson,general,1
2026-05-11,Nayarit,Parkinson,hombres,1
2026-05-11,Nayarit,Parkinson,mujeres,0
2026-05-18,Nayarit,Parkinson,general,1
2026-05-18,Nayarit,Parkinson,hombres,1
2026-05-18,Nayarit,Parkinson,mujeres,0
2026-05-25,Nayarit,Parkinson,general,1
2026-05-25,Nayarit,Parkinson,hombres,1
2026-05-25,Nayarit,Parkinson,mujeres,1
2026-06-01,Nayarit,Parkinson,general,1
2026-06-01,Nayarit,Parkinson,hombres,1
2026-06-01,Nayarit,Parkinson,mujeres,1
2026-06-08,Nayarit,Parkinson,general,1
2026-06-08,Nayarit,Parkinson,hombres,1
2026-06-08,Nayarit,Parkinson,mujeres,1
2026-06-15,Nayarit,Parkinson,general,1
2026-06-15,Nayarit,Parkinson,hombres,1
2026-06-15,Nayarit,Parkinson,mujeres,0
2026-06-22,Nayarit,Parkinson,general,1
2026-06-22,Nayarit,Parkinson,hombres,1
2026-06-22,Nayarit,Parkinson,mujeres,0
2026-06-29,Nayarit,Parkinson,general,1
2026-06-29,Nayarit,Parkinson,hombres,1
2026-06-29,Nayarit,Parkinson,mujeres,0
2026-07-06,Nayarit,Parkinson,general,1
2026-07-06,Nayarit,Parkinson,hombres,1
2026-07-06,Nayarit,Parkinson,mujeres,0
2026-07-13,Nayarit,Parkinson,general,1
2026-07-13,Nayarit,Parkinson,hombres,1
2026-07-13,Nayarit,Parkinson,mujeres,0
2026-07-20,Nayarit,Parkinson,general,1
2026-07-20,Nayarit,Parkinson,hombres,1
2026-07-20,Nayarit,Parkinson,mujeres,0
2026-07-27,Nayarit,Parkinson,general,1
2026-07-27,Nayarit,Parkinson,hombres,1
2026-07-27,Nayarit,Parkinson,mujeres,0
2026-08-03,Nayarit,Parkinson,general,1
2026-08-03,Nayarit,Parkinson,hombres,1
2026-08-03,Nayarit,Parkinson,mujeres,1
2026-08-10,Nayarit,Parkinson,general,1
2026-08-10,Nayarit,Parkinson,hombres,1
2026-08-10,Nayarit,Parkinson,mujeres,1
2026-08-17,Nayarit,Parkinson,general,1
2026-08-17,Nayarit,Parkinson,hombres,1
2026-08-17,Nayarit,Parkinson,mujeres,1
2026-08-24,Nayarit,Parkinson,general,1
2026-08-24,Nayarit,Parkinson,hombres,1
2026-08-24,Nayarit,Parkinson,mujeres,1
2026-08-31,Nayarit,Parkinson,general,1
2026-08-31,Nayarit,Parkinson,hombres,1
2026-08-31,Nayarit,Parkinson,mujeres,0
2026-09-07,Nayarit,Parkinson,general,1
2026-09-07,Nayarit,Parkinson,hombres,1
2026-09-07,Nayarit,Parkinson,mujeres,0
2026-09-14,Nayarit,Parkinson,general,1
2026-09-14,Nayarit,Parkinson,hombres,1
2026-09-14,Nayarit,Parkinson,mujeres,0
2026-09-21,Nayarit,Parkinson,general,1
2026-09-21,Nayarit,Parkinson,hombres,1
2026-09-21,Nayarit,Parkinson,mujeres,0
2026-09-28,Nayarit,Parkinson,general,1
2026-09-28,Nayarit,Parkinson,hombres,1
2026-09-28,Nayarit,Parkinson,mujeres,0
2026-10-05,Nayarit,Parkinson,general,1
2026-10-05,Nayarit,Parkinson,hombres,1
2026-10-05,Nayarit,Parkinson,mujeres,0
2026-10-12,Nayarit,Parkinson,general,1
2026-10-12,Nayarit,Parkinson,hombres,1
2026-10-12,Nayarit,Parkinson,mujeres,0
2026-10-19,Nayarit,Parkinson,general,1
2026-10-19,Nayarit,Parkinson,hombres,1
2026-10-19,Nayarit,Parkinson,mujeres,1
2026-10-26,Nayarit,Parkinson,general,1
2026-10-26,Nayarit,Parkinson,hombres,1
2026-10-26,Nayarit,Parkinson,mujeres,1
2026-11-02,Nayarit,Parkinson,general,1
2026-11-02,Nayarit,Parkinson,hombres,1
2026-11-02,Nayarit,Parkinson,mujeres,1
2026-11-09,Nayarit,Parkinson,general,1
2026-11-09,Nayarit,Parkinson,hombres,1
2026-11-09,Nayarit,Parkinson,mujeres,1
2026-11-16,Nayarit,Parkinson,general,1
2026-11-16,Nayarit,Parkinson,hombres,1
2026-11-16,Nayarit,Parkinson,mujeres,0
2026-11-23,Nayarit,Parkinson,general,1
2026-11-23,Nayarit,Parkinson,hombres,1
2026-11-23,Nayarit,Parkinson,mujeres,0
2026-11-30,Nayarit,Parkinson,general,1
2026-11-30,Nayarit,Parkinson,hombres,1
2026-11-30,Nayarit,Parkinson,mujeres,0
2026-12-07,Nayarit,Parkinson,general,1
2026-12-07,Nayarit,Parkinson,hombres,1
2026-12-07,Nayarit,Parkinson,mujeres,0
2026-12-14,Nayarit,Parkinson,general,1
2026-12-14,Nayarit,Parkinson,hombres,0
2026-12-14,Nayarit,Parkinson,mujeres,0
2026-12-21,Nayarit,Parkinson,general,1
2026-12-21,Nayarit,Parkinson,hombres,0
2026-12-21,Nayarit,Parkinson,mujeres,0
2026-12-28,Nayarit,Parkinson,general,1
2026-12-28,Nayarit,Parkinson,hombres,0
2026-12-28,Nayarit,Parkinson,mujeres,0
2027-01-04,Nayarit,Parkinson,general,1
2027-01-04,Nayarit,Parkinson,hombres,0
2027-01-04,Nayarit,Parkinson,mujeres,0
2027-01-11,Nayarit,Parkinson,general,1
2027-01-11,Nayarit,Parkinson,hombres,0
2027-01-11,Nayarit,Parkinson,mujeres,0
2027-01-18,Nayarit,Parkinson,general,1
2027-01-18,Nayarit,Parkinson,hombres,1
2027-01-18,Nayarit,Parkinson,mujeres,0
2027-01-25,Nayarit,Parkinson,general,1
2027-01-25,Nayarit,Parkinson,hombres,1
2027-01-25,Nayarit,Parkinson,mujeres,0
2026-02-02,Nuevo León,Parkinson,general,4
2026-02-02,Nuevo León,Parkinson,hombres,2
2026-02-02,Nuevo León,Parkinson,mujeres,1
2026-02-09,Nuevo León,Parkinson,general,5
2026-02-09,Nuevo León,Parkinson,hombres,2
2026-02-09,Nuevo León,Parkinson,mujeres,2
2026-02-16,Nuevo León,Parkinson,general,4
2026-02-16,Nuevo León,Parkinson,hombres,2
2026-02-16,Nuevo León,Parkinson,mujeres,1
2026-02-23,Nuevo León,Parkinson,general,4
2026-02-23,Nuevo León,Parkinson,hombres,2
2026-02-23,Nuevo León,Parkinson,mujeres,2
2026-03-02,Nuevo León,Parkinson,general,7
2026-03-02,Nuevo León,Parkinson,hombres,3
2026-03-02,Nuevo León,Parkinson,mujeres,1
2026-03-09,Nuevo León,Parkinson,general,4
2026-03-09,Nuevo León,Parkinson,hombres,1
2026-03-09,Nuevo León,Parkinson,mujeres,1
2026-03-16,Nuevo León,Parkinson,general,5
2026-03-16,Nuevo León,Parkinson,hombres,2
2026-03-16,Nuevo León,Parkinson,mujeres,2
2026-03-23,Nuevo León,Parkinson,general,4
2026-03-23,Nuevo León,Parkinson,hombres,2
2026-03-23,Nuevo León,Parkinson,mujeres,2
2026-03-30,Nuevo León,Parkinson,general,3
2026-03-30,Nuevo León,Parkinson,hombres,1
2026-03-30,Nuevo León,Parkinson,mujeres,0
2026-04-06,Nuevo León,Parkinson,general,2
2026-04-06,Nuevo León,Parkinson,hombres,2
2026-04-06,Nuevo León,Parkinson,mujeres,2
2026-04-13,Nuevo León,Parkinson,general,5
2026-04-13,Nuevo León,Parkinson,hombres,1
2026-04-13,Nuevo León,Parkinson,mujeres,3
2026-04-20,Nuevo León,Parkinson,general,3
2026-04-20,Nuevo León,Parkinson,hombres,1
2026-04-20,Nuevo León,Parkinson,mujeres,1
2026-04-27,Nuevo León,Parkinson,general,1
2026-04-27,Nuevo León,Parkinson,hombres,2
2026-04-27,Nuevo León,Parkinson,mujeres,1
2026-05-04,Nuevo León,Parkinson,general,4
2026-05-04,Nuevo León,Parkinson,hombres,1
2026-05-04,Nuevo León,Parkinson,mujeres,2
2026-05-11,Nuevo León,Parkinson,general,3
2026-05-11,Nuevo León,Parkinson,hombres,1
2026-05-11,Nuevo León,Parkinson,mujeres,3
2026-05-18,Nuevo León,Parkinson,general,4
2026-05-18,Nuevo León,Parkinson,hombres,1
2026-05-18,Nuevo León,Parkinson,mujeres,2
2026-05-25,Nuevo León,Parkinson,general,4
2026-05-25,Nuevo León,Parkinson,hombres,1
2026-05-25,Nuevo León,Parkinson,mujeres,1
2026-06-01,Nuevo León,Parkinson,general,5
2026-06-01,Nuevo León,Parkinson,hombres,1
2026-06-01,Nuevo León,Parkinson,mujeres,2
2026-06-08,Nuevo León,Parkinson,general,6
2026-06-08,Nuevo León,Parkinson,hombres,1
2026-06-08,Nuevo León,Parkinson,mujeres,3
2026-06-15,Nuevo León,Parkinson,general,4
2026-06-15,Nuevo León,Parkinson,hombres,1
2026-06-15,Nuevo León,Parkinson,mujeres,1
2026-06-22,Nuevo León,Parkinson,general,3
2026-06-22,Nuevo León,Parkinson,hombres,1
2026-06-22,Nuevo León,Parkinson,mujeres,1
2026-06-29,Nuevo León,Parkinson,general,4
2026-06-29,Nuevo León,Parkinson,hombres,1
2026-06-29,Nuevo León,Parkinson,mujeres,2
2026-07-06,Nuevo León,Parkinson,general,7
2026-07-06,Nuevo León,Parkinson,hombres,2
2026-07-06,Nuevo León,Parkinson,mujeres,3
2026-07-13,Nuevo León,Parkinson,general,6
2026-07-13,Nuevo León,Parkinson,hombres,1
2026-07-13,Nuevo León,Parkinson,mujeres,1
2026-07-20,Nuevo León,Parkinson,general,4
2026-07-20,Nuevo León,Parkinson,hombres,1
2026-07-20,Nuevo León,Parkinson,mujeres,1
2026-07-27,Nuevo León,Parkinson,general,5
2026-07-27,Nuevo León,Parkinson,hombres,0
2026-07-27,Nuevo León,Parkinson,mujeres,2
2026-08-03,Nuevo León,Parkinson,general,5
2026-08-03,Nuevo León,Parkinson,hombres,3
2026-08-03,Nuevo León,Parkinson,mujeres,2
2026-08-10,Nuevo León,Parkinson,general,4
2026-08-10,Nuevo León,Parkinson,hombres,2
2026-08-10,Nuevo León,Parkinson,mujeres,3
2026-08-17,Nuevo León,Parkinson,general,5
2026-08-17,Nuevo León,Parkinson,hombres,2
2026-08-17,Nuevo León,Parkinson,mujeres,2
2026-08-24,Nuevo León,Parkinson,general,4
2026-08-24,Nuevo León,Parkinson,hombres,2
2026-08-24,Nuevo León,Parkinson,mujeres,3
2026-08-31,Nuevo León,Parkinson,general,3
2026-08-31,Nuevo León,Parkinson,hombres,2
2026-08-31,Nuevo León,Parkinson,mujeres,1
2026-09-07,Nuevo León,Parkinson,general,5
2026-09-07,Nuevo León,Parkinson,hombres,2
2026-09-07,Nuevo León,Parkinson,mujeres,1
2026-09-14,Nuevo León,Parkinson,general,4
2026-09-14,Nuevo León,Parkinson,hombres,2
2026-09-14,Nuevo León,Parkinson,mujeres,2
2026-09-21,Nuevo León,Parkinson,general,4
2026-09-21,Nuevo León,Parkinson,hombres,2
2026-09-21,Nuevo León,Parkinson,mujeres,3
2026-09-28,Nuevo León,Parkinson,general,4
2026-09-28,Nuevo León,Parkinson,hombres,2
2026-09-28,Nuevo León,Parkinson,mujeres,2
2026-10-05,Nuevo León,Parkinson,general,5
2026-10-05,Nuevo León,Parkinson,hombres,2
2026-10-05,Nuevo León,Parkinson,mujeres,1
2026-10-12,Nuevo León,Parkinson,general,3
2026-10-12,Nuevo León,Parkinson,hombres,2
2026-10-12,Nuevo León,Parkinson,mujeres,2
2026-10-19,Nuevo León,Parkinson,general,4
2026-10-19,Nuevo León,Parkinson,hombres,2
2026-10-19,Nuevo León,Parkinson,mujeres,2
2026-10-26,Nuevo León,Parkinson,general,2
2026-10-26,Nuevo León,Parkinson,hombres,1
2026-10-26,Nuevo León,Parkinson,mujeres,2
2026-11-02,Nuevo León,Parkinson,general,6
2026-11-02,Nuevo León,Parkinson,hombres,1
2026-11-02,Nuevo León,Parkinson,mujeres,3
2026-11-09,Nuevo León,Parkinson,general,3
2026-11-09,Nuevo León,Parkinson,hombres,1
2026-11-09,Nuevo León,Parkinson,mujeres,2
2026-11-16,Nuevo León,Parkinson,general,4
2026-11-16,Nuevo León,Parkinson,hombres,1
2026-11-16,Nuevo León,Parkinson,mujeres,2
2026-11-23,Nuevo León,Parkinson,general,4
2026-11-23,Nuevo León,Parkinson,hombres,1
2026-11-23,Nuevo León,Parkinson,mujeres,2
2026-11-30,Nuevo León,Parkinson,general,2
2026-11-30,Nuevo León,Parkinson,hombres,1
2026-11-30,Nuevo León,Parkinson,mujeres,1
2026-12-07,Nuevo León,Parkinson,general,2
2026-12-07,Nuevo León,Parkinson,hombres,1
2026-12-07,Nuevo León,Parkinson,mujeres,0
2026-12-14,Nuevo León,Parkinson,general,4
2026-12-14,Nuevo León,Parkinson,hombres,2
2026-12-14,Nuevo León,Parkinson,mujeres,2
2026-12-21,Nuevo León,Parkinson,general,5
2026-12-21,Nuevo León,Parkinson,hombres,1
2026-12-21,Nuevo León,Parkinson,mujeres,2
2026-12-28,Nuevo León,Parkinson,general,3
2026-12-28,Nuevo León,Parkinson,hombres,1
2026-12-28,Nuevo León,Parkinson,mujeres,1
2027-01-04,Nuevo León,Parkinson,general,4
2027-01-04,Nuevo León,Parkinson,hombres,1
2027-01-04,Nuevo León,Parkinson,mujeres,1
2027-01-11,Nuevo León,Parkinson,general,5
2027-01-11,Nuevo León,Parkinson,hombres,2
2027-01-11,Nuevo León,Parkinson,mujeres,2
2027-01-18,Nuevo León,Parkinson,general,4
2027-01-18,Nuevo León,Parkinson,hombres,2
2027-01-18,Nuevo León,Parkinson,mujeres,1
2027-01-25,Nuevo León,Parkinson,general,3
2027-01-25,Nuevo León,Parkinson,hombres,2
2027-01-25,Nuevo León,Parkinson,mujeres,1
2026-02-02,Oaxaca,Parkinson,general,3
2026-02-02,Oaxaca,Parkinson,hombres,2
2026-02-02,Oaxaca,Parkinson,mujeres,2
2026-02-09,Oaxaca,Parkinson,general,6
2026-02-09,Oaxaca,Parkinson,hombres,0
2026-02-09,Oaxaca,Parkinson,mujeres,1
2026-02-16,Oaxaca,Parkinson,general,2
2026-02-16,Oaxaca,Parkinson,hombres,1
2026-02-16,Oaxaca,Parkinson,mujeres,1
2026-02-23,Oaxaca,Parkinson,general,3
2026-02-23,Oaxaca,Parkinson,hombres,1
2026-02-23,Oaxaca,Parkinson,mujeres,2
2026-03-02,Oaxaca,Parkinson,general,2
2026-03-02,Oaxaca,Parkinson,hombres,2
2026-03-02,Oaxaca,Parkinson,mujeres,2
2026-03-09,Oaxaca,Parkinson,general,5
2026-03-09,Oaxaca,Parkinson,hombres,1
2026-03-09,Oaxaca,Parkinson,mujeres,1
2026-03-16,Oaxaca,Parkinson,general,2
2026-03-16,Oaxaca,Parkinson,hombres,2
2026-03-16,Oaxaca,Parkinson,mujeres,1
2026-03-23,Oaxaca,Parkinson,general,3
2026-03-23,Oaxaca,Parkinson,hombres,0
2026-03-23,Oaxaca,Parkinson,mujeres,1
2026-03-30,Oaxaca,Parkinson,general,1
2026-03-30,Oaxaca,Parkinson,hombres,1
2026-03-30,Oaxaca,Parkinson,mujeres,2
2026-04-06,Oaxaca,Parkinson,general,3
2026-04-06,Oaxaca,Parkinson,hombres,0
2026-04-06,Oaxaca,Parkinson,mujeres,4
2026-04-13,Oaxaca,Parkinson,general,2
2026-04-13,Oaxaca,Parkinson,hombres,2
2026-04-13,Oaxaca,Parkinson,mujeres,1
2026-04-20,Oaxaca,Parkinson,general,3
2026-04-20,Oaxaca,Parkinson,hombres,0
2026-04-20,Oaxaca,Parkinson,mujeres,1
2026-04-27,Oaxaca,Parkinson,general,2
2026-04-27,Oaxaca,Parkinson,hombres,0
2026-04-27,Oaxaca,Parkinson,mujeres,0
2026-05-04,Oaxaca,Parkinson,general,2
2026-05-04,Oaxaca,Parkinson,hombres,0
2026-05-04,Oaxaca,Parkinson,mujeres,1
2026-05-11,Oaxaca,Parkinson,general,3
2026-05-11,Oaxaca,Parkinson,hombres,1
2026-05-11,Oaxaca,Parkinson,mujeres,0
2026-05-18,Oaxaca,Parkinson,general,3
2026-05-18,Oaxaca,Parkinson,hombres,1
2026-05-18,Oaxaca,Parkinson,mujeres,2
2026-05-25,Oaxaca,Parkinson,general,1
2026-05-25,Oaxaca,Parkinson,hombres,1
2026-05-25,Oaxaca,Parkinson,mujeres,0
2026-06-01,Oaxaca,Parkinson,general,2
2026-06-01,Oaxaca,Parkinson,hombres,1
2026-06-01,Oaxaca,Parkinson,mujeres,2
2026-06-08,Oaxaca,Parkinson,general,2
2026-06-08,Oaxaca,Parkinson,hombres,1
2026-06-08,Oaxaca,Parkinson,mujeres,2
2026-06-15,Oaxaca,Parkinson,general,1
2026-06-15,Oaxaca,Parkinson,hombres,0
2026-06-15,Oaxaca,Parkinson,mujeres,1
2026-06-22,Oaxaca,Parkinson,general,2
2026-06-22,Oaxaca,Parkinson,hombres,0
2026-06-22,Oaxaca,Parkinson,mujeres,1
2026-06-29,Oaxaca,Parkinson,general,1
2026-06-29,Oaxaca,Parkinson,hombres,1
2026-06-29,Oaxaca,Parkinson,mujeres,1
2026-07-06,Oaxaca,Parkinson,general,1
2026-07-06,Oaxaca,Parkinson,hombres,0
2026-07-06,Oaxaca,Parkinson,mujeres,0
2026-07-13,Oaxaca,Parkinson,general,2
2026-07-13,Oaxaca,Parkinson,hombres,1
2026-07-13,Oaxaca,Parkinson,mujeres,1
2026-07-20,Oaxaca,Parkinson,general,3
2026-07-20,Oaxaca,Parkinson,hombres,1
2026-07-20,Oaxaca,Parkinson,mujeres,2
2026-07-27,Oaxaca,Parkinson,general,1
2026-07-27,Oaxaca,Parkinson,hombres,0
2026-07-27,Oaxaca,Parkinson,mujeres,2
2026-08-03,Oaxaca,Parkinson,general,2
2026-08-03,Oaxaca,Parkinson,hombres,1
2026-08-03,Oaxaca,Parkinson,mujeres,1
2026-08-10,Oaxaca,Parkinson,general,2
2026-08-10,Oaxaca,Parkinson,hombres,2
2026-08-10,Oaxaca,Parkinson,mujeres,0
2026-08-17,Oaxaca,Parkinson,general,5
2026-08-17,Oaxaca,Parkinson,hombres,2
2026-08-17,Oaxaca,Parkinson,mujeres,2
2026-08-24,Oaxaca,Parkinson,general,1
2026-08-24,Oaxaca,Parkinson,hombres,0
2026-08-24,Oaxaca,Parkinson,mujeres,1
2026-08-31,Oaxaca,Parkinson,general,3
2026-08-31,Oaxaca,Parkinson,hombres,0
2026-08-31,Oaxaca,Parkinson,mujeres,1
2026-09-07,Oaxaca,Parkinson,general,2
2026-09-07,Oaxaca,Parkinson,hombres,1
2026-09-07,Oaxaca,Parkinson,mujeres,1
2026-09-14,Oaxaca,Parkinson,general,3
2026-09-14,Oaxaca,Parkinson,hombres,1
2026-09-14,Oaxaca,Parkinson,mujeres,2
2026-09-21,Oaxaca,Parkinson,general,3
2026-09-21,Oaxaca,Parkinson,hombres,1
2026-09-21,Oaxaca,Parkinson,mujeres,1
2026-09-28,Oaxaca,Parkinson,general,1
2026-09-28,Oaxaca,Parkinson,hombres,0
2026-09-28,Oaxaca,Parkinson,mujeres,1
2026-10-05,Oaxaca,Parkinson,general,1
2026-10-05,Oaxaca,Parkinson,hombres,0
2026-10-05,Oaxaca,Parkinson,mujeres,0
2026-10-12,Oaxaca,Parkinson,general,1
2026-10-12,Oaxaca,Parkinson,hombres,2
2026-10-12,Oaxaca,Parkinson,mujeres,0
2026-10-19,Oaxaca,Parkinson,general,3
2026-10-19,Oaxaca,Parkinson,hombres,1
2026-10-19,Oaxaca,Parkinson,mujeres,3
2026-10-26,Oaxaca,Parkinson,general,4
2026-10-26,Oaxaca,Parkinson,hombres,0
2026-10-26,Oaxaca,Parkinson,mujeres,5
2026-11-02,Oaxaca,Parkinson,general,2
2026-11-02,Oaxaca,Parkinson,hombres,1
2026-11-02,Oaxaca,Parkinson,mujeres,2
2026-11-09,Oaxaca,Parkinson,general,2
2026-11-09,Oaxaca,Parkinson,hombres,1
2026-11-09,Oaxaca,Parkinson,mujeres,1
2026-11-16,Oaxaca,Parkinson,general,1
2026-11-16,Oaxaca,Parkinson,hombres,1
2026-11-16,Oaxaca,Parkinson,mujeres,0
2026-11-23,Oaxaca,Parkinson,general,1
2026-11-23,Oaxaca,Parkinson,hombres,2
2026-11-23,Oaxaca,Parkinson,mujeres,1
2026-11-30,Oaxaca,Parkinson,general,1
2026-11-30,Oaxaca,Parkinson,hombres,0
2026-11-30,Oaxaca,Parkinson,mujeres,0
2026-12-07,Oaxaca,Parkinson,general,1
2026-12-07,Oaxaca,Parkinson,hombres,0
2026-12-07,Oaxaca,Parkinson,mujeres,2
2026-12-14,Oaxaca,Parkinson,general,2
2026-12-14,Oaxaca,Parkinson,hombres,1
2026-12-14,Oaxaca,Parkinson,mujeres,0
2026-12-21,Oaxaca,Parkinson,general,1
2026-12-21,Oaxaca,Parkinson,hombres,1
2026-12-21,Oaxaca,Parkinson,mujeres,1
2026-12-28,Oaxaca,Parkinson,general,1
2026-12-28,Oaxaca,Parkinson,hombres,1
2026-12-28,Oaxaca,Parkinson,mujeres,0
2027-01-04,Oaxaca,Parkinson,general,1
2027-01-04,Oaxaca,Parkinson,hombres,0
2027-01-04,Oaxaca,Parkinson,mujeres,0
2027-01-11,Oaxaca,Parkinson,general,1
2027-01-11,Oaxaca,Parkinson,hombres,1
2027-01-11,Oaxaca,Parkinson,mujeres,0
2027-01-18,Oaxaca,Parkinson,general,3
2027-01-18,Oaxaca,Parkinson,hombres,1
2027-01-18,Oaxaca,Parkinson,mujeres,0
2027-01-25,Oaxaca,Parkinson,general,3
2027-01-25,Oaxaca,Parkinson,hombres,2
2027-01-25,Oaxaca,Parkinson,mujeres,0
2026-02-02,Puebla,Parkinson,general,38
2026-02-02,Puebla,Parkinson,hombres,1
2026-02-02,Puebla,Parkinson,mujeres,1
2026-02-09,Puebla,Parkinson,general,32
2026-02-09,Puebla,Parkinson,hombres,1
2026-02-09,Puebla,Parkinson,mujeres,1
2026-02-16,Puebla,Parkinson,general,11
2026-02-16,Puebla,Parkinson,hombres,2
2026-02-16,Puebla,Parkinson,mujeres,3
2026-02-23,Puebla,Parkinson,general,7
2026-02-23,Puebla,Parkinson,hombres,3
2026-02-23,Puebla,Parkinson,mujeres,4
2026-03-02,Puebla,Parkinson,general,5
2026-03-02,Puebla,Parkinson,hombres,3
2026-03-02,Puebla,Parkinson,mujeres,3
2026-03-09,Puebla,Parkinson,general,4
2026-03-09,Puebla,Parkinson,hombres,2
2026-03-09,Puebla,Parkinson,mujeres,4
2026-03-16,Puebla,Parkinson,general,4
2026-03-16,Puebla,Parkinson,hombres,1
2026-03-16,Puebla,Parkinson,mujeres,0
2026-03-23,Puebla,Parkinson,general,6
2026-03-23,Puebla,Parkinson,hombres,3
2026-03-23,Puebla,Parkinson,mujeres,1
2026-03-30,Puebla,Parkinson,general,5
2026-03-30,Puebla,Parkinson,hombres,4
2026-03-30,Puebla,Parkinson,mujeres,1
2026-04-06,Puebla,Parkinson,general,4
2026-04-06,Puebla,Parkinson,hombres,2
2026-04-06,Puebla,Parkinson,mujeres,1
2026-04-13,Puebla,Parkinson,general,3
2026-04-13,Puebla,Parkinson,hombres,2
2026-04-13,Puebla,Parkinson,mujeres,2
2026-04-20,Puebla,Parkinson,general,3
2026-04-20,Puebla,Parkinson,hombres,4
2026-04-20,Puebla,Parkinson,mujeres,6
2026-04-27,Puebla,Parkinson,general,5
2026-04-27,Puebla,Parkinson,hombres,2
2026-04-27,Puebla,Parkinson,mujeres,5
2026-05-04,Puebla,Parkinson,general,4
2026-05-04,Puebla,Parkinson,hombres,1
2026-05-04,Puebla,Parkinson,mujeres,4
2026-05-11,Puebla,Parkinson,general,3
2026-05-11,Puebla,Parkinson,hombres,2
2026-05-11,Puebla,Parkinson,mujeres,2
2026-05-18,Puebla,Parkinson,general,2
2026-05-18,Puebla,Parkinson,hombres,1
2026-05-18,Puebla,Parkinson,mujeres,0
2026-05-25,Puebla,Parkinson,general,4
2026-05-25,Puebla,Parkinson,hombres,1
2026-05-25,Puebla,Parkinson,mujeres,1
2026-06-01,Puebla,Parkinson,general,6
2026-06-01,Puebla,Parkinson,hombres,1
2026-06-01,Puebla,Parkinson,mujeres,4
2026-06-08,Puebla,Parkinson,general,8
2026-06-08,Puebla,Parkinson,hombres,2
2026-06-08,Puebla,Parkinson,mujeres,7
2026-06-15,Puebla,Parkinson,general,10
2026-06-15,Puebla,Parkinson,hombres,3
2026-06-15,Puebla,Parkinson,mujeres,7
2026-06-22,Puebla,Parkinson,general,10
2026-06-22,Puebla,Parkinson,hombres,5
2026-06-22,Puebla,Parkinson,mujeres,6
2026-06-29,Puebla,Parkinson,general,8
2026-06-29,Puebla,Parkinson,hombres,1
2026-06-29,Puebla,Parkinson,mujeres,5
2026-07-06,Puebla,Parkinson,general,5
2026-07-06,Puebla,Parkinson,hombres,1
2026-07-06,Puebla,Parkinson,mujeres,3
2026-07-13,Puebla,Parkinson,general,3
2026-07-13,Puebla,Parkinson,hombres,0
2026-07-13,Puebla,Parkinson,mujeres,2
2026-07-20,Puebla,Parkinson,general,7
2026-07-20,Puebla,Parkinson,hombres,0
2026-07-20,Puebla,Parkinson,mujeres,3
2026-07-27,Puebla,Parkinson,general,10
2026-07-27,Puebla,Parkinson,hombres,2
2026-07-27,Puebla,Parkinson,mujeres,3
2026-08-03,Puebla,Parkinson,general,10
2026-08-03,Puebla,Parkinson,hombres,3
2026-08-03,Puebla,Parkinson,mujeres,3
2026-08-10,Puebla,Parkinson,general,7
2026-08-10,Puebla,Parkinson,hombres,1
2026-08-10,Puebla,Parkinson,mujeres,4
2026-08-17,Puebla,Parkinson,general,4
2026-08-17,Puebla,Parkinson,hombres,2
2026-08-17,Puebla,Parkinson,mujeres,5
2026-08-24,Puebla,Parkinson,general,2
2026-08-24,Puebla,Parkinson,hombres,1
2026-08-24,Puebla,Parkinson,mujeres,2
2026-08-31,Puebla,Parkinson,general,1
2026-08-31,Puebla,Parkinson,hombres,0
2026-08-31,Puebla,Parkinson,mujeres,2
2026-09-07,Puebla,Parkinson,general,4
2026-09-07,Puebla,Parkinson,hombres,1
2026-09-07,Puebla,Parkinson,mujeres,2
2026-09-14,Puebla,Parkinson,general,5
2026-09-14,Puebla,Parkinson,hombres,1
2026-09-14,Puebla,Parkinson,mujeres,1
2026-09-21,Puebla,Parkinson,general,2
2026-09-21,Puebla,Parkinson,hombres,1
2026-09-21,Puebla,Parkinson,mujeres,1
2026-09-28,Puebla,Parkinson,general,3
2026-09-28,Puebla,Parkinson,hombres,1
2026-09-28,Puebla,Parkinson,mujeres,2
2026-10-05,Puebla,Parkinson,general,4
2026-10-05,Puebla,Parkinson,hombres,1
2026-10-05,Puebla,Parkinson,mujeres,3
2026-10-12,Puebla,Parkinson,general,4
2026-10-12,Puebla,Parkinson,hombres,2
2026-10-12,Puebla,Parkinson,mujeres,2
2026-10-19,Puebla,Parkinson,general,2
2026-10-19,Puebla,Parkinson,hombres,3
2026-10-19,Puebla,Parkinson,mujeres,2
2026-10-26,Puebla,Parkinson,general,6
2026-10-26,Puebla,Parkinson,hombres,6
2026-10-26,Puebla,Parkinson,mujeres,2
2026-11-02,Puebla,Parkinson,general,10
2026-11-02,Puebla,Parkinson,hombres,3
2026-11-02,Puebla,Parkinson,mujeres,4
2026-11-09,Puebla,Parkinson,general,8
2026-11-09,Puebla,Parkinson,hombres,3
2026-11-09,Puebla,Parkinson,mujeres,2
2026-11-16,Puebla,Parkinson,general,5
2026-11-16,Puebla,Parkinson,hombres,2
2026-11-16,Puebla,Parkinson,mujeres,3
2026-11-23,Puebla,Parkinson,general,2
2026-11-23,Puebla,Parkinson,hombres,0
2026-11-23,Puebla,Parkinson,mujeres,2
2026-11-30,Puebla,Parkinson,general,3
2026-11-30,Puebla,Parkinson,hombres,1
2026-11-30,Puebla,Parkinson,mujeres,3
2026-12-07,Puebla,Parkinson,general,3
2026-12-07,Puebla,Parkinson,hombres,1
2026-12-07,Puebla,Parkinson,mujeres,1
2026-12-14,Puebla,Parkinson,general,2
2026-12-14,Puebla,Parkinson,hombres,1
2026-12-14,Puebla,Parkinson,mujeres,1
2026-12-21,Puebla,Parkinson,general,2
2026-12-21,Puebla,Parkinson,hombres,2
2026-12-21,Puebla,Parkinson,mujeres,5
2026-12-28,Puebla,Parkinson,general,1
2026-12-28,Puebla,Parkinson,hombres,3
2026-12-28,Puebla,Parkinson,mujeres,1
2027-01-04,Puebla,Parkinson,general,2
2027-01-04,Puebla,Parkinson,hombres,2
2027-01-04,Puebla,Parkinson,mujeres,1
2027-01-11,Puebla,Parkinson,general,3
2027-01-11,Puebla,Parkinson,hombres,2
2027-01-11,Puebla,Parkinson,mujeres,1
2027-01-18,Puebla,Parkinson,general,3
2027-01-18,Puebla,Parkinson,hombres,1
2027-01-18,Puebla,Parkinson,mujeres,2
2027-01-25,Puebla,Parkinson,general,3
2027-01-25,Puebla,Parkinson,hombres,0
2027-01-25,Puebla,Parkinson,mujeres,1
2026-02-02,Querétaro,Parkinson,general,1
2026-02-02,Querétaro,Parkinson,hombres,1
2026-02-02,Querétaro,Parkinson,mujeres,2
2026-02-09,Querétaro,Parkinson,general,1
2026-02-09,Querétaro,Parkinson,hombres,1
2026-02-09,Querétaro,Parkinson,mujeres,2
2026-02-16,Querétaro,Parkinson,general,1
2026-02-16,Querétaro,Parkinson,hombres,1
2026-02-16,Querétaro,Parkinson,mujeres,2
2026-02-23,Querétaro,Parkinson,general,1
2026-02-23,Querétaro,Parkinson,hombres,1
2026-02-23,Querétaro,Parkinson,mujeres,2
2026-03-02,Querétaro,Parkinson,general,1
2026-03-02,Querétaro,Parkinson,hombres,1
2026-03-02,Querétaro,Parkinson,mujeres,2
2026-03-09,Querétaro,Parkinson,general,1
2026-03-09,Querétaro,Parkinson,hombres,1
2026-03-09,Querétaro,Parkinson,mujeres,2
2026-03-16,Querétaro,Parkinson,general,1
2026-03-16,Querétaro,Parkinson,hombres,0
2026-03-16,Querétaro,Parkinson,mujeres,2
2026-03-23,Querétaro,Parkinson,general,1
2026-03-23,Querétaro,Parkinson,hombres,0
2026-03-23,Querétaro,Parkinson,mujeres,2
2026-03-30,Querétaro,Parkinson,general,0
2026-03-30,Querétaro,Parkinson,hombres,0
2026-03-30,Querétaro,Parkinson,mujeres,2
2026-04-06,Querétaro,Parkinson,general,1
2026-04-06,Querétaro,Parkinson,hombres,0
2026-04-06,Querétaro,Parkinson,mujeres,2
2026-04-13,Querétaro,Parkinson,general,0
2026-04-13,Querétaro,Parkinson,hombres,0
2026-04-13,Querétaro,Parkinson,mujeres,2
2026-04-20,Querétaro,Parkinson,general,0
2026-04-20,Querétaro,Parkinson,hombres,0
2026-04-20,Querétaro,Parkinson,mujeres,2
2026-04-27,Querétaro,Parkinson,general,0
2026-04-27,Querétaro,Parkinson,hombres,0
2026-04-27,Querétaro,Parkinson,mujeres,2
2026-05-04,Querétaro,Parkinson,general,1
2026-05-04,Querétaro,Parkinson,hombres,1
2026-05-04,Querétaro,Parkinson,mujeres,2
2026-05-11,Querétaro,Parkinson,general,1
2026-05-11,Querétaro,Parkinson,hombres,0
2026-05-11,Querétaro,Parkinson,mujeres,2
2026-05-18,Querétaro,Parkinson,general,1
2026-05-18,Querétaro,Parkinson,hombres,0
2026-05-18,Querétaro,Parkinson,mujeres,2
2026-05-25,Querétaro,Parkinson,general,0
2026-05-25,Querétaro,Parkinson,hombres,0
2026-05-25,Querétaro,Parkinson,mujeres,2
2026-06-01,Querétaro,Parkinson,general,0
2026-06-01,Querétaro,Parkinson,hombres,0
2026-06-01,Querétaro,Parkinson,mujeres,2
2026-06-08,Querétaro,Parkinson,general,1
2026-06-08,Querétaro,Parkinson,hombres,0
2026-06-08,Querétaro,Parkinson,mujeres,2
2026-06-15,Querétaro,Parkinson,general,1
2026-06-15,Querétaro,Parkinson,hombres,1
2026-06-15,Querétaro,Parkinson,mujeres,2
2026-06-22,Querétaro,Parkinson,general,0
2026-06-22,Querétaro,Parkinson,hombres,1
2026-06-22,Querétaro,Parkinson,mujeres,2
2026-06-29,Querétaro,Parkinson,general,1
2026-06-29,Querétaro,Parkinson,hombres,1
2026-06-29,Querétaro,Parkinson,mujeres,2
2026-07-06,Querétaro,Parkinson,general,1
2026-07-06,Querétaro,Parkinson,hombres,1
2026-07-06,Querétaro,Parkinson,mujeres,2
2026-07-13,Querétaro,Parkinson,general,1
2026-07-13,Querétaro,Parkinson,hombres,1
2026-07-13,Querétaro,Parkinson,mujeres,2
2026-07-20,Querétaro,Parkinson,general,1
2026-07-20,Querétaro,Parkinson,hombres,1
2026-07-20,Querétaro,Parkinson,mujeres,2
2026-07-27,Querétaro,Parkinson,general,1
2026-07-27,Querétaro,Parkinson,hombres,0
2026-07-27,Querétaro,Parkinson,mujeres,2
2026-08-03,Querétaro,Parkinson,general,1
2026-08-03,Querétaro,Parkinson,hombres,0
2026-08-03,Querétaro,Parkinson,mujeres,2
2026-08-10,Querétaro,Parkinson,general,0
2026-08-10,Querétaro,Parkinson,hombres,0
2026-08-10,Querétaro,Parkinson,mujeres,2
2026-08-17,Querétaro,Parkinson,general,0
2026-08-17,Querétaro,Parkinson,hombres,0
2026-08-17,Querétaro,Parkinson,mujeres,2
2026-08-24,Querétaro,Parkinson,general,0
2026-08-24,Querétaro,Parkinson,hombres,0
2026-08-24,Querétaro,Parkinson,mujeres,2
2026-08-31,Querétaro,Parkinson,general,0
2026-08-31,Querétaro,Parkinson,hombres,0
2026-08-31,Querétaro,Parkinson,mujeres,2
2026-09-07,Querétaro,Parkinson,general,0
2026-09-07,Querétaro,Parkinson,hombres,0
2026-09-07,Querétaro,Parkinson,mujeres,2
2026-09-14,Querétaro,Parkinson,general,0
2026-09-14,Querétaro,Parkinson,hombres,0
2026-09-14,Querétaro,Parkinson,mujeres,2
2026-09-21,Querétaro,Parkinson,general,0
2026-09-21,Querétaro,Parkinson,hombres,0
2026-09-21,Querétaro,Parkinson,mujeres,2
2026-09-28,Querétaro,Parkinson,general,0
2026-09-28,Querétaro,Parkinson,hombres,0
2026-09-28,Querétaro,Parkinson,mujeres,2
2026-10-05,Querétaro,Parkinson,general,0
2026-10-05,Querétaro,Parkinson,hombres,0
2026-10-05,Querétaro,Parkinson,mujeres,2
2026-10-12,Querétaro,Parkinson,general,1
2026-10-12,Querétaro,Parkinson,hombres,0
2026-10-12,Querétaro,Parkinson,mujeres,2
2026-10-19,Querétaro,Parkinson,general,0
2026-10-19,Querétaro,Parkinson,hombres,0
2026-10-19,Querétaro,Parkinson,mujeres,2
2026-10-26,Querétaro,Parkinson,general,0
2026-10-26,Querétaro,Parkinson,hombres,0
2026-10-26,Querétaro,Parkinson,mujeres,2
2026-11-02,Querétaro,Parkinson,general,0
2026-11-02,Querétaro,Parkinson,hombres,0
2026-11-02,Querétaro,Parkinson,mujeres,2
2026-11-09,Querétaro,Parkinson,general,1
2026-11-09,Querétaro,Parkinson,hombres,0
2026-11-09,Querétaro,Parkinson,mujeres,2
2026-11-16,Querétaro,Parkinson,general,1
2026-11-16,Querétaro,Parkinson,hombres,0
2026-11-16,Querétaro,Parkinson,mujeres,2
2026-11-23,Querétaro,Parkinson,general,1
2026-11-23,Querétaro,Parkinson,hombres,0
2026-11-23,Querétaro,Parkinson,mujeres,2
2026-11-30,Querétaro,Parkinson,general,1
2026-11-30,Querétaro,Parkinson,hombres,0
2026-11-30,Querétaro,Parkinson,mujeres,1
2026-12-07,Querétaro,Parkinson,general,1
2026-12-07,Querétaro,Parkinson,hombres,0
2026-12-07,Querétaro,Parkinson,mujeres,1
2026-12-14,Querétaro,Parkinson,general,1
2026-12-14,Querétaro,Parkinson,hombres,0
2026-12-14,Querétaro,Parkinson,mujeres,1
2026-12-21,Querétaro,Parkinson,general,1
2026-12-21,Querétaro,Parkinson,hombres,0
2026-12-21,Querétaro,Parkinson,mujeres,1
2026-12-28,Querétaro,Parkinson,general,1
2026-12-28,Querétaro,Parkinson,hombres,0
2026-12-28,Querétaro,Parkinson,mujeres,1
2027-01-04,Querétaro,Parkinson,general,1
2027-01-04,Querétaro,Parkinson,hombres,0
2027-01-04,Querétaro,Parkinson,mujeres,2
2027-01-11,Querétaro,Parkinson,general,1
2027-01-11,Querétaro,Parkinson,hombres,1
2027-01-11,Querétaro,Parkinson,mujeres,2
2027-01-18,Querétaro,Parkinson,general,1
2027-01-18,Querétaro,Parkinson,hombres,1
2027-01-18,Querétaro,Parkinson,mujeres,2
2027-01-25,Querétaro,Parkinson,general,1
2027-01-25,Querétaro,Parkinson,hombres,1
2027-01-25,Querétaro,Parkinson,mujeres,2
2026-02-02,Quintana Roo,Parkinson,general,0
2026-02-02,Quintana Roo,Parkinson,hombres,1
2026-02-02,Quintana Roo,Parkinson,mujeres,1
2026-02-09,Quintana Roo,Parkinson,general,0
2026-02-09,Quintana Roo,Parkinson,hombres,1
2026-02-09,Quintana Roo,Parkinson,mujeres,1
2026-02-16,Quintana Roo,Parkinson,general,2
2026-02-16,Quintana Roo,Parkinson,hombres,0
2026-02-16,Quintana Roo,Parkinson,mujeres,1
2026-02-23,Quintana Roo,Parkinson,general,1
2026-02-23,Quintana Roo,Parkinson,hombres,0
2026-02-23,Quintana Roo,Parkinson,mujeres,1
2026-03-02,Quintana Roo,Parkinson,general,0
2026-03-02,Quintana Roo,Parkinson,hombres,1
2026-03-02,Quintana Roo,Parkinson,mujeres,1
2026-03-09,Quintana Roo,Parkinson,general,0
2026-03-09,Quintana Roo,Parkinson,hombres,1
2026-03-09,Quintana Roo,Parkinson,mujeres,1
2026-03-16,Quintana Roo,Parkinson,general,0
2026-03-16,Quintana Roo,Parkinson,hombres,1
2026-03-16,Quintana Roo,Parkinson,mujeres,1
2026-03-23,Quintana Roo,Parkinson,general,1
2026-03-23,Quintana Roo,Parkinson,hombres,1
2026-03-23,Quintana Roo,Parkinson,mujeres,1
2026-03-30,Quintana Roo,Parkinson,general,1
2026-03-30,Quintana Roo,Parkinson,hombres,0
2026-03-30,Quintana Roo,Parkinson,mujeres,1
2026-04-06,Quintana Roo,Parkinson,general,1
2026-04-06,Quintana Roo,Parkinson,hombres,1
2026-04-06,Quintana Roo,Parkinson,mujeres,1
2026-04-13,Quintana Roo,Parkinson,general,1
2026-04-13,Quintana Roo,Parkinson,hombres,1
2026-04-13,Quintana Roo,Parkinson,mujeres,1
2026-04-20,Quintana Roo,Parkinson,general,0
2026-04-20,Quintana Roo,Parkinson,hombres,1
2026-04-20,Quintana Roo,Parkinson,mujeres,1
2026-04-27,Quintana Roo,Parkinson,general,2
2026-04-27,Quintana Roo,Parkinson,hombres,1
2026-04-27,Quintana Roo,Parkinson,mujeres,1
2026-05-04,Quintana Roo,Parkinson,general,0
2026-05-04,Quintana Roo,Parkinson,hombres,1
2026-05-04,Quintana Roo,Parkinson,mujeres,1
2026-05-11,Quintana Roo,Parkinson,general,2
2026-05-11,Quintana Roo,Parkinson,hombres,1
2026-05-11,Quintana Roo,Parkinson,mujeres,1
2026-05-18,Quintana Roo,Parkinson,general,1
2026-05-18,Quintana Roo,Parkinson,hombres,1
2026-05-18,Quintana Roo,Parkinson,mujeres,1
2026-05-25,Quintana Roo,Parkinson,general,0
2026-05-25,Quintana Roo,Parkinson,hombres,1
2026-05-25,Quintana Roo,Parkinson,mujeres,1
2026-06-01,Quintana Roo,Parkinson,general,1
2026-06-01,Quintana Roo,Parkinson,hombres,1
2026-06-01,Quintana Roo,Parkinson,mujeres,1
2026-06-08,Quintana Roo,Parkinson,general,0
2026-06-08,Quintana Roo,Parkinson,hombres,1
2026-06-08,Quintana Roo,Parkinson,mujeres,1
2026-06-15,Quintana Roo,Parkinson,general,0
2026-06-15,Quintana Roo,Parkinson,hombres,1
2026-06-15,Quintana Roo,Parkinson,mujeres,1
2026-06-22,Quintana Roo,Parkinson,general,0
2026-06-22,Quintana Roo,Parkinson,hombres,1
2026-06-22,Quintana Roo,Parkinson,mujeres,1
2026-06-29,Quintana Roo,Parkinson,general,0
2026-06-29,Quintana Roo,Parkinson,hombres,1
2026-06-29,Quintana Roo,Parkinson,mujeres,1
2026-07-06,Quintana Roo,Parkinson,general,0
2026-07-06,Quintana Roo,Parkinson,hombres,1
2026-07-06,Quintana Roo,Parkinson,mujeres,1
2026-07-13,Quintana Roo,Parkinson,general,0
2026-07-13,Quintana Roo,Parkinson,hombres,1
2026-07-13,Quintana Roo,Parkinson,mujeres,1
2026-07-20,Quintana Roo,Parkinson,general,0
2026-07-20,Quintana Roo,Parkinson,hombres,1
2026-07-20,Quintana Roo,Parkinson,mujeres,1
2026-07-27,Quintana Roo,Parkinson,general,0
2026-07-27,Quintana Roo,Parkinson,hombres,1
2026-07-27,Quintana Roo,Parkinson,mujeres,1
2026-08-03,Quintana Roo,Parkinson,general,0
2026-08-03,Quintana Roo,Parkinson,hombres,1
2026-08-03,Quintana Roo,Parkinson,mujeres,1
2026-08-10,Quintana Roo,Parkinson,general,0
2026-08-10,Quintana Roo,Parkinson,hombres,1
2026-08-10,Quintana Roo,Parkinson,mujeres,1
2026-08-17,Quintana Roo,Parkinson,general,0
2026-08-17,Quintana Roo,Parkinson,hombres,1
2026-08-17,Quintana Roo,Parkinson,mujeres,1
2026-08-24,Quintana Roo,Parkinson,general,0
2026-08-24,Quintana Roo,Parkinson,hombres,1
2026-08-24,Quintana Roo,Parkinson,mujeres,1
2026-08-31,Quintana Roo,Parkinson,general,0
2026-08-31,Quintana Roo,Parkinson,hombres,1
2026-08-31,Quintana Roo,Parkinson,mujeres,1
2026-09-07,Quintana Roo,Parkinson,general,0
2026-09-07,Quintana Roo,Parkinson,hombres,1
2026-09-07,Quintana Roo,Parkinson,mujeres,1
2026-09-14,Quintana Roo,Parkinson,general,0
2026-09-14,Quintana Roo,Parkinson,hombres,1
2026-09-14,Quintana Roo,Parkinson,mujeres,1
2026-09-21,Quintana Roo,Parkinson,general,0
2026-09-21,Quintana Roo,Parkinson,hombres,1
2026-09-21,Quintana Roo,Parkinson,mujeres,1
2026-09-28,Quintana Roo,Parkinson,general,0
2026-09-28,Quintana Roo,Parkinson,hombres,1
2026-09-28,Quintana Roo,Parkinson,mujeres,1
2026-10-05,Quintana Roo,Parkinson,general,0
2026-10-05,Quintana Roo,Parkinson,hombres,1
2026-10-05,Quintana Roo,Parkinson,mujeres,1
2026-10-12,Quintana Roo,Parkinson,general,0
2026-10-12,Quintana Roo,Parkinson,hombres,1
2026-10-12,Quintana Roo,Parkinson,mujeres,1
2026-10-19,Quintana Roo,Parkinson,general,0
2026-10-19,Quintana Roo,Parkinson,hombres,1
2026-10-19,Quintana Roo,Parkinson,mujeres,1
2026-10-26,Quintana Roo,Parkinson,general,0
2026-10-26,Quintana Roo,Parkinson,hombres,1
2026-10-26,Quintana Roo,Parkinson,mujeres,1
2026-11-02,Quintana Roo,Parkinson,general,0
2026-11-02,Quintana Roo,Parkinson,hombres,1
2026-11-02,Quintana Roo,Parkinson,mujeres,1
2026-11-09,Quintana Roo,Parkinson,general,0
2026-11-09,Quintana Roo,Parkinson,hombres,1
2026-11-09,Quintana Roo,Parkinson,mujeres,1
2026-11-16,Quintana Roo,Parkinson,general,0
2026-11-16,Quintana Roo,Parkinson,hombres,1
2026-11-16,Quintana Roo,Parkinson,mujeres,1
2026-11-23,Quintana Roo,Parkinson,general,0
2026-11-23,Quintana Roo,Parkinson,hombres,1
2026-11-23,Quintana Roo,Parkinson,mujeres,1
2026-11-30,Quintana Roo,Parkinson,general,0
2026-11-30,Quintana Roo,Parkinson,hombres,1
2026-11-30,Quintana Roo,Parkinson,mujeres,1
2026-12-07,Quintana Roo,Parkinson,general,0
2026-12-07,Quintana Roo,Parkinson,hombres,1
2026-12-07,Quintana Roo,Parkinson,mujeres,1
2026-12-14,Quintana Roo,Parkinson,general,0
2026-12-14,Quintana Roo,Parkinson,hombres,1
2026-12-14,Quintana Roo,Parkinson,mujeres,1
2026-12-21,Quintana Roo,Parkinson,general,0
2026-12-21,Quintana Roo,Parkinson,hombres,1
2026-12-21,Quintana Roo,Parkinson,mujeres,1
2026-12-28,Quintana Roo,Parkinson,general,0
2026-12-28,Quintana Roo,Parkinson,hombres,1
2026-12-28,Quintana Roo,Parkinson,mujeres,0
2027-01-04,Quintana Roo,Parkinson,general,0
2027-01-04,Quintana Roo,Parkinson,hombres,1
2027-01-04,Quintana Roo,Parkinson,mujeres,0
2027-01-11,Quintana Roo,Parkinson,general,0
2027-01-11,Quintana Roo,Parkinson,hombres,1
2027-01-11,Quintana Roo,Parkinson,mujeres,1
2027-01-18,Quintana Roo,Parkinson,general,0
2027-01-18,Quintana Roo,Parkinson,hombres,1
2027-01-18,Quintana Roo,Parkinson,mujeres,1
2027-01-25,Quintana Roo,Parkinson,general,0
2027-01-25,Quintana Roo,Parkinson,hombres,1
2027-01-25,Quintana Roo,Parkinson,mujeres,1
2026-02-02,Region Metropolitana alta,Parkinson,general,38
2026-02-02,Region Metropolitana alta,Parkinson,hombres,16
2026-02-02,Region Metropolitana alta,Parkinson,mujeres,15
2026-02-09,Region Metropolitana alta,Parkinson,general,41
2026-02-09,Region Metropolitana alta,Parkinson,hombres,16
2026-02-09,Region Metropolitana alta,Parkinson,mujeres,15
2026-02-16,Region Metropolitana alta,Parkinson,general,44
2026-02-16,Region Metropolitana alta,Parkinson,hombres,17
2026-02-16,Region Metropolitana alta,Parkinson,mujeres,15
2026-02-23,Region Metropolitana alta,Parkinson,general,45
2026-02-23,Region Metropolitana alta,Parkinson,hombres,16
2026-02-23,Region Metropolitana alta,Parkinson,mujeres,15
2026-03-02,Region Metropolitana alta,Parkinson,general,44
2026-03-02,Region Metropolitana alta,Parkinson,hombres,15
2026-03-02,Region Metropolitana alta,Parkinson,mujeres,15
2026-03-09,Region Metropolitana alta,Parkinson,general,45
2026-03-09,Region Metropolitana alta,Parkinson,hombres,15
2026-03-09,Region Metropolitana alta,Parkinson,mujeres,16
2026-03-16,Region Metropolitana alta,Parkinson,general,44
2026-03-16,Region Metropolitana alta,Parkinson,hombres,14
2026-03-16,Region Metropolitana alta,Parkinson,mujeres,16
2026-03-23,Region Metropolitana alta,Parkinson,general,41
2026-03-23,Region Metropolitana alta,Parkinson,hombres,14
2026-03-23,Region Metropolitana alta,Parkinson,mujeres,16
2026-03-30,Region Metropolitana alta,Parkinson,general,40
2026-03-30,Region Metropolitana alta,Parkinson,hombres,13
2026-03-30,Region Metropolitana alta,Parkinson,mujeres,16
2026-04-06,Region Metropolitana alta,Parkinson,general,40
2026-04-06,Region Metropolitana alta,Parkinson,hombres,13
2026-04-06,Region Metropolitana alta,Parkinson,mujeres,15
2026-04-13,Region Metropolitana alta,Parkinson,general,40
2026-04-13,Region Metropolitana alta,Parkinson,hombres,14
2026-04-13,Region Metropolitana alta,Parkinson,mujeres,12
2026-04-20,Region Metropolitana alta,Parkinson,general,40
2026-04-20,Region Metropolitana alta,Parkinson,hombres,13
2026-04-20,Region Metropolitana alta,Parkinson,mujeres,15
2026-04-27,Region Metropolitana alta,Parkinson,general,37
2026-04-27,Region Metropolitana alta,Parkinson,hombres,13
2026-04-27,Region Metropolitana alta,Parkinson,mujeres,17
2026-05-04,Region Metropolitana alta,Parkinson,general,37
2026-05-04,Region Metropolitana alta,Parkinson,hombres,13
2026-05-04,Region Metropolitana alta,Parkinson,mujeres,16
2026-05-11,Region Metropolitana alta,Parkinson,general,38
2026-05-11,Region Metropolitana alta,Parkinson,hombres,15
2026-05-11,Region Metropolitana alta,Parkinson,mujeres,16
2026-05-18,Region Metropolitana alta,Parkinson,general,39
2026-05-18,Region Metropolitana alta,Parkinson,hombres,13
2026-05-18,Region Metropolitana alta,Parkinson,mujeres,17
2026-05-25,Region Metropolitana alta,Parkinson,general,37
2026-05-25,Region Metropolitana alta,Parkinson,hombres,11
2026-05-25,Region Metropolitana alta,Parkinson,mujeres,17
2026-06-01,Region Metropolitana alta,Parkinson,general,36
2026-06-01,Region Metropolitana alta,Parkinson,hombres,12
2026-06-01,Region Metropolitana alta,Parkinson,mujeres,17
2026-06-08,Region Metropolitana alta,Parkinson,general,37
2026-06-08,Region Metropolitana alta,Parkinson,hombres,13
2026-06-08,Region Metropolitana alta,Parkinson,mujeres,17
2026-06-15,Region Metropolitana alta,Parkinson,general,38
2026-06-15,Region Metropolitana alta,Parkinson,hombres,14
2026-06-15,Region Metropolitana alta,Parkinson,mujeres,17
2026-06-22,Region Metropolitana alta,Parkinson,general,38
2026-06-22,Region Metropolitana alta,Parkinson,hombres,13
2026-06-22,Region Metropolitana alta,Parkinson,mujeres,17
2026-06-29,Region Metropolitana alta,Parkinson,general,39
2026-06-29,Region Metropolitana alta,Parkinson,hombres,13
2026-06-29,Region Metropolitana alta,Parkinson,mujeres,15
2026-07-06,Region Metropolitana alta,Parkinson,general,39
2026-07-06,Region Metropolitana alta,Parkinson,hombres,12
2026-07-06,Region Metropolitana alta,Parkinson,mujeres,16
2026-07-13,Region Metropolitana alta,Parkinson,general,42
2026-07-13,Region Metropolitana alta,Parkinson,hombres,12
2026-07-13,Region Metropolitana alta,Parkinson,mujeres,17
2026-07-20,Region Metropolitana alta,Parkinson,general,45
2026-07-20,Region Metropolitana alta,Parkinson,hombres,15
2026-07-20,Region Metropolitana alta,Parkinson,mujeres,17
2026-07-27,Region Metropolitana alta,Parkinson,general,49
2026-07-27,Region Metropolitana alta,Parkinson,hombres,14
2026-07-27,Region Metropolitana alta,Parkinson,mujeres,17
2026-08-03,Region Metropolitana alta,Parkinson,general,48
2026-08-03,Region Metropolitana alta,Parkinson,hombres,15
2026-08-03,Region Metropolitana alta,Parkinson,mujeres,18
2026-08-10,Region Metropolitana alta,Parkinson,general,48
2026-08-10,Region Metropolitana alta,Parkinson,hombres,15
2026-08-10,Region Metropolitana alta,Parkinson,mujeres,20
2026-08-17,Region Metropolitana alta,Parkinson,general,51
2026-08-17,Region Metropolitana alta,Parkinson,hombres,17
2026-08-17,Region Metropolitana alta,Parkinson,mujeres,20
2026-08-24,Region Metropolitana alta,Parkinson,general,51
2026-08-24,Region Metropolitana alta,Parkinson,hombres,16
2026-08-24,Region Metropolitana alta,Parkinson,mujeres,20
2026-08-31,Region Metropolitana alta,Parkinson,general,48
2026-08-31,Region Metropolitana alta,Parkinson,hombres,15
2026-08-31,Region Metropolitana alta,Parkinson,mujeres,18
2026-09-07,Region Metropolitana alta,Parkinson,general,44
2026-09-07,Region Metropolitana alta,Parkinson,hombres,12
2026-09-07,Region Metropolitana alta,Parkinson,mujeres,21
2026-09-14,Region Metropolitana alta,Parkinson,general,44
2026-09-14,Region Metropolitana alta,Parkinson,hombres,13
2026-09-14,Region Metropolitana alta,Parkinson,mujeres,21
2026-09-21,Region Metropolitana alta,Parkinson,general,42
2026-09-21,Region Metropolitana alta,Parkinson,hombres,16
2026-09-21,Region Metropolitana alta,Parkinson,mujeres,24
2026-09-28,Region Metropolitana alta,Parkinson,general,41
2026-09-28,Region Metropolitana alta,Parkinson,hombres,18
2026-09-28,Region Metropolitana alta,Parkinson,mujeres,22
2026-10-05,Region Metropolitana alta,Parkinson,general,42
2026-10-05,Region Metropolitana alta,Parkinson,hombres,16
2026-10-05,Region Metropolitana alta,Parkinson,mujeres,21
2026-10-12,Region Metropolitana alta,Parkinson,general,42
2026-10-12,Region Metropolitana alta,Parkinson,hombres,18
2026-10-12,Region Metropolitana alta,Parkinson,mujeres,20
2026-10-19,Region Metropolitana alta,Parkinson,general,40
2026-10-19,Region Metropolitana alta,Parkinson,hombres,19
2026-10-19,Region Metropolitana alta,Parkinson,mujeres,22
2026-10-26,Region Metropolitana alta,Parkinson,general,38
2026-10-26,Region Metropolitana alta,Parkinson,hombres,17
2026-10-26,Region Metropolitana alta,Parkinson,mujeres,21
2026-11-02,Region Metropolitana alta,Parkinson,general,40
2026-11-02,Region Metropolitana alta,Parkinson,hombres,18
2026-11-02,Region Metropolitana alta,Parkinson,mujeres,21
2026-11-09,Region Metropolitana alta,Parkinson,general,38
2026-11-09,Region Metropolitana alta,Parkinson,hombres,18
2026-11-09,Region Metropolitana alta,Parkinson,mujeres,20
2026-11-16,Region Metropolitana alta,Parkinson,general,37
2026-11-16,Region Metropolitana alta,Parkinson,hombres,16
2026-11-16,Region Metropolitana alta,Parkinson,mujeres,19
2026-11-23,Region Metropolitana alta,Parkinson,general,35
2026-11-23,Region Metropolitana alta,Parkinson,hombres,16
2026-11-23,Region Metropolitana alta,Parkinson,mujeres,16
2026-11-30,Region Metropolitana alta,Parkinson,general,34
2026-11-30,Region Metropolitana alta,Parkinson,hombres,15
2026-11-30,Region Metropolitana alta,Parkinson,mujeres,14
2026-12-07,Region Metropolitana alta,Parkinson,general,36
2026-12-07,Region Metropolitana alta,Parkinson,hombres,16
2026-12-07,Region Metropolitana alta,Parkinson,mujeres,15
2026-12-14,Region Metropolitana alta,Parkinson,general,36
2026-12-14,Region Metropolitana alta,Parkinson,hombres,15
2026-12-14,Region Metropolitana alta,Parkinson,mujeres,15
2026-12-21,Region Metropolitana alta,Parkinson,general,36
2026-12-21,Region Metropolitana alta,Parkinson,hombres,15
2026-12-21,Region Metropolitana alta,Parkinson,mujeres,14
2026-12-28,Region Metropolitana alta,Parkinson,general,34
2026-12-28,Region Metropolitana alta,Parkinson,hombres,15
2026-12-28,Region Metropolitana alta,Parkinson,mujeres,14
2027-01-04,Region Metropolitana alta,Parkinson,general,37
2027-01-04,Region Metropolitana alta,Parkinson,hombres,17
2027-01-04,Region Metropolitana alta,Parkinson,mujeres,15
2027-01-11,Region Metropolitana alta,Parkinson,general,38
2027-01-11,Region Metropolitana alta,Parkinson,hombres,17
2027-01-11,Region Metropolitana alta,Parkinson,mujeres,18
2027-01-18,Region Metropolitana alta,Parkinson,general,38
2027-01-18,Region Metropolitana alta,Parkinson,hombres,18
2027-01-18,Region Metropolitana alta,Parkinson,mujeres,19
2027-01-25,Region Metropolitana alta,Parkinson,general,36
2027-01-25,Region Metropolitana alta,Parkinson,hombres,19
2027-01-25,Region Metropolitana alta,Parkinson,mujeres,18
2026-02-02,Region Rural / dispersa,Parkinson,general,37
2026-02-02,Region Rural / dispersa,Parkinson,hombres,16
2026-02-02,Region Rural / dispersa,Parkinson,mujeres,20
2026-02-09,Region Rural / dispersa,Parkinson,general,39
2026-02-09,Region Rural / dispersa,Parkinson,hombres,15
2026-02-09,Region Rural / dispersa,Parkinson,mujeres,14
2026-02-16,Region Rural / dispersa,Parkinson,general,37
2026-02-16,Region Rural / dispersa,Parkinson,hombres,15
2026-02-16,Region Rural / dispersa,Parkinson,mujeres,16
2026-02-23,Region Rural / dispersa,Parkinson,general,35
2026-02-23,Region Rural / dispersa,Parkinson,hombres,16
2026-02-23,Region Rural / dispersa,Parkinson,mujeres,14
2026-03-02,Region Rural / dispersa,Parkinson,general,39
2026-03-02,Region Rural / dispersa,Parkinson,hombres,16
2026-03-02,Region Rural / dispersa,Parkinson,mujeres,18
2026-03-09,Region Rural / dispersa,Parkinson,general,38
2026-03-09,Region Rural / dispersa,Parkinson,hombres,16
2026-03-09,Region Rural / dispersa,Parkinson,mujeres,22
2026-03-16,Region Rural / dispersa,Parkinson,general,34
2026-03-16,Region Rural / dispersa,Parkinson,hombres,16
2026-03-16,Region Rural / dispersa,Parkinson,mujeres,23
2026-03-23,Region Rural / dispersa,Parkinson,general,34
2026-03-23,Region Rural / dispersa,Parkinson,hombres,18
2026-03-23,Region Rural / dispersa,Parkinson,mujeres,22
2026-03-30,Region Rural / dispersa,Parkinson,general,35
2026-03-30,Region Rural / dispersa,Parkinson,hombres,17
2026-03-30,Region Rural / dispersa,Parkinson,mujeres,20
2026-04-06,Region Rural / dispersa,Parkinson,general,37
2026-04-06,Region Rural / dispersa,Parkinson,hombres,16
2026-04-06,Region Rural / dispersa,Parkinson,mujeres,17
2026-04-13,Region Rural / dispersa,Parkinson,general,34
2026-04-13,Region Rural / dispersa,Parkinson,hombres,17
2026-04-13,Region Rural / dispersa,Parkinson,mujeres,17
2026-04-20,Region Rural / dispersa,Parkinson,general,35
2026-04-20,Region Rural / dispersa,Parkinson,hombres,18
2026-04-20,Region Rural / dispersa,Parkinson,mujeres,17
2026-04-27,Region Rural / dispersa,Parkinson,general,33
2026-04-27,Region Rural / dispersa,Parkinson,hombres,17
2026-04-27,Region Rural / dispersa,Parkinson,mujeres,15
2026-05-04,Region Rural / dispersa,Parkinson,general,34
2026-05-04,Region Rural / dispersa,Parkinson,hombres,15
2026-05-04,Region Rural / dispersa,Parkinson,mujeres,13
2026-05-11,Region Rural / dispersa,Parkinson,general,35
2026-05-11,Region Rural / dispersa,Parkinson,hombres,14
2026-05-11,Region Rural / dispersa,Parkinson,mujeres,9
2026-05-18,Region Rural / dispersa,Parkinson,general,36
2026-05-18,Region Rural / dispersa,Parkinson,hombres,17
2026-05-18,Region Rural / dispersa,Parkinson,mujeres,11
2026-05-25,Region Rural / dispersa,Parkinson,general,32
2026-05-25,Region Rural / dispersa,Parkinson,hombres,18
2026-05-25,Region Rural / dispersa,Parkinson,mujeres,12
2026-06-01,Region Rural / dispersa,Parkinson,general,34
2026-06-01,Region Rural / dispersa,Parkinson,hombres,15
2026-06-01,Region Rural / dispersa,Parkinson,mujeres,14
2026-06-08,Region Rural / dispersa,Parkinson,general,33
2026-06-08,Region Rural / dispersa,Parkinson,hombres,16
2026-06-08,Region Rural / dispersa,Parkinson,mujeres,15
2026-06-15,Region Rural / dispersa,Parkinson,general,27
2026-06-15,Region Rural / dispersa,Parkinson,hombres,17
2026-06-15,Region Rural / dispersa,Parkinson,mujeres,14
2026-06-22,Region Rural / dispersa,Parkinson,general,28
2026-06-22,Region Rural / dispersa,Parkinson,hombres,18
2026-06-22,Region Rural / dispersa,Parkinson,mujeres,14
2026-06-29,Region Rural / dispersa,Parkinson,general,34
2026-06-29,Region Rural / dispersa,Parkinson,hombres,17
2026-06-29,Region Rural / dispersa,Parkinson,mujeres,16
2026-07-06,Region Rural / dispersa,Parkinson,general,37
2026-07-06,Region Rural / dispersa,Parkinson,hombres,17
2026-07-06,Region Rural / dispersa,Parkinson,mujeres,21
2026-07-13,Region Rural / dispersa,Parkinson,general,40
2026-07-13,Region Rural / dispersa,Parkinson,hombres,18
2026-07-13,Region Rural / dispersa,Parkinson,mujeres,20
2026-07-20,Region Rural / dispersa,Parkinson,general,35
2026-07-20,Region Rural / dispersa,Parkinson,hombres,17
2026-07-20,Region Rural / dispersa,Parkinson,mujeres,19
2026-07-27,Region Rural / dispersa,Parkinson,general,33
2026-07-27,Region Rural / dispersa,Parkinson,hombres,18
2026-07-27,Region Rural / dispersa,Parkinson,mujeres,16
2026-08-03,Region Rural / dispersa,Parkinson,general,32
2026-08-03,Region Rural / dispersa,Parkinson,hombres,18
2026-08-03,Region Rural / dispersa,Parkinson,mujeres,14
2026-08-10,Region Rural / dispersa,Parkinson,general,34
2026-08-10,Region Rural / dispersa,Parkinson,hombres,17
2026-08-10,Region Rural / dispersa,Parkinson,mujeres,14
2026-08-17,Region Rural / dispersa,Parkinson,general,36
2026-08-17,Region Rural / dispersa,Parkinson,hombres,16
2026-08-17,Region Rural / dispersa,Parkinson,mujeres,14
2026-08-24,Region Rural / dispersa,Parkinson,general,32
2026-08-24,Region Rural / dispersa,Parkinson,hombres,16
2026-08-24,Region Rural / dispersa,Parkinson,mujeres,14
2026-08-31,Region Rural / dispersa,Parkinson,general,33
2026-08-31,Region Rural / dispersa,Parkinson,hombres,16
2026-08-31,Region Rural / dispersa,Parkinson,mujeres,14
2026-09-07,Region Rural / dispersa,Parkinson,general,35
2026-09-07,Region Rural / dispersa,Parkinson,hombres,17
2026-09-07,Region Rural / dispersa,Parkinson,mujeres,14
2026-09-14,Region Rural / dispersa,Parkinson,general,36
2026-09-14,Region Rural / dispersa,Parkinson,hombres,18
2026-09-14,Region Rural / dispersa,Parkinson,mujeres,16
2026-09-21,Region Rural / dispersa,Parkinson,general,33
2026-09-21,Region Rural / dispersa,Parkinson,hombres,15
2026-09-21,Region Rural / dispersa,Parkinson,mujeres,15
2026-09-28,Region Rural / dispersa,Parkinson,general,30
2026-09-28,Region Rural / dispersa,Parkinson,hombres,17
2026-09-28,Region Rural / dispersa,Parkinson,mujeres,12
2026-10-05,Region Rural / dispersa,Parkinson,general,32
2026-10-05,Region Rural / dispersa,Parkinson,hombres,18
2026-10-05,Region Rural / dispersa,Parkinson,mujeres,16
2026-10-12,Region Rural / dispersa,Parkinson,general,31
2026-10-12,Region Rural / dispersa,Parkinson,hombres,15
2026-10-12,Region Rural / dispersa,Parkinson,mujeres,14
2026-10-19,Region Rural / dispersa,Parkinson,general,31
2026-10-19,Region Rural / dispersa,Parkinson,hombres,16
2026-10-19,Region Rural / dispersa,Parkinson,mujeres,12
2026-10-26,Region Rural / dispersa,Parkinson,general,31
2026-10-26,Region Rural / dispersa,Parkinson,hombres,14
2026-10-26,Region Rural / dispersa,Parkinson,mujeres,13
2026-11-02,Region Rural / dispersa,Parkinson,general,33
2026-11-02,Region Rural / dispersa,Parkinson,hombres,17
2026-11-02,Region Rural / dispersa,Parkinson,mujeres,18
2026-11-09,Region Rural / dispersa,Parkinson,general,34
2026-11-09,Region Rural / dispersa,Parkinson,hombres,18
2026-11-09,Region Rural / dispersa,Parkinson,mujeres,15
2026-11-16,Region Rural / dispersa,Parkinson,general,35
2026-11-16,Region Rural / dispersa,Parkinson,hombres,17
2026-11-16,Region Rural / dispersa,Parkinson,mujeres,14
2026-11-23,Region Rural / dispersa,Parkinson,general,33
2026-11-23,Region Rural / dispersa,Parkinson,hombres,14
2026-11-23,Region Rural / dispersa,Parkinson,mujeres,12
2026-11-30,Region Rural / dispersa,Parkinson,general,27
2026-11-30,Region Rural / dispersa,Parkinson,hombres,16
2026-11-30,Region Rural / dispersa,Parkinson,mujeres,12
2026-12-07,Region Rural / dispersa,Parkinson,general,32
2026-12-07,Region Rural / dispersa,Parkinson,hombres,17
2026-12-07,Region Rural / dispersa,Parkinson,mujeres,15
2026-12-14,Region Rural / dispersa,Parkinson,general,30
2026-12-14,Region Rural / dispersa,Parkinson,hombres,16
2026-12-14,Region Rural / dispersa,Parkinson,mujeres,15
2026-12-21,Region Rural / dispersa,Parkinson,general,28
2026-12-21,Region Rural / dispersa,Parkinson,hombres,15
2026-12-21,Region Rural / dispersa,Parkinson,mujeres,14
2026-12-28,Region Rural / dispersa,Parkinson,general,25
2026-12-28,Region Rural / dispersa,Parkinson,hombres,14
2026-12-28,Region Rural / dispersa,Parkinson,mujeres,10
2027-01-04,Region Rural / dispersa,Parkinson,general,32
2027-01-04,Region Rural / dispersa,Parkinson,hombres,18
2027-01-04,Region Rural / dispersa,Parkinson,mujeres,12
2027-01-11,Region Rural / dispersa,Parkinson,general,32
2027-01-11,Region Rural / dispersa,Parkinson,hombres,17
2027-01-11,Region Rural / dispersa,Parkinson,mujeres,13
2027-01-18,Region Rural / dispersa,Parkinson,general,32
2027-01-18,Region Rural / dispersa,Parkinson,hombres,16
2027-01-18,Region Rural / dispersa,Parkinson,mujeres,13
2027-01-25,Region Rural / dispersa,Parkinson,general,28
2027-01-25,Region Rural / dispersa,Parkinson,hombres,16
2027-01-25,Region Rural / dispersa,Parkinson,mujeres,14
2026-02-02,Region Sur-Sureste vulnerable,Parkinson,general,16
2026-02-02,Region Sur-Sureste vulnerable,Parkinson,hombres,7
2026-02-02,Region Sur-Sureste vulnerable,Parkinson,mujeres,9
2026-02-09,Region Sur-Sureste vulnerable,Parkinson,general,14
2026-02-09,Region Sur-Sureste vulnerable,Parkinson,hombres,8
2026-02-09,Region Sur-Sureste vulnerable,Parkinson,mujeres,8
2026-02-16,Region Sur-Sureste vulnerable,Parkinson,general,16
2026-02-16,Region Sur-Sureste vulnerable,Parkinson,hombres,14
2026-02-16,Region Sur-Sureste vulnerable,Parkinson,mujeres,9
2026-02-23,Region Sur-Sureste vulnerable,Parkinson,general,20
2026-02-23,Region Sur-Sureste vulnerable,Parkinson,hombres,16
2026-02-23,Region Sur-Sureste vulnerable,Parkinson,mujeres,4
2026-03-02,Region Sur-Sureste vulnerable,Parkinson,general,17
2026-03-02,Region Sur-Sureste vulnerable,Parkinson,hombres,10
2026-03-02,Region Sur-Sureste vulnerable,Parkinson,mujeres,4
2026-03-09,Region Sur-Sureste vulnerable,Parkinson,general,15
2026-03-09,Region Sur-Sureste vulnerable,Parkinson,hombres,13
2026-03-09,Region Sur-Sureste vulnerable,Parkinson,mujeres,3
2026-03-16,Region Sur-Sureste vulnerable,Parkinson,general,15
2026-03-16,Region Sur-Sureste vulnerable,Parkinson,hombres,6
2026-03-16,Region Sur-Sureste vulnerable,Parkinson,mujeres,3
2026-03-23,Region Sur-Sureste vulnerable,Parkinson,general,18
2026-03-23,Region Sur-Sureste vulnerable,Parkinson,hombres,6
2026-03-23,Region Sur-Sureste vulnerable,Parkinson,mujeres,1
2026-03-30,Region Sur-Sureste vulnerable,Parkinson,general,17
2026-03-30,Region Sur-Sureste vulnerable,Parkinson,hombres,8
2026-03-30,Region Sur-Sureste vulnerable,Parkinson,mujeres,0
2026-04-06,Region Sur-Sureste vulnerable,Parkinson,general,21
2026-04-06,Region Sur-Sureste vulnerable,Parkinson,hombres,12
2026-04-06,Region Sur-Sureste vulnerable,Parkinson,mujeres,0
2026-04-13,Region Sur-Sureste vulnerable,Parkinson,general,24
2026-04-13,Region Sur-Sureste vulnerable,Parkinson,hombres,11
2026-04-13,Region Sur-Sureste vulnerable,Parkinson,mujeres,1
2026-04-20,Region Sur-Sureste vulnerable,Parkinson,general,21
2026-04-20,Region Sur-Sureste vulnerable,Parkinson,hombres,8
2026-04-20,Region Sur-Sureste vulnerable,Parkinson,mujeres,1
2026-04-27,Region Sur-Sureste vulnerable,Parkinson,general,16
2026-04-27,Region Sur-Sureste vulnerable,Parkinson,hombres,4
2026-04-27,Region Sur-Sureste vulnerable,Parkinson,mujeres,2
2026-05-04,Region Sur-Sureste vulnerable,Parkinson,general,24
2026-05-04,Region Sur-Sureste vulnerable,Parkinson,hombres,5
2026-05-04,Region Sur-Sureste vulnerable,Parkinson,mujeres,2
2026-05-11,Region Sur-Sureste vulnerable,Parkinson,general,20
2026-05-11,Region Sur-Sureste vulnerable,Parkinson,hombres,15
2026-05-11,Region Sur-Sureste vulnerable,Parkinson,mujeres,0
2026-05-18,Region Sur-Sureste vulnerable,Parkinson,general,14
2026-05-18,Region Sur-Sureste vulnerable,Parkinson,hombres,14
2026-05-18,Region Sur-Sureste vulnerable,Parkinson,mujeres,1
2026-05-25,Region Sur-Sureste vulnerable,Parkinson,general,18
2026-05-25,Region Sur-Sureste vulnerable,Parkinson,hombres,7
2026-05-25,Region Sur-Sureste vulnerable,Parkinson,mujeres,3
2026-06-01,Region Sur-Sureste vulnerable,Parkinson,general,15
2026-06-01,Region Sur-Sureste vulnerable,Parkinson,hombres,5
2026-06-01,Region Sur-Sureste vulnerable,Parkinson,mujeres,2
2026-06-08,Region Sur-Sureste vulnerable,Parkinson,general,24
2026-06-08,Region Sur-Sureste vulnerable,Parkinson,hombres,6
2026-06-08,Region Sur-Sureste vulnerable,Parkinson,mujeres,1
2026-06-15,Region Sur-Sureste vulnerable,Parkinson,general,18
2026-06-15,Region Sur-Sureste vulnerable,Parkinson,hombres,9
2026-06-15,Region Sur-Sureste vulnerable,Parkinson,mujeres,2
2026-06-22,Region Sur-Sureste vulnerable,Parkinson,general,14
2026-06-22,Region Sur-Sureste vulnerable,Parkinson,hombres,15
2026-06-22,Region Sur-Sureste vulnerable,Parkinson,mujeres,3
2026-06-29,Region Sur-Sureste vulnerable,Parkinson,general,16
2026-06-29,Region Sur-Sureste vulnerable,Parkinson,hombres,9
2026-06-29,Region Sur-Sureste vulnerable,Parkinson,mujeres,3
2026-07-06,Region Sur-Sureste vulnerable,Parkinson,general,17
2026-07-06,Region Sur-Sureste vulnerable,Parkinson,hombres,10
2026-07-06,Region Sur-Sureste vulnerable,Parkinson,mujeres,3
2026-07-13,Region Sur-Sureste vulnerable,Parkinson,general,17
2026-07-13,Region Sur-Sureste vulnerable,Parkinson,hombres,14
2026-07-13,Region Sur-Sureste vulnerable,Parkinson,mujeres,2
2026-07-20,Region Sur-Sureste vulnerable,Parkinson,general,14
2026-07-20,Region Sur-Sureste vulnerable,Parkinson,hombres,10
2026-07-20,Region Sur-Sureste vulnerable,Parkinson,mujeres,4
2026-07-27,Region Sur-Sureste vulnerable,Parkinson,general,19
2026-07-27,Region Sur-Sureste vulnerable,Parkinson,hombres,9
2026-07-27,Region Sur-Sureste vulnerable,Parkinson,mujeres,3
2026-08-03,Region Sur-Sureste vulnerable,Parkinson,general,20
2026-08-03,Region Sur-Sureste vulnerable,Parkinson,hombres,8
2026-08-03,Region Sur-Sureste vulnerable,Parkinson,mujeres,3
2026-08-10,Region Sur-Sureste vulnerable,Parkinson,general,17
2026-08-10,Region Sur-Sureste vulnerable,Parkinson,hombres,8
2026-08-10,Region Sur-Sureste vulnerable,Parkinson,mujeres,3
2026-08-17,Region Sur-Sureste vulnerable,Parkinson,general,11
2026-08-17,Region Sur-Sureste vulnerable,Parkinson,hombres,7
2026-08-17,Region Sur-Sureste vulnerable,Parkinson,mujeres,3
2026-08-24,Region Sur-Sureste vulnerable,Parkinson,general,17
2026-08-24,Region Sur-Sureste vulnerable,Parkinson,hombres,6
2026-08-24,Region Sur-Sureste vulnerable,Parkinson,mujeres,3
2026-08-31,Region Sur-Sureste vulnerable,Parkinson,general,18
2026-08-31,Region Sur-Sureste vulnerable,Parkinson,hombres,8
2026-08-31,Region Sur-Sureste vulnerable,Parkinson,mujeres,3
2026-09-07,Region Sur-Sureste vulnerable,Parkinson,general,19
2026-09-07,Region Sur-Sureste vulnerable,Parkinson,hombres,11
2026-09-07,Region Sur-Sureste vulnerable,Parkinson,mujeres,5
2026-09-14,Region Sur-Sureste vulnerable,Parkinson,general,16
2026-09-14,Region Sur-Sureste vulnerable,Parkinson,hombres,7
2026-09-14,Region Sur-Sureste vulnerable,Parkinson,mujeres,4
2026-09-21,Region Sur-Sureste vulnerable,Parkinson,general,18
2026-09-21,Region Sur-Sureste vulnerable,Parkinson,hombres,7
2026-09-21,Region Sur-Sureste vulnerable,Parkinson,mujeres,2
2026-09-28,Region Sur-Sureste vulnerable,Parkinson,general,13
2026-09-28,Region Sur-Sureste vulnerable,Parkinson,hombres,11
2026-09-28,Region Sur-Sureste vulnerable,Parkinson,mujeres,3
2026-10-05,Region Sur-Sureste vulnerable,Parkinson,general,15
2026-10-05,Region Sur-Sureste vulnerable,Parkinson,hombres,10
2026-10-05,Region Sur-Sureste vulnerable,Parkinson,mujeres,4
2026-10-12,Region Sur-Sureste vulnerable,Parkinson,general,17
2026-10-12,Region Sur-Sureste vulnerable,Parkinson,hombres,18
2026-10-12,Region Sur-Sureste vulnerable,Parkinson,mujeres,5
2026-10-19,Region Sur-Sureste vulnerable,Parkinson,general,19
2026-10-19,Region Sur-Sureste vulnerable,Parkinson,hombres,14
2026-10-19,Region Sur-Sureste vulnerable,Parkinson,mujeres,4
2026-10-26,Region Sur-Sureste vulnerable,Parkinson,general,19
2026-10-26,Region Sur-Sureste vulnerable,Parkinson,hombres,7
2026-10-26,Region Sur-Sureste vulnerable,Parkinson,mujeres,2
2026-11-02,Region Sur-Sureste vulnerable,Parkinson,general,18
2026-11-02,Region Sur-Sureste vulnerable,Parkinson,hombres,9
2026-11-02,Region Sur-Sureste vulnerable,Parkinson,mujeres,3
2026-11-09,Region Sur-Sureste vulnerable,Parkinson,general,16
2026-11-09,Region Sur-Sureste vulnerable,Parkinson,hombres,12
2026-11-09,Region Sur-Sureste vulnerable,Parkinson,mujeres,2
2026-11-16,Region Sur-Sureste vulnerable,Parkinson,general,15
2026-11-16,Region Sur-Sureste vulnerable,Parkinson,hombres,6
2026-11-16,Region Sur-Sureste vulnerable,Parkinson,mujeres,2
2026-11-23,Region Sur-Sureste vulnerable,Parkinson,general,18
2026-11-23,Region Sur-Sureste vulnerable,Parkinson,hombres,5
2026-11-23,Region Sur-Sureste vulnerable,Parkinson,mujeres,3
2026-11-30,Region Sur-Sureste vulnerable,Parkinson,general,15
2026-11-30,Region Sur-Sureste vulnerable,Parkinson,hombres,5
2026-11-30,Region Sur-Sureste vulnerable,Parkinson,mujeres,4
2026-12-07,Region Sur-Sureste vulnerable,Parkinson,general,16
2026-12-07,Region Sur-Sureste vulnerable,Parkinson,hombres,4
2026-12-07,Region Sur-Sureste vulnerable,Parkinson,mujeres,5
2026-12-14,Region Sur-Sureste vulnerable,Parkinson,general,12
2026-12-14,Region Sur-Sureste vulnerable,Parkinson,hombres,4
2026-12-14,Region Sur-Sureste vulnerable,Parkinson,mujeres,4
2026-12-21,Region Sur-Sureste vulnerable,Parkinson,general,13
2026-12-21,Region Sur-Sureste vulnerable,Parkinson,hombres,7
2026-12-21,Region Sur-Sureste vulnerable,Parkinson,mujeres,2
2026-12-28,Region Sur-Sureste vulnerable,Parkinson,general,14
2026-12-28,Region Sur-Sureste vulnerable,Parkinson,hombres,6
2026-12-28,Region Sur-Sureste vulnerable,Parkinson,mujeres,2
2027-01-04,Region Sur-Sureste vulnerable,Parkinson,general,14
2027-01-04,Region Sur-Sureste vulnerable,Parkinson,hombres,5
2027-01-04,Region Sur-Sureste vulnerable,Parkinson,mujeres,4
2027-01-11,Region Sur-Sureste vulnerable,Parkinson,general,17
2027-01-11,Region Sur-Sureste vulnerable,Parkinson,hombres,9
2027-01-11,Region Sur-Sureste vulnerable,Parkinson,mujeres,4
2027-01-18,Region Sur-Sureste vulnerable,Parkinson,general,22
2027-01-18,Region Sur-Sureste vulnerable,Parkinson,hombres,7
2027-01-18,Region Sur-Sureste vulnerable,Parkinson,mujeres,3
2027-01-25,Region Sur-Sureste vulnerable,Parkinson,general,19
2027-01-25,Region Sur-Sureste vulnerable,Parkinson,hombres,8
2027-01-25,Region Sur-Sureste vulnerable,Parkinson,mujeres,4
2026-02-02,Region Urbana media,Parkinson,general,56
2026-02-02,Region Urbana media,Parkinson,hombres,29
2026-02-02,Region Urbana media,Parkinson,mujeres,22
2026-02-09,Region Urbana media,Parkinson,general,76
2026-02-09,Region Urbana media,Parkinson,hombres,41
2026-02-09,Region Urbana media,Parkinson,mujeres,30
2026-02-16,Region Urbana media,Parkinson,general,76
2026-02-16,Region Urbana media,Parkinson,hombres,38
2026-02-16,Region Urbana media,Parkinson,mujeres,29
2026-02-23,Region Urbana media,Parkinson,general,68
2026-02-23,Region Urbana media,Parkinson,hombres,32
2026-02-23,Region Urbana media,Parkinson,mujeres,36
2026-03-02,Region Urbana media,Parkinson,general,77
2026-03-02,Region Urbana media,Parkinson,hombres,36
2026-03-02,Region Urbana media,Parkinson,mujeres,30
2026-03-09,Region Urbana media,Parkinson,general,72
2026-03-09,Region Urbana media,Parkinson,hombres,36
2026-03-09,Region Urbana media,Parkinson,mujeres,37
2026-03-16,Region Urbana media,Parkinson,general,59
2026-03-16,Region Urbana media,Parkinson,hombres,32
2026-03-16,Region Urbana media,Parkinson,mujeres,30
2026-03-23,Region Urbana media,Parkinson,general,71
2026-03-23,Region Urbana media,Parkinson,hombres,42
2026-03-23,Region Urbana media,Parkinson,mujeres,31
2026-03-30,Region Urbana media,Parkinson,general,69
2026-03-30,Region Urbana media,Parkinson,hombres,35
2026-03-30,Region Urbana media,Parkinson,mujeres,30
2026-04-06,Region Urbana media,Parkinson,general,62
2026-04-06,Region Urbana media,Parkinson,hombres,35
2026-04-06,Region Urbana media,Parkinson,mujeres,27
2026-04-13,Region Urbana media,Parkinson,general,57
2026-04-13,Region Urbana media,Parkinson,hombres,37
2026-04-13,Region Urbana media,Parkinson,mujeres,29
2026-04-20,Region Urbana media,Parkinson,general,62
2026-04-20,Region Urbana media,Parkinson,hombres,36
2026-04-20,Region Urbana media,Parkinson,mujeres,33
2026-04-27,Region Urbana media,Parkinson,general,60
2026-04-27,Region Urbana media,Parkinson,hombres,41
2026-04-27,Region Urbana media,Parkinson,mujeres,30
2026-05-04,Region Urbana media,Parkinson,general,64
2026-05-04,Region Urbana media,Parkinson,hombres,35
2026-05-04,Region Urbana media,Parkinson,mujeres,26
2026-05-11,Region Urbana media,Parkinson,general,63
2026-05-11,Region Urbana media,Parkinson,hombres,39
2026-05-11,Region Urbana media,Parkinson,mujeres,34
2026-05-18,Region Urbana media,Parkinson,general,74
2026-05-18,Region Urbana media,Parkinson,hombres,34
2026-05-18,Region Urbana media,Parkinson,mujeres,32
2026-05-25,Region Urbana media,Parkinson,general,63
2026-05-25,Region Urbana media,Parkinson,hombres,36
2026-05-25,Region Urbana media,Parkinson,mujeres,36
2026-06-01,Region Urbana media,Parkinson,general,65
2026-06-01,Region Urbana media,Parkinson,hombres,37
2026-06-01,Region Urbana media,Parkinson,mujeres,30
2026-06-08,Region Urbana media,Parkinson,general,66
2026-06-08,Region Urbana media,Parkinson,hombres,35
2026-06-08,Region Urbana media,Parkinson,mujeres,28
2026-06-15,Region Urbana media,Parkinson,general,68
2026-06-15,Region Urbana media,Parkinson,hombres,34
2026-06-15,Region Urbana media,Parkinson,mujeres,29
2026-06-22,Region Urbana media,Parkinson,general,59
2026-06-22,Region Urbana media,Parkinson,hombres,40
2026-06-22,Region Urbana media,Parkinson,mujeres,28
2026-06-29,Region Urbana media,Parkinson,general,57
2026-06-29,Region Urbana media,Parkinson,hombres,32
2026-06-29,Region Urbana media,Parkinson,mujeres,24
2026-07-06,Region Urbana media,Parkinson,general,60
2026-07-06,Region Urbana media,Parkinson,hombres,33
2026-07-06,Region Urbana media,Parkinson,mujeres,27
2026-07-13,Region Urbana media,Parkinson,general,64
2026-07-13,Region Urbana media,Parkinson,hombres,32
2026-07-13,Region Urbana media,Parkinson,mujeres,29
2026-07-20,Region Urbana media,Parkinson,general,52
2026-07-20,Region Urbana media,Parkinson,hombres,38
2026-07-20,Region Urbana media,Parkinson,mujeres,21
2026-07-27,Region Urbana media,Parkinson,general,61
2026-07-27,Region Urbana media,Parkinson,hombres,33
2026-07-27,Region Urbana media,Parkinson,mujeres,29
2026-08-03,Region Urbana media,Parkinson,general,64
2026-08-03,Region Urbana media,Parkinson,hombres,32
2026-08-03,Region Urbana media,Parkinson,mujeres,33
2026-08-10,Region Urbana media,Parkinson,general,58
2026-08-10,Region Urbana media,Parkinson,hombres,44
2026-08-10,Region Urbana media,Parkinson,mujeres,30
2026-08-17,Region Urbana media,Parkinson,general,62
2026-08-17,Region Urbana media,Parkinson,hombres,33
2026-08-17,Region Urbana media,Parkinson,mujeres,27
2026-08-24,Region Urbana media,Parkinson,general,67
2026-08-24,Region Urbana media,Parkinson,hombres,32
2026-08-24,Region Urbana media,Parkinson,mujeres,31
2026-08-31,Region Urbana media,Parkinson,general,65
2026-08-31,Region Urbana media,Parkinson,hombres,30
2026-08-31,Region Urbana media,Parkinson,mujeres,30
2026-09-07,Region Urbana media,Parkinson,general,57
2026-09-07,Region Urbana media,Parkinson,hombres,29
2026-09-07,Region Urbana media,Parkinson,mujeres,36
2026-09-14,Region Urbana media,Parkinson,general,68
2026-09-14,Region Urbana media,Parkinson,hombres,35
2026-09-14,Region Urbana media,Parkinson,mujeres,32
2026-09-21,Region Urbana media,Parkinson,general,69
2026-09-21,Region Urbana media,Parkinson,hombres,30
2026-09-21,Region Urbana media,Parkinson,mujeres,25
2026-09-28,Region Urbana media,Parkinson,general,76
2026-09-28,Region Urbana media,Parkinson,hombres,31
2026-09-28,Region Urbana media,Parkinson,mujeres,31
2026-10-05,Region Urbana media,Parkinson,general,62
2026-10-05,Region Urbana media,Parkinson,hombres,32
2026-10-05,Region Urbana media,Parkinson,mujeres,29
2026-10-12,Region Urbana media,Parkinson,general,67
2026-10-12,Region Urbana media,Parkinson,hombres,34
2026-10-12,Region Urbana media,Parkinson,mujeres,27
2026-10-19,Region Urbana media,Parkinson,general,65
2026-10-19,Region Urbana media,Parkinson,hombres,31
2026-10-19,Region Urbana media,Parkinson,mujeres,29
2026-10-26,Region Urbana media,Parkinson,general,59
2026-10-26,Region Urbana media,Parkinson,hombres,30
2026-10-26,Region Urbana media,Parkinson,mujeres,26
2026-11-02,Region Urbana media,Parkinson,general,64
2026-11-02,Region Urbana media,Parkinson,hombres,35
2026-11-02,Region Urbana media,Parkinson,mujeres,25
2026-11-09,Region Urbana media,Parkinson,general,54
2026-11-09,Region Urbana media,Parkinson,hombres,34
2026-11-09,Region Urbana media,Parkinson,mujeres,34
2026-11-16,Region Urbana media,Parkinson,general,58
2026-11-16,Region Urbana media,Parkinson,hombres,30
2026-11-16,Region Urbana media,Parkinson,mujeres,26
2026-11-23,Region Urbana media,Parkinson,general,59
2026-11-23,Region Urbana media,Parkinson,hombres,28
2026-11-23,Region Urbana media,Parkinson,mujeres,27
2026-11-30,Region Urbana media,Parkinson,general,59
2026-11-30,Region Urbana media,Parkinson,hombres,29
2026-11-30,Region Urbana media,Parkinson,mujeres,25
2026-12-07,Region Urbana media,Parkinson,general,57
2026-12-07,Region Urbana media,Parkinson,hombres,34
2026-12-07,Region Urbana media,Parkinson,mujeres,28
2026-12-14,Region Urbana media,Parkinson,general,57
2026-12-14,Region Urbana media,Parkinson,hombres,32
2026-12-14,Region Urbana media,Parkinson,mujeres,19
2026-12-21,Region Urbana media,Parkinson,general,52
2026-12-21,Region Urbana media,Parkinson,hombres,24
2026-12-21,Region Urbana media,Parkinson,mujeres,27
2026-12-28,Region Urbana media,Parkinson,general,53
2026-12-28,Region Urbana media,Parkinson,hombres,18
2026-12-28,Region Urbana media,Parkinson,mujeres,26
2027-01-04,Region Urbana media,Parkinson,general,60
2027-01-04,Region Urbana media,Parkinson,hombres,34
2027-01-04,Region Urbana media,Parkinson,mujeres,19
2027-01-11,Region Urbana media,Parkinson,general,67
2027-01-11,Region Urbana media,Parkinson,hombres,31
2027-01-11,Region Urbana media,Parkinson,mujeres,32
2027-01-18,Region Urbana media,Parkinson,general,69
2027-01-18,Region Urbana media,Parkinson,hombres,30
2027-01-18,Region Urbana media,Parkinson,mujeres,26
2027-01-25,Region Urbana media,Parkinson,general,70
2027-01-25,Region Urbana media,Parkinson,hombres,28
2027-01-25,Region Urbana media,Parkinson,mujeres,34
2026-02-02,San Luis Potosí,Parkinson,general,1
2026-02-02,San Luis Potosí,Parkinson,hombres,1
2026-02-02,San Luis Potosí,Parkinson,mujeres,1
2026-02-09,San Luis Potosí,Parkinson,general,3
2026-02-09,San Luis Potosí,Parkinson,hombres,1
2026-02-09,San Luis Potosí,Parkinson,mujeres,1
2026-02-16,San Luis Potosí,Parkinson,general,3
2026-02-16,San Luis Potosí,Parkinson,hombres,3
2026-02-16,San Luis Potosí,Parkinson,mujeres,0
2026-02-23,San Luis Potosí,Parkinson,general,2
2026-02-23,San Luis Potosí,Parkinson,hombres,2
2026-02-23,San Luis Potosí,Parkinson,mujeres,0
2026-03-02,San Luis Potosí,Parkinson,general,2
2026-03-02,San Luis Potosí,Parkinson,hombres,1
2026-03-02,San Luis Potosí,Parkinson,mujeres,0
2026-03-09,San Luis Potosí,Parkinson,general,2
2026-03-09,San Luis Potosí,Parkinson,hombres,2
2026-03-09,San Luis Potosí,Parkinson,mujeres,1
2026-03-16,San Luis Potosí,Parkinson,general,3
2026-03-16,San Luis Potosí,Parkinson,hombres,1
2026-03-16,San Luis Potosí,Parkinson,mujeres,0
2026-03-23,San Luis Potosí,Parkinson,general,4
2026-03-23,San Luis Potosí,Parkinson,hombres,3
2026-03-23,San Luis Potosí,Parkinson,mujeres,1
2026-03-30,San Luis Potosí,Parkinson,general,4
2026-03-30,San Luis Potosí,Parkinson,hombres,2
2026-03-30,San Luis Potosí,Parkinson,mujeres,1
2026-04-06,San Luis Potosí,Parkinson,general,1
2026-04-06,San Luis Potosí,Parkinson,hombres,1
2026-04-06,San Luis Potosí,Parkinson,mujeres,2
2026-04-13,San Luis Potosí,Parkinson,general,3
2026-04-13,San Luis Potosí,Parkinson,hombres,2
2026-04-13,San Luis Potosí,Parkinson,mujeres,1
2026-04-20,San Luis Potosí,Parkinson,general,1
2026-04-20,San Luis Potosí,Parkinson,hombres,1
2026-04-20,San Luis Potosí,Parkinson,mujeres,1
2026-04-27,San Luis Potosí,Parkinson,general,1
2026-04-27,San Luis Potosí,Parkinson,hombres,1
2026-04-27,San Luis Potosí,Parkinson,mujeres,0
2026-05-04,San Luis Potosí,Parkinson,general,3
2026-05-04,San Luis Potosí,Parkinson,hombres,1
2026-05-04,San Luis Potosí,Parkinson,mujeres,0
2026-05-11,San Luis Potosí,Parkinson,general,4
2026-05-11,San Luis Potosí,Parkinson,hombres,2
2026-05-11,San Luis Potosí,Parkinson,mujeres,0
2026-05-18,San Luis Potosí,Parkinson,general,1
2026-05-18,San Luis Potosí,Parkinson,hombres,1
2026-05-18,San Luis Potosí,Parkinson,mujeres,1
2026-05-25,San Luis Potosí,Parkinson,general,3
2026-05-25,San Luis Potosí,Parkinson,hombres,1
2026-05-25,San Luis Potosí,Parkinson,mujeres,0
2026-06-01,San Luis Potosí,Parkinson,general,4
2026-06-01,San Luis Potosí,Parkinson,hombres,2
2026-06-01,San Luis Potosí,Parkinson,mujeres,0
2026-06-08,San Luis Potosí,Parkinson,general,2
2026-06-08,San Luis Potosí,Parkinson,hombres,0
2026-06-08,San Luis Potosí,Parkinson,mujeres,1
2026-06-15,San Luis Potosí,Parkinson,general,4
2026-06-15,San Luis Potosí,Parkinson,hombres,1
2026-06-15,San Luis Potosí,Parkinson,mujeres,1
2026-06-22,San Luis Potosí,Parkinson,general,6
2026-06-22,San Luis Potosí,Parkinson,hombres,1
2026-06-22,San Luis Potosí,Parkinson,mujeres,2
2026-06-29,San Luis Potosí,Parkinson,general,2
2026-06-29,San Luis Potosí,Parkinson,hombres,2
2026-06-29,San Luis Potosí,Parkinson,mujeres,1
2026-07-06,San Luis Potosí,Parkinson,general,3
2026-07-06,San Luis Potosí,Parkinson,hombres,2
2026-07-06,San Luis Potosí,Parkinson,mujeres,1
2026-07-13,San Luis Potosí,Parkinson,general,1
2026-07-13,San Luis Potosí,Parkinson,hombres,0
2026-07-13,San Luis Potosí,Parkinson,mujeres,0
2026-07-20,San Luis Potosí,Parkinson,general,1
2026-07-20,San Luis Potosí,Parkinson,hombres,1
2026-07-20,San Luis Potosí,Parkinson,mujeres,0
2026-07-27,San Luis Potosí,Parkinson,general,2
2026-07-27,San Luis Potosí,Parkinson,hombres,2
2026-07-27,San Luis Potosí,Parkinson,mujeres,0
2026-08-03,San Luis Potosí,Parkinson,general,3
2026-08-03,San Luis Potosí,Parkinson,hombres,2
2026-08-03,San Luis Potosí,Parkinson,mujeres,1
2026-08-10,San Luis Potosí,Parkinson,general,1
2026-08-10,San Luis Potosí,Parkinson,hombres,2
2026-08-10,San Luis Potosí,Parkinson,mujeres,0
2026-08-17,San Luis Potosí,Parkinson,general,3
2026-08-17,San Luis Potosí,Parkinson,hombres,2
2026-08-17,San Luis Potosí,Parkinson,mujeres,1
2026-08-24,San Luis Potosí,Parkinson,general,4
2026-08-24,San Luis Potosí,Parkinson,hombres,1
2026-08-24,San Luis Potosí,Parkinson,mujeres,1
2026-08-31,San Luis Potosí,Parkinson,general,1
2026-08-31,San Luis Potosí,Parkinson,hombres,1
2026-08-31,San Luis Potosí,Parkinson,mujeres,1
2026-09-07,San Luis Potosí,Parkinson,general,4
2026-09-07,San Luis Potosí,Parkinson,hombres,1
2026-09-07,San Luis Potosí,Parkinson,mujeres,1
2026-09-14,San Luis Potosí,Parkinson,general,3
2026-09-14,San Luis Potosí,Parkinson,hombres,1
2026-09-14,San Luis Potosí,Parkinson,mujeres,0
2026-09-21,San Luis Potosí,Parkinson,general,1
2026-09-21,San Luis Potosí,Parkinson,hombres,2
2026-09-21,San Luis Potosí,Parkinson,mujeres,0
2026-09-28,San Luis Potosí,Parkinson,general,5
2026-09-28,San Luis Potosí,Parkinson,hombres,0
2026-09-28,San Luis Potosí,Parkinson,mujeres,1
2026-10-05,San Luis Potosí,Parkinson,general,3
2026-10-05,San Luis Potosí,Parkinson,hombres,0
2026-10-05,San Luis Potosí,Parkinson,mujeres,0
2026-10-12,San Luis Potosí,Parkinson,general,2
2026-10-12,San Luis Potosí,Parkinson,hombres,0
2026-10-12,San Luis Potosí,Parkinson,mujeres,1
2026-10-19,San Luis Potosí,Parkinson,general,2
2026-10-19,San Luis Potosí,Parkinson,hombres,1
2026-10-19,San Luis Potosí,Parkinson,mujeres,1
2026-10-26,San Luis Potosí,Parkinson,general,6
2026-10-26,San Luis Potosí,Parkinson,hombres,2
2026-10-26,San Luis Potosí,Parkinson,mujeres,1
2026-11-02,San Luis Potosí,Parkinson,general,1
2026-11-02,San Luis Potosí,Parkinson,hombres,0
2026-11-02,San Luis Potosí,Parkinson,mujeres,0
2026-11-09,San Luis Potosí,Parkinson,general,2
2026-11-09,San Luis Potosí,Parkinson,hombres,1
2026-11-09,San Luis Potosí,Parkinson,mujeres,0
2026-11-16,San Luis Potosí,Parkinson,general,3
2026-11-16,San Luis Potosí,Parkinson,hombres,2
2026-11-16,San Luis Potosí,Parkinson,mujeres,0
2026-11-23,San Luis Potosí,Parkinson,general,2
2026-11-23,San Luis Potosí,Parkinson,hombres,0
2026-11-23,San Luis Potosí,Parkinson,mujeres,0
2026-11-30,San Luis Potosí,Parkinson,general,2
2026-11-30,San Luis Potosí,Parkinson,hombres,0
2026-11-30,San Luis Potosí,Parkinson,mujeres,0
2026-12-07,San Luis Potosí,Parkinson,general,1
2026-12-07,San Luis Potosí,Parkinson,hombres,1
2026-12-07,San Luis Potosí,Parkinson,mujeres,0
2026-12-14,San Luis Potosí,Parkinson,general,2
2026-12-14,San Luis Potosí,Parkinson,hombres,1
2026-12-14,San Luis Potosí,Parkinson,mujeres,1
2026-12-21,San Luis Potosí,Parkinson,general,3
2026-12-21,San Luis Potosí,Parkinson,hombres,1
2026-12-21,San Luis Potosí,Parkinson,mujeres,1
2026-12-28,San Luis Potosí,Parkinson,general,2
2026-12-28,San Luis Potosí,Parkinson,hombres,1
2026-12-28,San Luis Potosí,Parkinson,mujeres,2
2027-01-04,San Luis Potosí,Parkinson,general,1
2027-01-04,San Luis Potosí,Parkinson,hombres,1
2027-01-04,San Luis Potosí,Parkinson,mujeres,1
2027-01-11,San Luis Potosí,Parkinson,general,2
2027-01-11,San Luis Potosí,Parkinson,hombres,0
2027-01-11,San Luis Potosí,Parkinson,mujeres,0
2027-01-18,San Luis Potosí,Parkinson,general,4
2027-01-18,San Luis Potosí,Parkinson,hombres,1
2027-01-18,San Luis Potosí,Parkinson,mujeres,1
2027-01-25,San Luis Potosí,Parkinson,general,3
2027-01-25,San Luis Potosí,Parkinson,hombres,1
2027-01-25,San Luis Potosí,Parkinson,mujeres,2
2026-02-02,Sinaloa,Parkinson,general,8
2026-02-02,Sinaloa,Parkinson,hombres,5
2026-02-02,Sinaloa,Parkinson,mujeres,4
2026-02-09,Sinaloa,Parkinson,general,10
2026-02-09,Sinaloa,Parkinson,hombres,8
2026-02-09,Sinaloa,Parkinson,mujeres,4
2026-02-16,Sinaloa,Parkinson,general,7
2026-02-16,Sinaloa,Parkinson,hombres,4
2026-02-16,Sinaloa,Parkinson,mujeres,7
2026-02-23,Sinaloa,Parkinson,general,10
2026-02-23,Sinaloa,Parkinson,hombres,6
2026-02-23,Sinaloa,Parkinson,mujeres,5
2026-03-02,Sinaloa,Parkinson,general,11
2026-03-02,Sinaloa,Parkinson,hombres,7
2026-03-02,Sinaloa,Parkinson,mujeres,3
2026-03-09,Sinaloa,Parkinson,general,9
2026-03-09,Sinaloa,Parkinson,hombres,3
2026-03-09,Sinaloa,Parkinson,mujeres,3
2026-03-16,Sinaloa,Parkinson,general,7
2026-03-16,Sinaloa,Parkinson,hombres,2
2026-03-16,Sinaloa,Parkinson,mujeres,2
2026-03-23,Sinaloa,Parkinson,general,6
2026-03-23,Sinaloa,Parkinson,hombres,4
2026-03-23,Sinaloa,Parkinson,mujeres,2
2026-03-30,Sinaloa,Parkinson,general,6
2026-03-30,Sinaloa,Parkinson,hombres,6
2026-03-30,Sinaloa,Parkinson,mujeres,3
2026-04-06,Sinaloa,Parkinson,general,4
2026-04-06,Sinaloa,Parkinson,hombres,2
2026-04-06,Sinaloa,Parkinson,mujeres,3
2026-04-13,Sinaloa,Parkinson,general,6
2026-04-13,Sinaloa,Parkinson,hombres,5
2026-04-13,Sinaloa,Parkinson,mujeres,3
2026-04-20,Sinaloa,Parkinson,general,7
2026-04-20,Sinaloa,Parkinson,hombres,4
2026-04-20,Sinaloa,Parkinson,mujeres,4
2026-04-27,Sinaloa,Parkinson,general,8
2026-04-27,Sinaloa,Parkinson,hombres,4
2026-04-27,Sinaloa,Parkinson,mujeres,4
2026-05-04,Sinaloa,Parkinson,general,9
2026-05-04,Sinaloa,Parkinson,hombres,4
2026-05-04,Sinaloa,Parkinson,mujeres,3
2026-05-11,Sinaloa,Parkinson,general,11
2026-05-11,Sinaloa,Parkinson,hombres,6
2026-05-11,Sinaloa,Parkinson,mujeres,6
2026-05-18,Sinaloa,Parkinson,general,12
2026-05-18,Sinaloa,Parkinson,hombres,7
2026-05-18,Sinaloa,Parkinson,mujeres,5
2026-05-25,Sinaloa,Parkinson,general,8
2026-05-25,Sinaloa,Parkinson,hombres,3
2026-05-25,Sinaloa,Parkinson,mujeres,4
2026-06-01,Sinaloa,Parkinson,general,9
2026-06-01,Sinaloa,Parkinson,hombres,4
2026-06-01,Sinaloa,Parkinson,mujeres,4
2026-06-08,Sinaloa,Parkinson,general,6
2026-06-08,Sinaloa,Parkinson,hombres,7
2026-06-08,Sinaloa,Parkinson,mujeres,3
2026-06-15,Sinaloa,Parkinson,general,6
2026-06-15,Sinaloa,Parkinson,hombres,6
2026-06-15,Sinaloa,Parkinson,mujeres,5
2026-06-22,Sinaloa,Parkinson,general,10
2026-06-22,Sinaloa,Parkinson,hombres,6
2026-06-22,Sinaloa,Parkinson,mujeres,5
2026-06-29,Sinaloa,Parkinson,general,7
2026-06-29,Sinaloa,Parkinson,hombres,3
2026-06-29,Sinaloa,Parkinson,mujeres,3
2026-07-06,Sinaloa,Parkinson,general,9
2026-07-06,Sinaloa,Parkinson,hombres,5
2026-07-06,Sinaloa,Parkinson,mujeres,3
2026-07-13,Sinaloa,Parkinson,general,8
2026-07-13,Sinaloa,Parkinson,hombres,5
2026-07-13,Sinaloa,Parkinson,mujeres,3
2026-07-20,Sinaloa,Parkinson,general,10
2026-07-20,Sinaloa,Parkinson,hombres,5
2026-07-20,Sinaloa,Parkinson,mujeres,3
2026-07-27,Sinaloa,Parkinson,general,10
2026-07-27,Sinaloa,Parkinson,hombres,6
2026-07-27,Sinaloa,Parkinson,mujeres,4
2026-08-03,Sinaloa,Parkinson,general,10
2026-08-03,Sinaloa,Parkinson,hombres,4
2026-08-03,Sinaloa,Parkinson,mujeres,5
2026-08-10,Sinaloa,Parkinson,general,10
2026-08-10,Sinaloa,Parkinson,hombres,5
2026-08-10,Sinaloa,Parkinson,mujeres,5
2026-08-17,Sinaloa,Parkinson,general,7
2026-08-17,Sinaloa,Parkinson,hombres,4
2026-08-17,Sinaloa,Parkinson,mujeres,2
2026-08-24,Sinaloa,Parkinson,general,5
2026-08-24,Sinaloa,Parkinson,hombres,5
2026-08-24,Sinaloa,Parkinson,mujeres,2
2026-08-31,Sinaloa,Parkinson,general,6
2026-08-31,Sinaloa,Parkinson,hombres,4
2026-08-31,Sinaloa,Parkinson,mujeres,5
2026-09-07,Sinaloa,Parkinson,general,9
2026-09-07,Sinaloa,Parkinson,hombres,1
2026-09-07,Sinaloa,Parkinson,mujeres,6
2026-09-14,Sinaloa,Parkinson,general,9
2026-09-14,Sinaloa,Parkinson,hombres,7
2026-09-14,Sinaloa,Parkinson,mujeres,4
2026-09-21,Sinaloa,Parkinson,general,14
2026-09-21,Sinaloa,Parkinson,hombres,2
2026-09-21,Sinaloa,Parkinson,mujeres,3
2026-09-28,Sinaloa,Parkinson,general,9
2026-09-28,Sinaloa,Parkinson,hombres,3
2026-09-28,Sinaloa,Parkinson,mujeres,4
2026-10-05,Sinaloa,Parkinson,general,12
2026-10-05,Sinaloa,Parkinson,hombres,7
2026-10-05,Sinaloa,Parkinson,mujeres,4
2026-10-12,Sinaloa,Parkinson,general,17
2026-10-12,Sinaloa,Parkinson,hombres,5
2026-10-12,Sinaloa,Parkinson,mujeres,3
2026-10-19,Sinaloa,Parkinson,general,8
2026-10-19,Sinaloa,Parkinson,hombres,6
2026-10-19,Sinaloa,Parkinson,mujeres,4
2026-10-26,Sinaloa,Parkinson,general,7
2026-10-26,Sinaloa,Parkinson,hombres,3
2026-10-26,Sinaloa,Parkinson,mujeres,4
2026-11-02,Sinaloa,Parkinson,general,12
2026-11-02,Sinaloa,Parkinson,hombres,6
2026-11-02,Sinaloa,Parkinson,mujeres,3
2026-11-09,Sinaloa,Parkinson,general,12
2026-11-09,Sinaloa,Parkinson,hombres,6
2026-11-09,Sinaloa,Parkinson,mujeres,4
2026-11-16,Sinaloa,Parkinson,general,7
2026-11-16,Sinaloa,Parkinson,hombres,3
2026-11-16,Sinaloa,Parkinson,mujeres,3
2026-11-23,Sinaloa,Parkinson,general,6
2026-11-23,Sinaloa,Parkinson,hombres,5
2026-11-23,Sinaloa,Parkinson,mujeres,3
2026-11-30,Sinaloa,Parkinson,general,7
2026-11-30,Sinaloa,Parkinson,hombres,4
2026-11-30,Sinaloa,Parkinson,mujeres,3
2026-12-07,Sinaloa,Parkinson,general,8
2026-12-07,Sinaloa,Parkinson,hombres,6
2026-12-07,Sinaloa,Parkinson,mujeres,3
2026-12-14,Sinaloa,Parkinson,general,10
2026-12-14,Sinaloa,Parkinson,hombres,4
2026-12-14,Sinaloa,Parkinson,mujeres,3
2026-12-21,Sinaloa,Parkinson,general,5
2026-12-21,Sinaloa,Parkinson,hombres,7
2026-12-21,Sinaloa,Parkinson,mujeres,3
2026-12-28,Sinaloa,Parkinson,general,4
2026-12-28,Sinaloa,Parkinson,hombres,6
2026-12-28,Sinaloa,Parkinson,mujeres,4
2027-01-04,Sinaloa,Parkinson,general,11
2027-01-04,Sinaloa,Parkinson,hombres,6
2027-01-04,Sinaloa,Parkinson,mujeres,4
2027-01-11,Sinaloa,Parkinson,general,9
2027-01-11,Sinaloa,Parkinson,hombres,8
2027-01-11,Sinaloa,Parkinson,mujeres,4
2027-01-18,Sinaloa,Parkinson,general,9
2027-01-18,Sinaloa,Parkinson,hombres,5
2027-01-18,Sinaloa,Parkinson,mujeres,3
2027-01-25,Sinaloa,Parkinson,general,10
2027-01-25,Sinaloa,Parkinson,hombres,3
2027-01-25,Sinaloa,Parkinson,mujeres,8
2026-02-02,Sonora,Parkinson,general,1
2026-02-02,Sonora,Parkinson,hombres,3
2026-02-02,Sonora,Parkinson,mujeres,0
2026-02-09,Sonora,Parkinson,general,3
2026-02-09,Sonora,Parkinson,hombres,4
2026-02-09,Sonora,Parkinson,mujeres,1
2026-02-16,Sonora,Parkinson,general,7
2026-02-16,Sonora,Parkinson,hombres,4
2026-02-16,Sonora,Parkinson,mujeres,1
2026-02-23,Sonora,Parkinson,general,3
2026-02-23,Sonora,Parkinson,hombres,2
2026-02-23,Sonora,Parkinson,mujeres,1
2026-03-02,Sonora,Parkinson,general,2
2026-03-02,Sonora,Parkinson,hombres,1
2026-03-02,Sonora,Parkinson,mujeres,2
2026-03-09,Sonora,Parkinson,general,3
2026-03-09,Sonora,Parkinson,hombres,1
2026-03-09,Sonora,Parkinson,mujeres,0
2026-03-16,Sonora,Parkinson,general,2
2026-03-16,Sonora,Parkinson,hombres,2
2026-03-16,Sonora,Parkinson,mujeres,0
2026-03-23,Sonora,Parkinson,general,1
2026-03-23,Sonora,Parkinson,hombres,2
2026-03-23,Sonora,Parkinson,mujeres,1
2026-03-30,Sonora,Parkinson,general,3
2026-03-30,Sonora,Parkinson,hombres,3
2026-03-30,Sonora,Parkinson,mujeres,2
2026-04-06,Sonora,Parkinson,general,5
2026-04-06,Sonora,Parkinson,hombres,3
2026-04-06,Sonora,Parkinson,mujeres,2
2026-04-13,Sonora,Parkinson,general,5
2026-04-13,Sonora,Parkinson,hombres,5
2026-04-13,Sonora,Parkinson,mujeres,2
2026-04-20,Sonora,Parkinson,general,3
2026-04-20,Sonora,Parkinson,hombres,4
2026-04-20,Sonora,Parkinson,mujeres,1
2026-04-27,Sonora,Parkinson,general,5
2026-04-27,Sonora,Parkinson,hombres,2
2026-04-27,Sonora,Parkinson,mujeres,2
2026-05-04,Sonora,Parkinson,general,1
2026-05-04,Sonora,Parkinson,hombres,5
2026-05-04,Sonora,Parkinson,mujeres,1
2026-05-11,Sonora,Parkinson,general,4
2026-05-11,Sonora,Parkinson,hombres,3
2026-05-11,Sonora,Parkinson,mujeres,1
2026-05-18,Sonora,Parkinson,general,3
2026-05-18,Sonora,Parkinson,hombres,1
2026-05-18,Sonora,Parkinson,mujeres,0
2026-05-25,Sonora,Parkinson,general,6
2026-05-25,Sonora,Parkinson,hombres,5
2026-05-25,Sonora,Parkinson,mujeres,1
2026-06-01,Sonora,Parkinson,general,2
2026-06-01,Sonora,Parkinson,hombres,1
2026-06-01,Sonora,Parkinson,mujeres,0
2026-06-08,Sonora,Parkinson,general,2
2026-06-08,Sonora,Parkinson,hombres,3
2026-06-08,Sonora,Parkinson,mujeres,0
2026-06-15,Sonora,Parkinson,general,2
2026-06-15,Sonora,Parkinson,hombres,4
2026-06-15,Sonora,Parkinson,mujeres,1
2026-06-22,Sonora,Parkinson,general,2
2026-06-22,Sonora,Parkinson,hombres,3
2026-06-22,Sonora,Parkinson,mujeres,2
2026-06-29,Sonora,Parkinson,general,2
2026-06-29,Sonora,Parkinson,hombres,2
2026-06-29,Sonora,Parkinson,mujeres,0
2026-07-06,Sonora,Parkinson,general,4
2026-07-06,Sonora,Parkinson,hombres,2
2026-07-06,Sonora,Parkinson,mujeres,1
2026-07-13,Sonora,Parkinson,general,2
2026-07-13,Sonora,Parkinson,hombres,1
2026-07-13,Sonora,Parkinson,mujeres,0
2026-07-20,Sonora,Parkinson,general,2
2026-07-20,Sonora,Parkinson,hombres,1
2026-07-20,Sonora,Parkinson,mujeres,0
2026-07-27,Sonora,Parkinson,general,1
2026-07-27,Sonora,Parkinson,hombres,1
2026-07-27,Sonora,Parkinson,mujeres,0
2026-08-03,Sonora,Parkinson,general,1
2026-08-03,Sonora,Parkinson,hombres,2
2026-08-03,Sonora,Parkinson,mujeres,0
2026-08-10,Sonora,Parkinson,general,4
2026-08-10,Sonora,Parkinson,hombres,2
2026-08-10,Sonora,Parkinson,mujeres,0
2026-08-17,Sonora,Parkinson,general,1
2026-08-17,Sonora,Parkinson,hombres,1
2026-08-17,Sonora,Parkinson,mujeres,0
2026-08-24,Sonora,Parkinson,general,5
2026-08-24,Sonora,Parkinson,hombres,1
2026-08-24,Sonora,Parkinson,mujeres,1
2026-08-31,Sonora,Parkinson,general,2
2026-08-31,Sonora,Parkinson,hombres,1
2026-08-31,Sonora,Parkinson,mujeres,1
2026-09-07,Sonora,Parkinson,general,5
2026-09-07,Sonora,Parkinson,hombres,2
2026-09-07,Sonora,Parkinson,mujeres,2
2026-09-14,Sonora,Parkinson,general,1
2026-09-14,Sonora,Parkinson,hombres,2
2026-09-14,Sonora,Parkinson,mujeres,0
2026-09-21,Sonora,Parkinson,general,2
2026-09-21,Sonora,Parkinson,hombres,0
2026-09-21,Sonora,Parkinson,mujeres,0
2026-09-28,Sonora,Parkinson,general,1
2026-09-28,Sonora,Parkinson,hombres,2
2026-09-28,Sonora,Parkinson,mujeres,0
2026-10-05,Sonora,Parkinson,general,5
2026-10-05,Sonora,Parkinson,hombres,1
2026-10-05,Sonora,Parkinson,mujeres,1
2026-10-12,Sonora,Parkinson,general,4
2026-10-12,Sonora,Parkinson,hombres,2
2026-10-12,Sonora,Parkinson,mujeres,0
2026-10-19,Sonora,Parkinson,general,3
2026-10-19,Sonora,Parkinson,hombres,1
2026-10-19,Sonora,Parkinson,mujeres,1
2026-10-26,Sonora,Parkinson,general,3
2026-10-26,Sonora,Parkinson,hombres,2
2026-10-26,Sonora,Parkinson,mujeres,0
2026-11-02,Sonora,Parkinson,general,2
2026-11-02,Sonora,Parkinson,hombres,1
2026-11-02,Sonora,Parkinson,mujeres,0
2026-11-09,Sonora,Parkinson,general,4
2026-11-09,Sonora,Parkinson,hombres,3
2026-11-09,Sonora,Parkinson,mujeres,1
2026-11-16,Sonora,Parkinson,general,2
2026-11-16,Sonora,Parkinson,hombres,1
2026-11-16,Sonora,Parkinson,mujeres,1
2026-11-23,Sonora,Parkinson,general,3
2026-11-23,Sonora,Parkinson,hombres,1
2026-11-23,Sonora,Parkinson,mujeres,0
2026-11-30,Sonora,Parkinson,general,3
2026-11-30,Sonora,Parkinson,hombres,2
2026-11-30,Sonora,Parkinson,mujeres,0
2026-12-07,Sonora,Parkinson,general,3
2026-12-07,Sonora,Parkinson,hombres,2
2026-12-07,Sonora,Parkinson,mujeres,0
2026-12-14,Sonora,Parkinson,general,2
2026-12-14,Sonora,Parkinson,hombres,0
2026-12-14,Sonora,Parkinson,mujeres,0
2026-12-21,Sonora,Parkinson,general,3
2026-12-21,Sonora,Parkinson,hombres,1
2026-12-21,Sonora,Parkinson,mujeres,0
2026-12-28,Sonora,Parkinson,general,3
2026-12-28,Sonora,Parkinson,hombres,2
2026-12-28,Sonora,Parkinson,mujeres,0
2027-01-04,Sonora,Parkinson,general,4
2027-01-04,Sonora,Parkinson,hombres,1
2027-01-04,Sonora,Parkinson,mujeres,0
2027-01-11,Sonora,Parkinson,general,4
2027-01-11,Sonora,Parkinson,hombres,3
2027-01-11,Sonora,Parkinson,mujeres,1
2027-01-18,Sonora,Parkinson,general,2
2027-01-18,Sonora,Parkinson,hombres,1
2027-01-18,Sonora,Parkinson,mujeres,0
2027-01-25,Sonora,Parkinson,general,3
2027-01-25,Sonora,Parkinson,hombres,0
2027-01-25,Sonora,Parkinson,mujeres,1
2026-02-02,Tabasco,Parkinson,general,1
2026-02-02,Tabasco,Parkinson,hombres,2
2026-02-02,Tabasco,Parkinson,mujeres,2
2026-02-09,Tabasco,Parkinson,general,3
2026-02-09,Tabasco,Parkinson,hombres,3
2026-02-09,Tabasco,Parkinson,mujeres,2
2026-02-16,Tabasco,Parkinson,general,4
2026-02-16,Tabasco,Parkinson,hombres,2
2026-02-16,Tabasco,Parkinson,mujeres,2
2026-02-23,Tabasco,Parkinson,general,4
2026-02-23,Tabasco,Parkinson,hombres,3
2026-02-23,Tabasco,Parkinson,mujeres,2
2026-03-02,Tabasco,Parkinson,general,2
2026-03-02,Tabasco,Parkinson,hombres,1
2026-03-02,Tabasco,Parkinson,mujeres,2
2026-03-09,Tabasco,Parkinson,general,2
2026-03-09,Tabasco,Parkinson,hombres,2
2026-03-09,Tabasco,Parkinson,mujeres,2
2026-03-16,Tabasco,Parkinson,general,1
2026-03-16,Tabasco,Parkinson,hombres,2
2026-03-16,Tabasco,Parkinson,mujeres,2
2026-03-23,Tabasco,Parkinson,general,2
2026-03-23,Tabasco,Parkinson,hombres,1
2026-03-23,Tabasco,Parkinson,mujeres,2
2026-03-30,Tabasco,Parkinson,general,1
2026-03-30,Tabasco,Parkinson,hombres,1
2026-03-30,Tabasco,Parkinson,mujeres,2
2026-04-06,Tabasco,Parkinson,general,2
2026-04-06,Tabasco,Parkinson,hombres,0
2026-04-06,Tabasco,Parkinson,mujeres,2
2026-04-13,Tabasco,Parkinson,general,5
2026-04-13,Tabasco,Parkinson,hombres,0
2026-04-13,Tabasco,Parkinson,mujeres,2
2026-04-20,Tabasco,Parkinson,general,8
2026-04-20,Tabasco,Parkinson,hombres,3
2026-04-20,Tabasco,Parkinson,mujeres,2
2026-04-27,Tabasco,Parkinson,general,8
2026-04-27,Tabasco,Parkinson,hombres,1
2026-04-27,Tabasco,Parkinson,mujeres,2
2026-05-04,Tabasco,Parkinson,general,1
2026-05-04,Tabasco,Parkinson,hombres,3
2026-05-04,Tabasco,Parkinson,mujeres,2
2026-05-11,Tabasco,Parkinson,general,2
2026-05-11,Tabasco,Parkinson,hombres,1
2026-05-11,Tabasco,Parkinson,mujeres,2
2026-05-18,Tabasco,Parkinson,general,2
2026-05-18,Tabasco,Parkinson,hombres,2
2026-05-18,Tabasco,Parkinson,mujeres,2
2026-05-25,Tabasco,Parkinson,general,3
2026-05-25,Tabasco,Parkinson,hombres,3
2026-05-25,Tabasco,Parkinson,mujeres,2
2026-06-01,Tabasco,Parkinson,general,3
2026-06-01,Tabasco,Parkinson,hombres,3
2026-06-01,Tabasco,Parkinson,mujeres,2
2026-06-08,Tabasco,Parkinson,general,5
2026-06-08,Tabasco,Parkinson,hombres,0
2026-06-08,Tabasco,Parkinson,mujeres,2
2026-06-15,Tabasco,Parkinson,general,4
2026-06-15,Tabasco,Parkinson,hombres,1
2026-06-15,Tabasco,Parkinson,mujeres,2
2026-06-22,Tabasco,Parkinson,general,4
2026-06-22,Tabasco,Parkinson,hombres,1
2026-06-22,Tabasco,Parkinson,mujeres,2
2026-06-29,Tabasco,Parkinson,general,2
2026-06-29,Tabasco,Parkinson,hombres,0
2026-06-29,Tabasco,Parkinson,mujeres,2
2026-07-06,Tabasco,Parkinson,general,2
2026-07-06,Tabasco,Parkinson,hombres,2
2026-07-06,Tabasco,Parkinson,mujeres,2
2026-07-13,Tabasco,Parkinson,general,3
2026-07-13,Tabasco,Parkinson,hombres,0
2026-07-13,Tabasco,Parkinson,mujeres,2
2026-07-20,Tabasco,Parkinson,general,4
2026-07-20,Tabasco,Parkinson,hombres,2
2026-07-20,Tabasco,Parkinson,mujeres,2
2026-07-27,Tabasco,Parkinson,general,2
2026-07-27,Tabasco,Parkinson,hombres,1
2026-07-27,Tabasco,Parkinson,mujeres,2
2026-08-03,Tabasco,Parkinson,general,5
2026-08-03,Tabasco,Parkinson,hombres,3
2026-08-03,Tabasco,Parkinson,mujeres,2
2026-08-10,Tabasco,Parkinson,general,3
2026-08-10,Tabasco,Parkinson,hombres,2
2026-08-10,Tabasco,Parkinson,mujeres,2
2026-08-17,Tabasco,Parkinson,general,6
2026-08-17,Tabasco,Parkinson,hombres,2
2026-08-17,Tabasco,Parkinson,mujeres,2
2026-08-24,Tabasco,Parkinson,general,4
2026-08-24,Tabasco,Parkinson,hombres,2
2026-08-24,Tabasco,Parkinson,mujeres,2
2026-08-31,Tabasco,Parkinson,general,4
2026-08-31,Tabasco,Parkinson,hombres,1
2026-08-31,Tabasco,Parkinson,mujeres,2
2026-09-07,Tabasco,Parkinson,general,2
2026-09-07,Tabasco,Parkinson,hombres,2
2026-09-07,Tabasco,Parkinson,mujeres,2
2026-09-14,Tabasco,Parkinson,general,1
2026-09-14,Tabasco,Parkinson,hombres,0
2026-09-14,Tabasco,Parkinson,mujeres,2
2026-09-21,Tabasco,Parkinson,general,1
2026-09-21,Tabasco,Parkinson,hombres,0
2026-09-21,Tabasco,Parkinson,mujeres,2
2026-09-28,Tabasco,Parkinson,general,0
2026-09-28,Tabasco,Parkinson,hombres,1
2026-09-28,Tabasco,Parkinson,mujeres,2
2026-10-05,Tabasco,Parkinson,general,1
2026-10-05,Tabasco,Parkinson,hombres,1
2026-10-05,Tabasco,Parkinson,mujeres,2
2026-10-12,Tabasco,Parkinson,general,3
2026-10-12,Tabasco,Parkinson,hombres,2
2026-10-12,Tabasco,Parkinson,mujeres,2
2026-10-19,Tabasco,Parkinson,general,4
2026-10-19,Tabasco,Parkinson,hombres,2
2026-10-19,Tabasco,Parkinson,mujeres,2
2026-10-26,Tabasco,Parkinson,general,1
2026-10-26,Tabasco,Parkinson,hombres,1
2026-10-26,Tabasco,Parkinson,mujeres,2
2026-11-02,Tabasco,Parkinson,general,2
2026-11-02,Tabasco,Parkinson,hombres,2
2026-11-02,Tabasco,Parkinson,mujeres,2
2026-11-09,Tabasco,Parkinson,general,1
2026-11-09,Tabasco,Parkinson,hombres,2
2026-11-09,Tabasco,Parkinson,mujeres,2
2026-11-16,Tabasco,Parkinson,general,1
2026-11-16,Tabasco,Parkinson,hombres,1
2026-11-16,Tabasco,Parkinson,mujeres,2
2026-11-23,Tabasco,Parkinson,general,2
2026-11-23,Tabasco,Parkinson,hombres,1
2026-11-23,Tabasco,Parkinson,mujeres,2
2026-11-30,Tabasco,Parkinson,general,2
2026-11-30,Tabasco,Parkinson,hombres,3
2026-11-30,Tabasco,Parkinson,mujeres,2
2026-12-07,Tabasco,Parkinson,general,2
2026-12-07,Tabasco,Parkinson,hombres,2
2026-12-07,Tabasco,Parkinson,mujeres,1
2026-12-14,Tabasco,Parkinson,general,1
2026-12-14,Tabasco,Parkinson,hombres,2
2026-12-14,Tabasco,Parkinson,mujeres,1
2026-12-21,Tabasco,Parkinson,general,1
2026-12-21,Tabasco,Parkinson,hombres,1
2026-12-21,Tabasco,Parkinson,mujeres,1
2026-12-28,Tabasco,Parkinson,general,1
2026-12-28,Tabasco,Parkinson,hombres,1
2026-12-28,Tabasco,Parkinson,mujeres,1
2027-01-04,Tabasco,Parkinson,general,1
2027-01-04,Tabasco,Parkinson,hombres,2
2027-01-04,Tabasco,Parkinson,mujeres,2
2027-01-11,Tabasco,Parkinson,general,1
2027-01-11,Tabasco,Parkinson,hombres,0
2027-01-11,Tabasco,Parkinson,mujeres,2
2027-01-18,Tabasco,Parkinson,general,1
2027-01-18,Tabasco,Parkinson,hombres,2
2027-01-18,Tabasco,Parkinson,mujeres,2
2027-01-25,Tabasco,Parkinson,general,2
2027-01-25,Tabasco,Parkinson,hombres,1
2027-01-25,Tabasco,Parkinson,mujeres,2
2026-02-02,Tamaulipas,Parkinson,general,6
2026-02-02,Tamaulipas,Parkinson,hombres,4
2026-02-02,Tamaulipas,Parkinson,mujeres,2
2026-02-09,Tamaulipas,Parkinson,general,10
2026-02-09,Tamaulipas,Parkinson,hombres,3
2026-02-09,Tamaulipas,Parkinson,mujeres,4
2026-02-16,Tamaulipas,Parkinson,general,12
2026-02-16,Tamaulipas,Parkinson,hombres,6
2026-02-16,Tamaulipas,Parkinson,mujeres,5
2026-02-23,Tamaulipas,Parkinson,general,8
2026-02-23,Tamaulipas,Parkinson,hombres,3
2026-02-23,Tamaulipas,Parkinson,mujeres,5
2026-03-02,Tamaulipas,Parkinson,general,8
2026-03-02,Tamaulipas,Parkinson,hombres,2
2026-03-02,Tamaulipas,Parkinson,mujeres,6
2026-03-09,Tamaulipas,Parkinson,general,7
2026-03-09,Tamaulipas,Parkinson,hombres,4
2026-03-09,Tamaulipas,Parkinson,mujeres,3
2026-03-16,Tamaulipas,Parkinson,general,6
2026-03-16,Tamaulipas,Parkinson,hombres,3
2026-03-16,Tamaulipas,Parkinson,mujeres,2
2026-03-23,Tamaulipas,Parkinson,general,8
2026-03-23,Tamaulipas,Parkinson,hombres,3
2026-03-23,Tamaulipas,Parkinson,mujeres,3
2026-03-30,Tamaulipas,Parkinson,general,10
2026-03-30,Tamaulipas,Parkinson,hombres,3
2026-03-30,Tamaulipas,Parkinson,mujeres,6
2026-04-06,Tamaulipas,Parkinson,general,5
2026-04-06,Tamaulipas,Parkinson,hombres,3
2026-04-06,Tamaulipas,Parkinson,mujeres,2
2026-04-13,Tamaulipas,Parkinson,general,5
2026-04-13,Tamaulipas,Parkinson,hombres,2
2026-04-13,Tamaulipas,Parkinson,mujeres,3
2026-04-20,Tamaulipas,Parkinson,general,4
2026-04-20,Tamaulipas,Parkinson,hombres,3
2026-04-20,Tamaulipas,Parkinson,mujeres,3
2026-04-27,Tamaulipas,Parkinson,general,5
2026-04-27,Tamaulipas,Parkinson,hombres,9
2026-04-27,Tamaulipas,Parkinson,mujeres,4
2026-05-04,Tamaulipas,Parkinson,general,7
2026-05-04,Tamaulipas,Parkinson,hombres,5
2026-05-04,Tamaulipas,Parkinson,mujeres,4
2026-05-11,Tamaulipas,Parkinson,general,7
2026-05-11,Tamaulipas,Parkinson,hombres,3
2026-05-11,Tamaulipas,Parkinson,mujeres,4
2026-05-18,Tamaulipas,Parkinson,general,4
2026-05-18,Tamaulipas,Parkinson,hombres,4
2026-05-18,Tamaulipas,Parkinson,mujeres,2
2026-05-25,Tamaulipas,Parkinson,general,9
2026-05-25,Tamaulipas,Parkinson,hombres,3
2026-05-25,Tamaulipas,Parkinson,mujeres,2
2026-06-01,Tamaulipas,Parkinson,general,8
2026-06-01,Tamaulipas,Parkinson,hombres,4
2026-06-01,Tamaulipas,Parkinson,mujeres,3
2026-06-08,Tamaulipas,Parkinson,general,5
2026-06-08,Tamaulipas,Parkinson,hombres,3
2026-06-08,Tamaulipas,Parkinson,mujeres,2
2026-06-15,Tamaulipas,Parkinson,general,6
2026-06-15,Tamaulipas,Parkinson,hombres,5
2026-06-15,Tamaulipas,Parkinson,mujeres,2
2026-06-22,Tamaulipas,Parkinson,general,3
2026-06-22,Tamaulipas,Parkinson,hombres,2
2026-06-22,Tamaulipas,Parkinson,mujeres,3
2026-06-29,Tamaulipas,Parkinson,general,5
2026-06-29,Tamaulipas,Parkinson,hombres,3
2026-06-29,Tamaulipas,Parkinson,mujeres,1
2026-07-06,Tamaulipas,Parkinson,general,5
2026-07-06,Tamaulipas,Parkinson,hombres,3
2026-07-06,Tamaulipas,Parkinson,mujeres,2
2026-07-13,Tamaulipas,Parkinson,general,5
2026-07-13,Tamaulipas,Parkinson,hombres,1
2026-07-13,Tamaulipas,Parkinson,mujeres,2
2026-07-20,Tamaulipas,Parkinson,general,3
2026-07-20,Tamaulipas,Parkinson,hombres,2
2026-07-20,Tamaulipas,Parkinson,mujeres,2
2026-07-27,Tamaulipas,Parkinson,general,5
2026-07-27,Tamaulipas,Parkinson,hombres,1
2026-07-27,Tamaulipas,Parkinson,mujeres,3
2026-08-03,Tamaulipas,Parkinson,general,5
2026-08-03,Tamaulipas,Parkinson,hombres,3
2026-08-03,Tamaulipas,Parkinson,mujeres,2
2026-08-10,Tamaulipas,Parkinson,general,4
2026-08-10,Tamaulipas,Parkinson,hombres,2
2026-08-10,Tamaulipas,Parkinson,mujeres,2
2026-08-17,Tamaulipas,Parkinson,general,9
2026-08-17,Tamaulipas,Parkinson,hombres,2
2026-08-17,Tamaulipas,Parkinson,mujeres,3
2026-08-24,Tamaulipas,Parkinson,general,4
2026-08-24,Tamaulipas,Parkinson,hombres,2
2026-08-24,Tamaulipas,Parkinson,mujeres,3
2026-08-31,Tamaulipas,Parkinson,general,5
2026-08-31,Tamaulipas,Parkinson,hombres,1
2026-08-31,Tamaulipas,Parkinson,mujeres,3
2026-09-07,Tamaulipas,Parkinson,general,6
2026-09-07,Tamaulipas,Parkinson,hombres,4
2026-09-07,Tamaulipas,Parkinson,mujeres,3
2026-09-14,Tamaulipas,Parkinson,general,6
2026-09-14,Tamaulipas,Parkinson,hombres,3
2026-09-14,Tamaulipas,Parkinson,mujeres,2
2026-09-21,Tamaulipas,Parkinson,general,3
2026-09-21,Tamaulipas,Parkinson,hombres,3
2026-09-21,Tamaulipas,Parkinson,mujeres,1
2026-09-28,Tamaulipas,Parkinson,general,6
2026-09-28,Tamaulipas,Parkinson,hombres,3
2026-09-28,Tamaulipas,Parkinson,mujeres,1
2026-10-05,Tamaulipas,Parkinson,general,5
2026-10-05,Tamaulipas,Parkinson,hombres,2
2026-10-05,Tamaulipas,Parkinson,mujeres,3
2026-10-12,Tamaulipas,Parkinson,general,5
2026-10-12,Tamaulipas,Parkinson,hombres,3
2026-10-12,Tamaulipas,Parkinson,mujeres,3
2026-10-19,Tamaulipas,Parkinson,general,5
2026-10-19,Tamaulipas,Parkinson,hombres,2
2026-10-19,Tamaulipas,Parkinson,mujeres,2
2026-10-26,Tamaulipas,Parkinson,general,3
2026-10-26,Tamaulipas,Parkinson,hombres,2
2026-10-26,Tamaulipas,Parkinson,mujeres,1
2026-11-02,Tamaulipas,Parkinson,general,2
2026-11-02,Tamaulipas,Parkinson,hombres,2
2026-11-02,Tamaulipas,Parkinson,mujeres,3
2026-11-09,Tamaulipas,Parkinson,general,4
2026-11-09,Tamaulipas,Parkinson,hombres,2
2026-11-09,Tamaulipas,Parkinson,mujeres,3
2026-11-16,Tamaulipas,Parkinson,general,8
2026-11-16,Tamaulipas,Parkinson,hombres,2
2026-11-16,Tamaulipas,Parkinson,mujeres,3
2026-11-23,Tamaulipas,Parkinson,general,3
2026-11-23,Tamaulipas,Parkinson,hombres,2
2026-11-23,Tamaulipas,Parkinson,mujeres,4
2026-11-30,Tamaulipas,Parkinson,general,6
2026-11-30,Tamaulipas,Parkinson,hombres,2
2026-11-30,Tamaulipas,Parkinson,mujeres,2
2026-12-07,Tamaulipas,Parkinson,general,5
2026-12-07,Tamaulipas,Parkinson,hombres,2
2026-12-07,Tamaulipas,Parkinson,mujeres,1
2026-12-14,Tamaulipas,Parkinson,general,4
2026-12-14,Tamaulipas,Parkinson,hombres,2
2026-12-14,Tamaulipas,Parkinson,mujeres,1
2026-12-21,Tamaulipas,Parkinson,general,6
2026-12-21,Tamaulipas,Parkinson,hombres,2
2026-12-21,Tamaulipas,Parkinson,mujeres,2
2026-12-28,Tamaulipas,Parkinson,general,5
2026-12-28,Tamaulipas,Parkinson,hombres,3
2026-12-28,Tamaulipas,Parkinson,mujeres,2
2027-01-04,Tamaulipas,Parkinson,general,6
2027-01-04,Tamaulipas,Parkinson,hombres,2
2027-01-04,Tamaulipas,Parkinson,mujeres,2
2027-01-11,Tamaulipas,Parkinson,general,6
2027-01-11,Tamaulipas,Parkinson,hombres,1
2027-01-11,Tamaulipas,Parkinson,mujeres,1
2027-01-18,Tamaulipas,Parkinson,general,5
2027-01-18,Tamaulipas,Parkinson,hombres,4
2027-01-18,Tamaulipas,Parkinson,mujeres,3
2027-01-25,Tamaulipas,Parkinson,general,5
2027-01-25,Tamaulipas,Parkinson,hombres,7
2027-01-25,Tamaulipas,Parkinson,mujeres,4
2026-02-02,Tlaxcala,Parkinson,general,1
2026-02-02,Tlaxcala,Parkinson,hombres,0
2026-02-02,Tlaxcala,Parkinson,mujeres,0
2026-02-09,Tlaxcala,Parkinson,general,1
2026-02-09,Tlaxcala,Parkinson,hombres,0
2026-02-09,Tlaxcala,Parkinson,mujeres,1
2026-02-16,Tlaxcala,Parkinson,general,1
2026-02-16,Tlaxcala,Parkinson,hombres,0
2026-02-16,Tlaxcala,Parkinson,mujeres,1
2026-02-23,Tlaxcala,Parkinson,general,1
2026-02-23,Tlaxcala,Parkinson,hombres,0
2026-02-23,Tlaxcala,Parkinson,mujeres,1
2026-03-02,Tlaxcala,Parkinson,general,1
2026-03-02,Tlaxcala,Parkinson,hombres,0
2026-03-02,Tlaxcala,Parkinson,mujeres,1
2026-03-09,Tlaxcala,Parkinson,general,1
2026-03-09,Tlaxcala,Parkinson,hombres,0
2026-03-09,Tlaxcala,Parkinson,mujeres,1
2026-03-16,Tlaxcala,Parkinson,general,1
2026-03-16,Tlaxcala,Parkinson,hombres,0
2026-03-16,Tlaxcala,Parkinson,mujeres,1
2026-03-23,Tlaxcala,Parkinson,general,1
2026-03-23,Tlaxcala,Parkinson,hombres,0
2026-03-23,Tlaxcala,Parkinson,mujeres,1
2026-03-30,Tlaxcala,Parkinson,general,1
2026-03-30,Tlaxcala,Parkinson,hombres,0
2026-03-30,Tlaxcala,Parkinson,mujeres,1
2026-04-06,Tlaxcala,Parkinson,general,1
2026-04-06,Tlaxcala,Parkinson,hombres,0
2026-04-06,Tlaxcala,Parkinson,mujeres,1
2026-04-13,Tlaxcala,Parkinson,general,1
2026-04-13,Tlaxcala,Parkinson,hombres,1
2026-04-13,Tlaxcala,Parkinson,mujeres,1
2026-04-20,Tlaxcala,Parkinson,general,1
2026-04-20,Tlaxcala,Parkinson,hombres,1
2026-04-20,Tlaxcala,Parkinson,mujeres,1
2026-04-27,Tlaxcala,Parkinson,general,1
2026-04-27,Tlaxcala,Parkinson,hombres,1
2026-04-27,Tlaxcala,Parkinson,mujeres,1
2026-05-04,Tlaxcala,Parkinson,general,1
2026-05-04,Tlaxcala,Parkinson,hombres,1
2026-05-04,Tlaxcala,Parkinson,mujeres,1
2026-05-11,Tlaxcala,Parkinson,general,1
2026-05-11,Tlaxcala,Parkinson,hombres,1
2026-05-11,Tlaxcala,Parkinson,mujeres,0
2026-05-18,Tlaxcala,Parkinson,general,1
2026-05-18,Tlaxcala,Parkinson,hombres,1
2026-05-18,Tlaxcala,Parkinson,mujeres,0
2026-05-25,Tlaxcala,Parkinson,general,1
2026-05-25,Tlaxcala,Parkinson,hombres,1
2026-05-25,Tlaxcala,Parkinson,mujeres,0
2026-06-01,Tlaxcala,Parkinson,general,1
2026-06-01,Tlaxcala,Parkinson,hombres,1
2026-06-01,Tlaxcala,Parkinson,mujeres,0
2026-06-08,Tlaxcala,Parkinson,general,1
2026-06-08,Tlaxcala,Parkinson,hombres,0
2026-06-08,Tlaxcala,Parkinson,mujeres,1
2026-06-15,Tlaxcala,Parkinson,general,1
2026-06-15,Tlaxcala,Parkinson,hombres,0
2026-06-15,Tlaxcala,Parkinson,mujeres,1
2026-06-22,Tlaxcala,Parkinson,general,1
2026-06-22,Tlaxcala,Parkinson,hombres,0
2026-06-22,Tlaxcala,Parkinson,mujeres,1
2026-06-29,Tlaxcala,Parkinson,general,1
2026-06-29,Tlaxcala,Parkinson,hombres,0
2026-06-29,Tlaxcala,Parkinson,mujeres,1
2026-07-06,Tlaxcala,Parkinson,general,1
2026-07-06,Tlaxcala,Parkinson,hombres,0
2026-07-06,Tlaxcala,Parkinson,mujeres,1
2026-07-13,Tlaxcala,Parkinson,general,1
2026-07-13,Tlaxcala,Parkinson,hombres,0
2026-07-13,Tlaxcala,Parkinson,mujeres,1
2026-07-20,Tlaxcala,Parkinson,general,1
2026-07-20,Tlaxcala,Parkinson,hombres,0
2026-07-20,Tlaxcala,Parkinson,mujeres,1
2026-07-27,Tlaxcala,Parkinson,general,1
2026-07-27,Tlaxcala,Parkinson,hombres,0
2026-07-27,Tlaxcala,Parkinson,mujeres,1
2026-08-03,Tlaxcala,Parkinson,general,1
2026-08-03,Tlaxcala,Parkinson,hombres,0
2026-08-03,Tlaxcala,Parkinson,mujeres,1
2026-08-10,Tlaxcala,Parkinson,general,1
2026-08-10,Tlaxcala,Parkinson,hombres,0
2026-08-10,Tlaxcala,Parkinson,mujeres,1
2026-08-17,Tlaxcala,Parkinson,general,1
2026-08-17,Tlaxcala,Parkinson,hombres,0
2026-08-17,Tlaxcala,Parkinson,mujeres,1
2026-08-24,Tlaxcala,Parkinson,general,1
2026-08-24,Tlaxcala,Parkinson,hombres,0
2026-08-24,Tlaxcala,Parkinson,mujeres,1
2026-08-31,Tlaxcala,Parkinson,general,1
2026-08-31,Tlaxcala,Parkinson,hombres,0
2026-08-31,Tlaxcala,Parkinson,mujeres,1
2026-09-07,Tlaxcala,Parkinson,general,1
2026-09-07,Tlaxcala,Parkinson,hombres,0
2026-09-07,Tlaxcala,Parkinson,mujeres,1
2026-09-14,Tlaxcala,Parkinson,general,1
2026-09-14,Tlaxcala,Parkinson,hombres,0
2026-09-14,Tlaxcala,Parkinson,mujeres,1
2026-09-21,Tlaxcala,Parkinson,general,1
2026-09-21,Tlaxcala,Parkinson,hombres,0
2026-09-21,Tlaxcala,Parkinson,mujeres,1
2026-09-28,Tlaxcala,Parkinson,general,1
2026-09-28,Tlaxcala,Parkinson,hombres,0
2026-09-28,Tlaxcala,Parkinson,mujeres,1
2026-10-05,Tlaxcala,Parkinson,general,1
2026-10-05,Tlaxcala,Parkinson,hombres,0
2026-10-05,Tlaxcala,Parkinson,mujeres,1
2026-10-12,Tlaxcala,Parkinson,general,1
2026-10-12,Tlaxcala,Parkinson,hombres,0
2026-10-12,Tlaxcala,Parkinson,mujeres,0
2026-10-19,Tlaxcala,Parkinson,general,1
2026-10-19,Tlaxcala,Parkinson,hombres,0
2026-10-19,Tlaxcala,Parkinson,mujeres,0
2026-10-26,Tlaxcala,Parkinson,general,1
2026-10-26,Tlaxcala,Parkinson,hombres,0
2026-10-26,Tlaxcala,Parkinson,mujeres,0
2026-11-02,Tlaxcala,Parkinson,general,1
2026-11-02,Tlaxcala,Parkinson,hombres,0
2026-11-02,Tlaxcala,Parkinson,mujeres,0
2026-11-09,Tlaxcala,Parkinson,general,1
2026-11-09,Tlaxcala,Parkinson,hombres,0
2026-11-09,Tlaxcala,Parkinson,mujeres,0
2026-11-16,Tlaxcala,Parkinson,general,1
2026-11-16,Tlaxcala,Parkinson,hombres,0
2026-11-16,Tlaxcala,Parkinson,mujeres,0
2026-11-23,Tlaxcala,Parkinson,general,1
2026-11-23,Tlaxcala,Parkinson,hombres,0
2026-11-23,Tlaxcala,Parkinson,mujeres,0
2026-11-30,Tlaxcala,Parkinson,general,1
2026-11-30,Tlaxcala,Parkinson,hombres,0
2026-11-30,Tlaxcala,Parkinson,mujeres,1
2026-12-07,Tlaxcala,Parkinson,general,1
2026-12-07,Tlaxcala,Parkinson,hombres,0
2026-12-07,Tlaxcala,Parkinson,mujeres,1
2026-12-14,Tlaxcala,Parkinson,general,1
2026-12-14,Tlaxcala,Parkinson,hombres,0
2026-12-14,Tlaxcala,Parkinson,mujeres,0
2026-12-21,Tlaxcala,Parkinson,general,1
2026-12-21,Tlaxcala,Parkinson,hombres,0
2026-12-21,Tlaxcala,Parkinson,mujeres,0
2026-12-28,Tlaxcala,Parkinson,general,1
2026-12-28,Tlaxcala,Parkinson,hombres,0
2026-12-28,Tlaxcala,Parkinson,mujeres,0
2027-01-04,Tlaxcala,Parkinson,general,1
2027-01-04,Tlaxcala,Parkinson,hombres,0
2027-01-04,Tlaxcala,Parkinson,mujeres,0
2027-01-11,Tlaxcala,Parkinson,general,1
2027-01-11,Tlaxcala,Parkinson,hombres,0
2027-01-11,Tlaxcala,Parkinson,mujeres,0
2027-01-18,Tlaxcala,Parkinson,general,1
2027-01-18,Tlaxcala,Parkinson,hombres,0
2027-01-18,Tlaxcala,Parkinson,mujeres,0
2027-01-25,Tlaxcala,Parkinson,general,1
2027-01-25,Tlaxcala,Parkinson,hombres,0
2027-01-25,Tlaxcala,Parkinson,mujeres,0
2026-02-02,Veracruz,Parkinson,general,12
2026-02-02,Veracruz,Parkinson,hombres,5
2026-02-02,Veracruz,Parkinson,mujeres,6
2026-02-09,Veracruz,Parkinson,general,18
2026-02-09,Veracruz,Parkinson,hombres,12
2026-02-09,Veracruz,Parkinson,mujeres,9
2026-02-16,Veracruz,Parkinson,general,16
2026-02-16,Veracruz,Parkinson,hombres,6
2026-02-16,Veracruz,Parkinson,mujeres,5
2026-02-23,Veracruz,Parkinson,general,14
2026-02-23,Veracruz,Parkinson,hombres,10
2026-02-23,Veracruz,Parkinson,mujeres,8
2026-03-02,Veracruz,Parkinson,general,15
2026-03-02,Veracruz,Parkinson,hombres,5
2026-03-02,Veracruz,Parkinson,mujeres,9
2026-03-09,Veracruz,Parkinson,general,13
2026-03-09,Veracruz,Parkinson,hombres,11
2026-03-09,Veracruz,Parkinson,mujeres,6
2026-03-16,Veracruz,Parkinson,general,11
2026-03-16,Veracruz,Parkinson,hombres,10
2026-03-16,Veracruz,Parkinson,mujeres,4
2026-03-23,Veracruz,Parkinson,general,14
2026-03-23,Veracruz,Parkinson,hombres,5
2026-03-23,Veracruz,Parkinson,mujeres,7
2026-03-30,Veracruz,Parkinson,general,14
2026-03-30,Veracruz,Parkinson,hombres,8
2026-03-30,Veracruz,Parkinson,mujeres,7
2026-04-06,Veracruz,Parkinson,general,16
2026-04-06,Veracruz,Parkinson,hombres,5
2026-04-06,Veracruz,Parkinson,mujeres,3
2026-04-13,Veracruz,Parkinson,general,12
2026-04-13,Veracruz,Parkinson,hombres,10
2026-04-13,Veracruz,Parkinson,mujeres,7
2026-04-20,Veracruz,Parkinson,general,11
2026-04-20,Veracruz,Parkinson,hombres,4
2026-04-20,Veracruz,Parkinson,mujeres,4
2026-04-27,Veracruz,Parkinson,general,13
2026-04-27,Veracruz,Parkinson,hombres,3
2026-04-27,Veracruz,Parkinson,mujeres,5
2026-05-04,Veracruz,Parkinson,general,11
2026-05-04,Veracruz,Parkinson,hombres,9
2026-05-04,Veracruz,Parkinson,mujeres,5
2026-05-11,Veracruz,Parkinson,general,16
2026-05-11,Veracruz,Parkinson,hombres,9
2026-05-11,Veracruz,Parkinson,mujeres,8
2026-05-18,Veracruz,Parkinson,general,17
2026-05-18,Veracruz,Parkinson,hombres,12
2026-05-18,Veracruz,Parkinson,mujeres,6
2026-05-25,Veracruz,Parkinson,general,13
2026-05-25,Veracruz,Parkinson,hombres,8
2026-05-25,Veracruz,Parkinson,mujeres,6
2026-06-01,Veracruz,Parkinson,general,17
2026-06-01,Veracruz,Parkinson,hombres,11
2026-06-01,Veracruz,Parkinson,mujeres,7
2026-06-08,Veracruz,Parkinson,general,15
2026-06-08,Veracruz,Parkinson,hombres,7
2026-06-08,Veracruz,Parkinson,mujeres,7
2026-06-15,Veracruz,Parkinson,general,16
2026-06-15,Veracruz,Parkinson,hombres,6
2026-06-15,Veracruz,Parkinson,mujeres,6
2026-06-22,Veracruz,Parkinson,general,13
2026-06-22,Veracruz,Parkinson,hombres,10
2026-06-22,Veracruz,Parkinson,mujeres,6
2026-06-29,Veracruz,Parkinson,general,13
2026-06-29,Veracruz,Parkinson,hombres,5
2026-06-29,Veracruz,Parkinson,mujeres,6
2026-07-06,Veracruz,Parkinson,general,14
2026-07-06,Veracruz,Parkinson,hombres,12
2026-07-06,Veracruz,Parkinson,mujeres,5
2026-07-13,Veracruz,Parkinson,general,17
2026-07-13,Veracruz,Parkinson,hombres,5
2026-07-13,Veracruz,Parkinson,mujeres,5
2026-07-20,Veracruz,Parkinson,general,16
2026-07-20,Veracruz,Parkinson,hombres,11
2026-07-20,Veracruz,Parkinson,mujeres,5
2026-07-27,Veracruz,Parkinson,general,12
2026-07-27,Veracruz,Parkinson,hombres,5
2026-07-27,Veracruz,Parkinson,mujeres,7
2026-08-03,Veracruz,Parkinson,general,15
2026-08-03,Veracruz,Parkinson,hombres,10
2026-08-03,Veracruz,Parkinson,mujeres,5
2026-08-10,Veracruz,Parkinson,general,15
2026-08-10,Veracruz,Parkinson,hombres,7
2026-08-10,Veracruz,Parkinson,mujeres,4
2026-08-17,Veracruz,Parkinson,general,17
2026-08-17,Veracruz,Parkinson,hombres,12
2026-08-17,Veracruz,Parkinson,mujeres,7
2026-08-24,Veracruz,Parkinson,general,17
2026-08-24,Veracruz,Parkinson,hombres,7
2026-08-24,Veracruz,Parkinson,mujeres,7
2026-08-31,Veracruz,Parkinson,general,15
2026-08-31,Veracruz,Parkinson,hombres,8
2026-08-31,Veracruz,Parkinson,mujeres,7
2026-09-07,Veracruz,Parkinson,general,14
2026-09-07,Veracruz,Parkinson,hombres,4
2026-09-07,Veracruz,Parkinson,mujeres,3
2026-09-14,Veracruz,Parkinson,general,18
2026-09-14,Veracruz,Parkinson,hombres,13
2026-09-14,Veracruz,Parkinson,mujeres,5
2026-09-21,Veracruz,Parkinson,general,14
2026-09-21,Veracruz,Parkinson,hombres,6
2026-09-21,Veracruz,Parkinson,mujeres,8
2026-09-28,Veracruz,Parkinson,general,15
2026-09-28,Veracruz,Parkinson,hombres,11
2026-09-28,Veracruz,Parkinson,mujeres,7
2026-10-05,Veracruz,Parkinson,general,11
2026-10-05,Veracruz,Parkinson,hombres,8
2026-10-05,Veracruz,Parkinson,mujeres,4
2026-10-12,Veracruz,Parkinson,general,17
2026-10-12,Veracruz,Parkinson,hombres,6
2026-10-12,Veracruz,Parkinson,mujeres,3
2026-10-19,Veracruz,Parkinson,general,13
2026-10-19,Veracruz,Parkinson,hombres,7
2026-10-19,Veracruz,Parkinson,mujeres,6
2026-10-26,Veracruz,Parkinson,general,17
2026-10-26,Veracruz,Parkinson,hombres,11
2026-10-26,Veracruz,Parkinson,mujeres,6
2026-11-02,Veracruz,Parkinson,general,13
2026-11-02,Veracruz,Parkinson,hombres,9
2026-11-02,Veracruz,Parkinson,mujeres,5
2026-11-09,Veracruz,Parkinson,general,17
2026-11-09,Veracruz,Parkinson,hombres,7
2026-11-09,Veracruz,Parkinson,mujeres,9
2026-11-16,Veracruz,Parkinson,general,9
2026-11-16,Veracruz,Parkinson,hombres,10
2026-11-16,Veracruz,Parkinson,mujeres,7
2026-11-23,Veracruz,Parkinson,general,15
2026-11-23,Veracruz,Parkinson,hombres,5
2026-11-23,Veracruz,Parkinson,mujeres,5
2026-11-30,Veracruz,Parkinson,general,12
2026-11-30,Veracruz,Parkinson,hombres,4
2026-11-30,Veracruz,Parkinson,mujeres,6
2026-12-07,Veracruz,Parkinson,general,14
2026-12-07,Veracruz,Parkinson,hombres,10
2026-12-07,Veracruz,Parkinson,mujeres,9
2026-12-14,Veracruz,Parkinson,general,10
2026-12-14,Veracruz,Parkinson,hombres,4
2026-12-14,Veracruz,Parkinson,mujeres,6
2026-12-21,Veracruz,Parkinson,general,9
2026-12-21,Veracruz,Parkinson,hombres,10
2026-12-21,Veracruz,Parkinson,mujeres,5
2026-12-28,Veracruz,Parkinson,general,8
2026-12-28,Veracruz,Parkinson,hombres,4
2026-12-28,Veracruz,Parkinson,mujeres,6
2027-01-04,Veracruz,Parkinson,general,13
2027-01-04,Veracruz,Parkinson,hombres,6
2027-01-04,Veracruz,Parkinson,mujeres,7
2027-01-11,Veracruz,Parkinson,general,15
2027-01-11,Veracruz,Parkinson,hombres,12
2027-01-11,Veracruz,Parkinson,mujeres,8
2027-01-18,Veracruz,Parkinson,general,17
2027-01-18,Veracruz,Parkinson,hombres,11
2027-01-18,Veracruz,Parkinson,mujeres,5
2027-01-25,Veracruz,Parkinson,general,16
2027-01-25,Veracruz,Parkinson,hombres,6
2027-01-25,Veracruz,Parkinson,mujeres,6
2026-02-02,Yucatán,Parkinson,general,2
2026-02-02,Yucatán,Parkinson,hombres,3
2026-02-02,Yucatán,Parkinson,mujeres,2
2026-02-09,Yucatán,Parkinson,general,4
2026-02-09,Yucatán,Parkinson,hombres,1
2026-02-09,Yucatán,Parkinson,mujeres,2
2026-02-16,Yucatán,Parkinson,general,4
2026-02-16,Yucatán,Parkinson,hombres,1
2026-02-16,Yucatán,Parkinson,mujeres,3
2026-02-23,Yucatán,Parkinson,general,3
2026-02-23,Yucatán,Parkinson,hombres,2
2026-02-23,Yucatán,Parkinson,mujeres,1
2026-03-02,Yucatán,Parkinson,general,5
2026-03-02,Yucatán,Parkinson,hombres,5
2026-03-02,Yucatán,Parkinson,mujeres,1
2026-03-09,Yucatán,Parkinson,general,4
2026-03-09,Yucatán,Parkinson,hombres,3
2026-03-09,Yucatán,Parkinson,mujeres,0
2026-03-16,Yucatán,Parkinson,general,3
2026-03-16,Yucatán,Parkinson,hombres,2
2026-03-16,Yucatán,Parkinson,mujeres,0
2026-03-23,Yucatán,Parkinson,general,4
2026-03-23,Yucatán,Parkinson,hombres,2
2026-03-23,Yucatán,Parkinson,mujeres,2
2026-03-30,Yucatán,Parkinson,general,4
2026-03-30,Yucatán,Parkinson,hombres,3
2026-03-30,Yucatán,Parkinson,mujeres,0
2026-04-06,Yucatán,Parkinson,general,4
2026-04-06,Yucatán,Parkinson,hombres,3
2026-04-06,Yucatán,Parkinson,mujeres,0
2026-04-13,Yucatán,Parkinson,general,4
2026-04-13,Yucatán,Parkinson,hombres,5
2026-04-13,Yucatán,Parkinson,mujeres,1
2026-04-20,Yucatán,Parkinson,general,4
2026-04-20,Yucatán,Parkinson,hombres,4
2026-04-20,Yucatán,Parkinson,mujeres,0
2026-04-27,Yucatán,Parkinson,general,3
2026-04-27,Yucatán,Parkinson,hombres,5
2026-04-27,Yucatán,Parkinson,mujeres,0
2026-05-04,Yucatán,Parkinson,general,2
2026-05-04,Yucatán,Parkinson,hombres,5
2026-05-04,Yucatán,Parkinson,mujeres,0
2026-05-11,Yucatán,Parkinson,general,2
2026-05-11,Yucatán,Parkinson,hombres,4
2026-05-11,Yucatán,Parkinson,mujeres,0
2026-05-18,Yucatán,Parkinson,general,1
2026-05-18,Yucatán,Parkinson,hombres,4
2026-05-18,Yucatán,Parkinson,mujeres,0
2026-05-25,Yucatán,Parkinson,general,1
2026-05-25,Yucatán,Parkinson,hombres,3
2026-05-25,Yucatán,Parkinson,mujeres,0
2026-06-01,Yucatán,Parkinson,general,5
2026-06-01,Yucatán,Parkinson,hombres,3
2026-06-01,Yucatán,Parkinson,mujeres,0
2026-06-08,Yucatán,Parkinson,general,5
2026-06-08,Yucatán,Parkinson,hombres,4
2026-06-08,Yucatán,Parkinson,mujeres,0
2026-06-15,Yucatán,Parkinson,general,4
2026-06-15,Yucatán,Parkinson,hombres,5
2026-06-15,Yucatán,Parkinson,mujeres,0
2026-06-22,Yucatán,Parkinson,general,3
2026-06-22,Yucatán,Parkinson,hombres,4
2026-06-22,Yucatán,Parkinson,mujeres,0
2026-06-29,Yucatán,Parkinson,general,1
2026-06-29,Yucatán,Parkinson,hombres,5
2026-06-29,Yucatán,Parkinson,mujeres,0
2026-07-06,Yucatán,Parkinson,general,1
2026-07-06,Yucatán,Parkinson,hombres,3
2026-07-06,Yucatán,Parkinson,mujeres,0
2026-07-13,Yucatán,Parkinson,general,3
2026-07-13,Yucatán,Parkinson,hombres,3
2026-07-13,Yucatán,Parkinson,mujeres,0
2026-07-20,Yucatán,Parkinson,general,2
2026-07-20,Yucatán,Parkinson,hombres,4
2026-07-20,Yucatán,Parkinson,mujeres,0
2026-07-27,Yucatán,Parkinson,general,5
2026-07-27,Yucatán,Parkinson,hombres,3
2026-07-27,Yucatán,Parkinson,mujeres,0
2026-08-03,Yucatán,Parkinson,general,3
2026-08-03,Yucatán,Parkinson,hombres,4
2026-08-03,Yucatán,Parkinson,mujeres,1
2026-08-10,Yucatán,Parkinson,general,2
2026-08-10,Yucatán,Parkinson,hombres,4
2026-08-10,Yucatán,Parkinson,mujeres,0
2026-08-17,Yucatán,Parkinson,general,2
2026-08-17,Yucatán,Parkinson,hombres,5
2026-08-17,Yucatán,Parkinson,mujeres,0
2026-08-24,Yucatán,Parkinson,general,2
2026-08-24,Yucatán,Parkinson,hombres,4
2026-08-24,Yucatán,Parkinson,mujeres,0
2026-08-31,Yucatán,Parkinson,general,2
2026-08-31,Yucatán,Parkinson,hombres,3
2026-08-31,Yucatán,Parkinson,mujeres,0
2026-09-07,Yucatán,Parkinson,general,3
2026-09-07,Yucatán,Parkinson,hombres,3
2026-09-07,Yucatán,Parkinson,mujeres,0
2026-09-14,Yucatán,Parkinson,general,1
2026-09-14,Yucatán,Parkinson,hombres,4
2026-09-14,Yucatán,Parkinson,mujeres,0
2026-09-21,Yucatán,Parkinson,general,1
2026-09-21,Yucatán,Parkinson,hombres,5
2026-09-21,Yucatán,Parkinson,mujeres,0
2026-09-28,Yucatán,Parkinson,general,0
2026-09-28,Yucatán,Parkinson,hombres,6
2026-09-28,Yucatán,Parkinson,mujeres,0
2026-10-05,Yucatán,Parkinson,general,1
2026-10-05,Yucatán,Parkinson,hombres,4
2026-10-05,Yucatán,Parkinson,mujeres,0
2026-10-12,Yucatán,Parkinson,general,3
2026-10-12,Yucatán,Parkinson,hombres,4
2026-10-12,Yucatán,Parkinson,mujeres,0
2026-10-19,Yucatán,Parkinson,general,3
2026-10-19,Yucatán,Parkinson,hombres,3
2026-10-19,Yucatán,Parkinson,mujeres,0
2026-10-26,Yucatán,Parkinson,general,3
2026-10-26,Yucatán,Parkinson,hombres,3
2026-10-26,Yucatán,Parkinson,mujeres,0
2026-11-02,Yucatán,Parkinson,general,2
2026-11-02,Yucatán,Parkinson,hombres,3
2026-11-02,Yucatán,Parkinson,mujeres,0
2026-11-09,Yucatán,Parkinson,general,2
2026-11-09,Yucatán,Parkinson,hombres,4
2026-11-09,Yucatán,Parkinson,mujeres,0
2026-11-16,Yucatán,Parkinson,general,2
2026-11-16,Yucatán,Parkinson,hombres,4
2026-11-16,Yucatán,Parkinson,mujeres,0
2026-11-23,Yucatán,Parkinson,general,2
2026-11-23,Yucatán,Parkinson,hombres,3
2026-11-23,Yucatán,Parkinson,mujeres,1
2026-11-30,Yucatán,Parkinson,general,2
2026-11-30,Yucatán,Parkinson,hombres,2
2026-11-30,Yucatán,Parkinson,mujeres,2
2026-12-07,Yucatán,Parkinson,general,2
2026-12-07,Yucatán,Parkinson,hombres,2
2026-12-07,Yucatán,Parkinson,mujeres,1
2026-12-14,Yucatán,Parkinson,general,3
2026-12-14,Yucatán,Parkinson,hombres,4
2026-12-14,Yucatán,Parkinson,mujeres,0
2026-12-21,Yucatán,Parkinson,general,1
2026-12-21,Yucatán,Parkinson,hombres,2
2026-12-21,Yucatán,Parkinson,mujeres,0
2026-12-28,Yucatán,Parkinson,general,2
2026-12-28,Yucatán,Parkinson,hombres,3
2026-12-28,Yucatán,Parkinson,mujeres,0
2027-01-04,Yucatán,Parkinson,general,2
2027-01-04,Yucatán,Parkinson,hombres,2
2027-01-04,Yucatán,Parkinson,mujeres,0
2027-01-11,Yucatán,Parkinson,general,3
2027-01-11,Yucatán,Parkinson,hombres,4
2027-01-11,Yucatán,Parkinson,mujeres,1
2027-01-18,Yucatán,Parkinson,general,3
2027-01-18,Yucatán,Parkinson,hombres,4
2027-01-18,Yucatán,Parkinson,mujeres,2
2027-01-25,Yucatán,Parkinson,general,2
2027-01-25,Yucatán,Parkinson,hombres,3
2027-01-25,Yucatán,Parkinson,mujeres,0
2026-02-02,Zacatecas,Parkinson,general,0
2026-02-02,Zacatecas,Parkinson,hombres,0
2026-02-02,Zacatecas,Parkinson,mujeres,1
2026-02-09,Zacatecas,Parkinson,general,1
2026-02-09,Zacatecas,Parkinson,hombres,0
2026-02-09,Zacatecas,Parkinson,mujeres,1
2026-02-16,Zacatecas,Parkinson,general,1
2026-02-16,Zacatecas,Parkinson,hombres,0
2026-02-16,Zacatecas,Parkinson,mujeres,0
2026-02-23,Zacatecas,Parkinson,general,1
2026-02-23,Zacatecas,Parkinson,hombres,0
2026-02-23,Zacatecas,Parkinson,mujeres,0
2026-03-02,Zacatecas,Parkinson,general,1
2026-03-02,Zacatecas,Parkinson,hombres,0
2026-03-02,Zacatecas,Parkinson,mujeres,1
2026-03-09,Zacatecas,Parkinson,general,1
2026-03-09,Zacatecas,Parkinson,hombres,0
2026-03-09,Zacatecas,Parkinson,mujeres,1
2026-03-16,Zacatecas,Parkinson,general,1
2026-03-16,Zacatecas,Parkinson,hombres,0
2026-03-16,Zacatecas,Parkinson,mujeres,0
2026-03-23,Zacatecas,Parkinson,general,1
2026-03-23,Zacatecas,Parkinson,hombres,0
2026-03-23,Zacatecas,Parkinson,mujeres,0
2026-03-30,Zacatecas,Parkinson,general,1
2026-03-30,Zacatecas,Parkinson,hombres,0
2026-03-30,Zacatecas,Parkinson,mujeres,0
2026-04-06,Zacatecas,Parkinson,general,1
2026-04-06,Zacatecas,Parkinson,hombres,0
2026-04-06,Zacatecas,Parkinson,mujeres,0
2026-04-13,Zacatecas,Parkinson,general,1
2026-04-13,Zacatecas,Parkinson,hombres,1
2026-04-13,Zacatecas,Parkinson,mujeres,0
2026-04-20,Zacatecas,Parkinson,general,1
2026-04-20,Zacatecas,Parkinson,hombres,1
2026-04-20,Zacatecas,Parkinson,mujeres,0
2026-04-27,Zacatecas,Parkinson,general,1
2026-04-27,Zacatecas,Parkinson,hombres,1
2026-04-27,Zacatecas,Parkinson,mujeres,0
2026-05-04,Zacatecas,Parkinson,general,1
2026-05-04,Zacatecas,Parkinson,hombres,1
2026-05-04,Zacatecas,Parkinson,mujeres,0
2026-05-11,Zacatecas,Parkinson,general,1
2026-05-11,Zacatecas,Parkinson,hombres,0
2026-05-11,Zacatecas,Parkinson,mujeres,0
2026-05-18,Zacatecas,Parkinson,general,1
2026-05-18,Zacatecas,Parkinson,hombres,0
2026-05-18,Zacatecas,Parkinson,mujeres,0
2026-05-25,Zacatecas,Parkinson,general,1
2026-05-25,Zacatecas,Parkinson,hombres,0
2026-05-25,Zacatecas,Parkinson,mujeres,0
2026-06-01,Zacatecas,Parkinson,general,1
2026-06-01,Zacatecas,Parkinson,hombres,0
2026-06-01,Zacatecas,Parkinson,mujeres,0
2026-06-08,Zacatecas,Parkinson,general,1
2026-06-08,Zacatecas,Parkinson,hombres,0
2026-06-08,Zacatecas,Parkinson,mujeres,0
2026-06-15,Zacatecas,Parkinson,general,1
2026-06-15,Zacatecas,Parkinson,hombres,0
2026-06-15,Zacatecas,Parkinson,mujeres,0
2026-06-22,Zacatecas,Parkinson,general,0
2026-06-22,Zacatecas,Parkinson,hombres,0
2026-06-22,Zacatecas,Parkinson,mujeres,0
2026-06-29,Zacatecas,Parkinson,general,0
2026-06-29,Zacatecas,Parkinson,hombres,0
2026-06-29,Zacatecas,Parkinson,mujeres,0
2026-07-06,Zacatecas,Parkinson,general,0
2026-07-06,Zacatecas,Parkinson,hombres,0
2026-07-06,Zacatecas,Parkinson,mujeres,0
2026-07-13,Zacatecas,Parkinson,general,0
2026-07-13,Zacatecas,Parkinson,hombres,0
2026-07-13,Zacatecas,Parkinson,mujeres,0
2026-07-20,Zacatecas,Parkinson,general,1
2026-07-20,Zacatecas,Parkinson,hombres,0
2026-07-20,Zacatecas,Parkinson,mujeres,0
2026-07-27,Zacatecas,Parkinson,general,1
2026-07-27,Zacatecas,Parkinson,hombres,0
2026-07-27,Zacatecas,Parkinson,mujeres,0
2026-08-03,Zacatecas,Parkinson,general,1
2026-08-03,Zacatecas,Parkinson,hombres,0
2026-08-03,Zacatecas,Parkinson,mujeres,0
2026-08-10,Zacatecas,Parkinson,general,1
2026-08-10,Zacatecas,Parkinson,hombres,0
2026-08-10,Zacatecas,Parkinson,mujeres,0
2026-08-17,Zacatecas,Parkinson,general,1
2026-08-17,Zacatecas,Parkinson,hombres,0
2026-08-17,Zacatecas,Parkinson,mujeres,0
2026-08-24,Zacatecas,Parkinson,general,1
2026-08-24,Zacatecas,Parkinson,hombres,0
2026-08-24,Zacatecas,Parkinson,mujeres,0
2026-08-31,Zacatecas,Parkinson,general,1
2026-08-31,Zacatecas,Parkinson,hombres,0
2026-08-31,Zacatecas,Parkinson,mujeres,0
2026-09-07,Zacatecas,Parkinson,general,1
2026-09-07,Zacatecas,Parkinson,hombres,0
2026-09-07,Zacatecas,Parkinson,mujeres,0
2026-09-14,Zacatecas,Parkinson,general,1
2026-09-14,Zacatecas,Parkinson,hombres,0
2026-09-14,Zacatecas,Parkinson,mujeres,0
2026-09-21,Zacatecas,Parkinson,general,1
2026-09-21,Zacatecas,Parkinson,hombres,0
2026-09-21,Zacatecas,Parkinson,mujeres,0
2026-09-28,Zacatecas,Parkinson,general,1
2026-09-28,Zacatecas,Parkinson,hombres,0
2026-09-28,Zacatecas,Parkinson,mujeres,0
2026-10-05,Zacatecas,Parkinson,general,1
2026-10-05,Zacatecas,Parkinson,hombres,0
2026-10-05,Zacatecas,Parkinson,mujeres,0
2026-10-12,Zacatecas,Parkinson,general,1
2026-10-12,Zacatecas,Parkinson,hombres,0
2026-10-12,Zacatecas,Parkinson,mujeres,0
2026-10-19,Zacatecas,Parkinson,general,1
2026-10-19,Zacatecas,Parkinson,hombres,0
2026-10-19,Zacatecas,Parkinson,mujeres,0
2026-10-26,Zacatecas,Parkinson,general,1
2026-10-26,Zacatecas,Parkinson,hombres,0
2026-10-26,Zacatecas,Parkinson,mujeres,0
2026-11-02,Zacatecas,Parkinson,general,1
2026-11-02,Zacatecas,Parkinson,hombres,0
2026-11-02,Zacatecas,Parkinson,mujeres,0
2026-11-09,Zacatecas,Parkinson,general,1
2026-11-09,Zacatecas,Parkinson,hombres,0
2026-11-09,Zacatecas,Parkinson,mujeres,0
2026-11-16,Zacatecas,Parkinson,general,1
2026-11-16,Zacatecas,Parkinson,hombres,1
2026-11-16,Zacatecas,Parkinson,mujeres,0
2026-11-23,Zacatecas,Parkinson,general,1
2026-11-23,Zacatecas,Parkinson,hombres,1
2026-11-23,Zacatecas,Parkinson,mujeres,0
2026-11-30,Zacatecas,Parkinson,general,1
2026-11-30,Zacatecas,Parkinson,hombres,0
2026-11-30,Zacatecas,Parkinson,mujeres,0
2026-12-07,Zacatecas,Parkinson,general,1
2026-12-07,Zacatecas,Parkinson,hombres,0
2026-12-07,Zacatecas,Parkinson,mujeres,0
2026-12-14,Zacatecas,Parkinson,general,0
2026-12-14,Zacatecas,Parkinson,hombres,0
2026-12-14,Zacatecas,Parkinson,mujeres,0
2026-12-21,Zacatecas,Parkinson,general,0
2026-12-21,Zacatecas,Parkinson,hombres,0
2026-12-21,Zacatecas,Parkinson,mujeres,0
2026-12-28,Zacatecas,Parkinson,general,0
2026-12-28,Zacatecas,Parkinson,hombres,0
2026-12-28,Zacatecas,Parkinson,mujeres,0
2027-01-04,Zacatecas,Parkinson,general,0
2027-01-04,Zacatecas,Parkinson,hombres,0
2027-01-04,Zacatecas,Parkinson,mujeres,0
2027-01-11,Zacatecas,Parkinson,general,1
2027-01-11,Zacatecas,Parkinson,hombres,0
2027-01-11,Zacatecas,Parkinson,mujeres,0
2027-01-18,Zacatecas,Parkinson,general,1
2027-01-18,Zacatecas,Parkinson,hombres,0
2027-01-18,Zacatecas,Parkinson,mujeres,0
2027-01-25,Zacatecas,Parkinson,general,1
2027-01-25,Zacatecas,Parkinson,hombres,0
2027-01-25,Zacatecas,Parkinson,mujeres,0
